<?xml version="1.0" encoding="UTF-8"?>
<gpx xmlns="http://www.topografix.com/GPX/1/1" xmlns:xsi="http://www.w3.org/2001/XMLSchema-instance" xsi:schemaLocation="http://www.topografix.com/GPX/1/1 http://www.topografix.com/GPX/1/1/gpx.xsd" version="1.1" creator="hubandcircles-manager">
  <trk>
    <name>EuroVelo 11 - Itä-Euroopan reitti</name>
    <trkseg>
      <trkpt lat="69.401171" lon="26.010604">
      </trkpt>
      <trkpt lat="69.395614" lon="26.063218">
      </trkpt>
      <trkpt lat="69.390464" lon="26.154478">
      </trkpt>
      <trkpt lat="69.386301" lon="26.188552">
      </trkpt>
      <trkpt lat="69.383147" lon="26.248484">
      </trkpt>
      <trkpt lat="69.376431" lon="26.275778">
      </trkpt>
      <trkpt lat="69.36347" lon="26.40918">
      </trkpt>
      <trkpt lat="69.35508" lon="26.472051">
      </trkpt>
      <trkpt lat="69.352269" lon="26.481707">
      </trkpt>
      <trkpt lat="69.346862" lon="26.541746">
      </trkpt>
      <trkpt lat="69.333901" lon="26.574533">
      </trkpt>
      <trkpt lat="69.319139" lon="26.631653">
      </trkpt>
      <trkpt lat="69.310491" lon="26.657531">
      </trkpt>
      <trkpt lat="69.304161" lon="26.68577">
      </trkpt>
      <trkpt lat="69.292295" lon="26.722462">
      </trkpt>
      <trkpt lat="69.283004" lon="26.771386">
      </trkpt>
      <trkpt lat="69.261761" lon="26.815116">
      </trkpt>
      <trkpt lat="69.244745" lon="26.822004">
      </trkpt>
      <trkpt lat="69.223373" lon="26.851294">
      </trkpt>
      <trkpt lat="69.212258" lon="26.860414">
      </trkpt>
      <trkpt lat="69.202301" lon="26.908264">
      </trkpt>
      <trkpt lat="69.188697" lon="26.939785">
      </trkpt>
      <trkpt lat="69.183805" lon="26.977508">
      </trkpt>
      <trkpt lat="69.171875" lon="27.031538">
      </trkpt>
      <trkpt lat="69.159193" lon="27.059433">
      </trkpt>
      <trkpt lat="69.143872" lon="27.118399">
      </trkpt>
      <trkpt lat="69.136255" lon="27.1979">
      </trkpt>
      <trkpt lat="69.136577" lon="27.225087">
      </trkpt>
      <trkpt lat="69.129882" lon="27.233112">
      </trkpt>
      <trkpt lat="69.123573" lon="27.228777">
      </trkpt>
      <trkpt lat="69.120719" lon="27.235644">
      </trkpt>
      <trkpt lat="69.119539" lon="27.226653">
      </trkpt>
      <trkpt lat="69.120398" lon="27.220709">
      </trkpt>
      <trkpt lat="69.118896" lon="27.216203">
      </trkpt>
      <trkpt lat="69.111235" lon="27.210646">
      </trkpt>
      <trkpt lat="69.101064" lon="27.191827">
      </trkpt>
      <trkpt lat="69.088747" lon="27.18451">
      </trkpt>
      <trkpt lat="69.08407" lon="27.187257">
      </trkpt>
      <trkpt lat="69.079134" lon="27.178566">
      </trkpt>
      <trkpt lat="69.073985" lon="27.176013">
      </trkpt>
      <trkpt lat="69.062033" lon="27.142389">
      </trkpt>
      <trkpt lat="69.047806" lon="27.116811">
      </trkpt>
      <trkpt lat="69.046304" lon="27.107542">
      </trkpt>
      <trkpt lat="69.04566" lon="27.080612">
      </trkpt>
      <trkpt lat="69.036305" lon="27.051408">
      </trkpt>
      <trkpt lat="69.026692" lon="27.026839">
      </trkpt>
      <trkpt lat="69.018023" lon="27.019587">
      </trkpt>
      <trkpt lat="69.002895" lon="26.984653">
      </trkpt>
      <trkpt lat="68.998711" lon="26.984568">
      </trkpt>
      <trkpt lat="68.990021" lon="26.995811">
      </trkpt>
      <trkpt lat="68.975236" lon="26.991756">
      </trkpt>
      <trkpt lat="68.960495" lon="26.958261">
      </trkpt>
      <trkpt lat="68.954294" lon="26.949334">
      </trkpt>
      <trkpt lat="68.945174" lon="26.95575">
      </trkpt>
      <trkpt lat="68.933866" lon="26.946952">
      </trkpt>
      <trkpt lat="68.919511" lon="26.970663">
      </trkpt>
      <trkpt lat="68.910434" lon="27.012355">
      </trkpt>
      <trkpt lat="68.907001" lon="27.015888">
      </trkpt>
      <trkpt lat="68.906089" lon="27.028277">
      </trkpt>
      <trkpt lat="68.902164" lon="27.036389">
      </trkpt>
      <trkpt lat="68.900625" lon="27.04682">
      </trkpt>
      <trkpt lat="68.900703" lon="27.07529">
      </trkpt>
      <trkpt lat="68.896164" lon="27.094545">
      </trkpt>
      <trkpt lat="68.889231" lon="27.101599">
      </trkpt>
      <trkpt lat="68.882852" lon="27.114745">
      </trkpt>
      <trkpt lat="68.871692" lon="27.158932">
      </trkpt>
      <trkpt lat="68.864163" lon="27.175935">
      </trkpt>
      <trkpt lat="68.860152" lon="27.198172">
      </trkpt>
      <trkpt lat="68.842921" lon="27.241184">
      </trkpt>
      <trkpt lat="68.836378" lon="27.271727">
      </trkpt>
      <trkpt lat="68.828082" lon="27.282366">
      </trkpt>
      <trkpt lat="68.816642" lon="27.312428">
      </trkpt>
      <trkpt lat="68.815482" lon="27.320566">
      </trkpt>
      <trkpt lat="68.817173" lon="27.330056">
      </trkpt>
      <trkpt lat="68.815662" lon="27.340071">
      </trkpt>
      <trkpt lat="68.79671" lon="27.384198">
      </trkpt>
      <trkpt lat="68.783644" lon="27.393667">
      </trkpt>
      <trkpt lat="68.782792" lon="27.407635">
      </trkpt>
      <trkpt lat="68.780289" lon="27.417815">
      </trkpt>
      <trkpt lat="68.774526" lon="27.425934">
      </trkpt>
      <trkpt lat="68.767562" lon="27.450226">
      </trkpt>
      <trkpt lat="68.762548" lon="27.458796">
      </trkpt>
      <trkpt lat="68.748544" lon="27.457073">
      </trkpt>
      <trkpt lat="68.740478" lon="27.444846">
      </trkpt>
      <trkpt lat="68.733468" lon="27.445343">
      </trkpt>
      <trkpt lat="68.725301" lon="27.438266">
      </trkpt>
      <trkpt lat="68.721435" lon="27.43903">
      </trkpt>
      <trkpt lat="68.713031" lon="27.453865">
      </trkpt>
      <trkpt lat="68.697244" lon="27.458883">
      </trkpt>
      <trkpt lat="68.677334" lon="27.4996">
      </trkpt>
      <trkpt lat="68.664901" lon="27.535394">
      </trkpt>
      <trkpt lat="68.650542" lon="27.543663">
      </trkpt>
      <trkpt lat="68.629821" lon="27.54468">
      </trkpt>
      <trkpt lat="68.618887" lon="27.53737">
      </trkpt>
      <trkpt lat="68.613371" lon="27.524385">
      </trkpt>
      <trkpt lat="68.610082" lon="27.510685">
      </trkpt>
      <trkpt lat="68.608365" lon="27.493141">
      </trkpt>
      <trkpt lat="68.604692" lon="27.482695">
      </trkpt>
      <trkpt lat="68.596378" lon="27.47774">
      </trkpt>
      <trkpt lat="68.588283" lon="27.467625">
      </trkpt>
      <trkpt lat="68.58125" lon="27.472134">
      </trkpt>
      <trkpt lat="68.571667" lon="27.488366">
      </trkpt>
      <trkpt lat="68.561768" lon="27.499136">
      </trkpt>
      <trkpt lat="68.549022" lon="27.523714">
      </trkpt>
      <trkpt lat="68.530378" lon="27.52784">
      </trkpt>
      <trkpt lat="68.517751" lon="27.525979">
      </trkpt>
      <trkpt lat="68.510063" lon="27.514527">
      </trkpt>
      <trkpt lat="68.505182" lon="27.492934">
      </trkpt>
      <trkpt lat="68.492911" lon="27.45904">
      </trkpt>
      <trkpt lat="68.482771" lon="27.449407">
      </trkpt>
      <trkpt lat="68.474391" lon="27.432403">
      </trkpt>
      <trkpt lat="68.467645" lon="27.42897">
      </trkpt>
      <trkpt lat="68.459748" lon="27.433155">
      </trkpt>
      <trkpt lat="68.453489" lon="27.422094">
      </trkpt>
      <trkpt lat="68.445986" lon="27.425124">
      </trkpt>
      <trkpt lat="68.435134" lon="27.405083">
      </trkpt>
      <trkpt lat="68.4131" lon="27.40996">
      </trkpt>
      <trkpt lat="68.40066" lon="27.3996">
      </trkpt>
      <trkpt lat="68.39472" lon="27.3982">
      </trkpt>
      <trkpt lat="68.39241" lon="27.4014">
      </trkpt>
      <trkpt lat="68.38413" lon="27.37974">
      </trkpt>
      <trkpt lat="68.35997" lon="27.33969">
      </trkpt>
      <trkpt lat="68.34841" lon="27.33274">
      </trkpt>
      <trkpt lat="68.34304" lon="27.33643">
      </trkpt>
      <trkpt lat="68.33697" lon="27.33516">
      </trkpt>
      <trkpt lat="68.31999" lon="27.32114">
      </trkpt>
      <trkpt lat="68.30322" lon="27.2967">
      </trkpt>
      <trkpt lat="68.26849" lon="27.27907">
      </trkpt>
      <trkpt lat="68.24102" lon="27.22932">
      </trkpt>
      <trkpt lat="68.22667" lon="27.18819">
      </trkpt>
      <trkpt lat="68.21978" lon="27.17581">
      </trkpt>
      <trkpt lat="68.2095" lon="27.11528">
      </trkpt>
      <trkpt lat="68.204" lon="27.10296">
      </trkpt>
      <trkpt lat="68.18746" lon="27.09111">
      </trkpt>
      <trkpt lat="68.18379" lon="27.0923">
      </trkpt>
      <trkpt lat="68.18102" lon="27.09913">
      </trkpt>
      <trkpt lat="68.17904" lon="27.0936">
      </trkpt>
      <trkpt lat="68.17723" lon="27.09395">
      </trkpt>
      <trkpt lat="68.16877" lon="27.1017">
      </trkpt>
      <trkpt lat="68.1447" lon="27.09578">
      </trkpt>
      <trkpt lat="68.12774" lon="27.10443">
      </trkpt>
      <trkpt lat="68.10607" lon="27.12674">
      </trkpt>
      <trkpt lat="68.09413" lon="27.11846">
      </trkpt>
      <trkpt lat="68.07479" lon="27.09077">
      </trkpt>
      <trkpt lat="68.04693" lon="27.07137">
      </trkpt>
      <trkpt lat="68.03341" lon="27.03077">
      </trkpt>
      <trkpt lat="68.02156" lon="26.95397">
      </trkpt>
      <trkpt lat="68.00109" lon="26.89581">
      </trkpt>
      <trkpt lat="67.99153" lon="26.88439">
      </trkpt>
      <trkpt lat="67.98323" lon="26.86819">
      </trkpt>
      <trkpt lat="67.9747" lon="26.84468">
      </trkpt>
      <trkpt lat="67.96885" lon="26.8158">
      </trkpt>
      <trkpt lat="67.95356" lon="26.77789">
      </trkpt>
      <trkpt lat="67.94371" lon="26.77003">
      </trkpt>
      <trkpt lat="67.93334" lon="26.76784">
      </trkpt>
      <trkpt lat="67.92393" lon="26.75174">
      </trkpt>
      <trkpt lat="67.91486" lon="26.7484">
      </trkpt>
      <trkpt lat="67.90811" lon="26.75261">
      </trkpt>
      <trkpt lat="67.89827" lon="26.75248">
      </trkpt>
      <trkpt lat="67.88441" lon="26.74495">
      </trkpt>
      <trkpt lat="67.87144" lon="26.73246">
      </trkpt>
      <trkpt lat="67.85637" lon="26.729">
      </trkpt>
      <trkpt lat="67.84577" lon="26.73128">
      </trkpt>
      <trkpt lat="67.84112" lon="26.72201">
      </trkpt>
      <trkpt lat="67.837326" lon="26.719679">
      </trkpt>
      <trkpt lat="67.826803" lon="26.751432">
      </trkpt>
      <trkpt lat="67.810565" lon="26.774324">
      </trkpt>
      <trkpt lat="67.8027" lon="26.780913">
      </trkpt>
      <trkpt lat="67.764758" lon="26.760338">
      </trkpt>
      <trkpt lat="67.752474" lon="26.763986">
      </trkpt>
      <trkpt lat="67.71964" lon="26.750379">
      </trkpt>
      <trkpt lat="67.706099" lon="26.754466">
      </trkpt>
      <trkpt lat="67.694457" lon="26.751077">
      </trkpt>
      <trkpt lat="67.657231" lon="26.719521">
      </trkpt>
      <trkpt lat="67.64974" lon="26.72206">
      </trkpt>
      <trkpt lat="67.621989" lon="26.745054">
      </trkpt>
      <trkpt lat="67.598683" lon="26.739711">
      </trkpt>
      <trkpt lat="67.567754" lon="26.739405">
      </trkpt>
      <trkpt lat="67.539938" lon="26.686385">
      </trkpt>
      <trkpt lat="67.531761" lon="26.678398">
      </trkpt>
      <trkpt lat="67.524036" lon="26.650105">
      </trkpt>
      <trkpt lat="67.515876" lon="26.634481">
      </trkpt>
      <trkpt lat="67.512051" lon="26.617242">
      </trkpt>
      <trkpt lat="67.502864" lon="26.626933">
      </trkpt>
      <trkpt lat="67.495452" lon="26.627091">
      </trkpt>
      <trkpt lat="67.487047" lon="26.620697">
      </trkpt>
      <trkpt lat="67.481441" lon="26.604608">
      </trkpt>
      <trkpt lat="67.473319" lon="26.60098">
      </trkpt>
      <trkpt lat="67.448846" lon="26.577907">
      </trkpt>
      <trkpt lat="67.436444" lon="26.572185">
      </trkpt>
      <trkpt lat="67.416065" lon="26.593166">
      </trkpt>
      <trkpt lat="67.415784" lon="26.599842">
      </trkpt>
      <trkpt lat="67.415199" lon="26.593102">
      </trkpt>
      <trkpt lat="67.407341" lon="26.570735">
      </trkpt>
      <trkpt lat="67.397814" lon="26.566986">
      </trkpt>
      <trkpt lat="67.384491" lon="26.597239">
      </trkpt>
      <trkpt lat="67.374406" lon="26.604235">
      </trkpt>
      <trkpt lat="67.348522" lon="26.631268">
      </trkpt>
      <trkpt lat="67.336432" lon="26.656358">
      </trkpt>
      <trkpt lat="67.326329" lon="26.665489">
      </trkpt>
      <trkpt lat="67.318653" lon="26.677403">
      </trkpt>
      <trkpt lat="67.299978" lon="26.684302">
      </trkpt>
      <trkpt lat="67.289004" lon="26.693734">
      </trkpt>
      <trkpt lat="67.276798" lon="26.686363">
      </trkpt>
      <trkpt lat="67.266111" lon="26.680663">
      </trkpt>
      <trkpt lat="67.249181" lon="26.678603">
      </trkpt>
      <trkpt lat="67.23738" lon="26.66708">
      </trkpt>
      <trkpt lat="67.209206" lon="26.629465">
      </trkpt>
      <trkpt lat="67.20309" lon="26.634207">
      </trkpt>
      <trkpt lat="67.202425" lon="26.642683">
      </trkpt>
      <trkpt lat="67.194636" lon="26.652145">
      </trkpt>
      <trkpt lat="67.193434" lon="26.641073">
      </trkpt>
      <trkpt lat="67.151163" lon="26.64736">
      </trkpt>
      <trkpt lat="67.113612" lon="26.645365">
      </trkpt>
      <trkpt lat="67.093055" lon="26.624787">
      </trkpt>
      <trkpt lat="67.087261" lon="26.609209">
      </trkpt>
      <trkpt lat="67.083464" lon="26.578159">
      </trkpt>
      <trkpt lat="67.058443" lon="26.50883">
      </trkpt>
      <trkpt lat="67.052994" lon="26.488359">
      </trkpt>
      <trkpt lat="67.026708" lon="26.429694">
      </trkpt>
      <trkpt lat="67.019284" lon="26.394675">
      </trkpt>
      <trkpt lat="67.009519" lon="26.379204">
      </trkpt>
      <trkpt lat="66.999371" lon="26.370428">
      </trkpt>
      <trkpt lat="66.967935" lon="26.297064">
      </trkpt>
      <trkpt lat="66.957764" lon="26.294703">
      </trkpt>
      <trkpt lat="66.950661" lon="26.299467">
      </trkpt>
      <trkpt lat="66.939696" lon="26.282022">
      </trkpt>
      <trkpt lat="66.929569" lon="26.253269">
      </trkpt>
      <trkpt lat="66.927102" lon="26.217263">
      </trkpt>
      <trkpt lat="66.922853" lon="26.204367">
      </trkpt>
      <trkpt lat="66.896353" lon="26.200547">
      </trkpt>
      <trkpt lat="66.881997" lon="26.180377">
      </trkpt>
      <trkpt lat="66.866654" lon="26.188724">
      </trkpt>
      <trkpt lat="66.842644" lon="26.192286">
      </trkpt>
      <trkpt lat="66.82539" lon="26.210847">
      </trkpt>
      <trkpt lat="66.796296" lon="26.221597">
      </trkpt>
      <trkpt lat="66.784408" lon="26.23518">
      </trkpt>
      <trkpt lat="66.760676" lon="26.237197">
      </trkpt>
      <trkpt lat="66.754174" lon="26.240673">
      </trkpt>
      <trkpt lat="66.744946" lon="26.26065">
      </trkpt>
      <trkpt lat="66.732759" lon="26.277151">
      </trkpt>
      <trkpt lat="66.726344" lon="26.280992">
      </trkpt>
      <trkpt lat="66.718833" lon="26.276679">
      </trkpt>
      <trkpt lat="66.707783" lon="26.259534">
      </trkpt>
      <trkpt lat="66.699586" lon="26.252797">
      </trkpt>
      <trkpt lat="66.692805" lon="26.234901">
      </trkpt>
      <trkpt lat="66.671476" lon="26.200247">
      </trkpt>
      <trkpt lat="66.650298" lon="26.194668">
      </trkpt>
      <trkpt lat="66.636543" lon="26.203895">
      </trkpt>
      <trkpt lat="66.624227" lon="26.204925">
      </trkpt>
      <trkpt lat="66.622252" lon="26.199775">
      </trkpt>
      <trkpt lat="66.614699" lon="26.155078">
      </trkpt>
      <trkpt lat="66.60661" lon="26.09107">
      </trkpt>
      <trkpt lat="66.587641" lon="26.041932">
      </trkpt>
      <trkpt lat="66.570475" lon="25.987">
      </trkpt>
      <trkpt lat="66.566248" lon="25.945973">
      </trkpt>
      <trkpt lat="66.56245" lon="25.93091">
      </trkpt>
      <trkpt lat="66.560475" lon="25.910525">
      </trkpt>
      <trkpt lat="66.553202" lon="25.897822">
      </trkpt>
      <trkpt lat="66.550562" lon="25.88836">
      </trkpt>
      <trkpt lat="66.548417" lon="25.873983">
      </trkpt>
      <trkpt lat="66.551764" lon="25.869069">
      </trkpt>
      <trkpt lat="66.555412" lon="25.855122">
      </trkpt>
      <trkpt lat="66.550518" lon="25.843019">
      </trkpt>
      <trkpt lat="66.549361" lon="25.829909">
      </trkpt>
      <trkpt lat="66.543417" lon="25.818086">
      </trkpt>
      <trkpt lat="66.536314" lon="25.821798">
      </trkpt>
      <trkpt lat="66.530176" lon="25.805039">
      </trkpt>
      <trkpt lat="66.529255" lon="25.807679">
      </trkpt>
      <trkpt lat="66.526959" lon="25.803173">
      </trkpt>
      <trkpt lat="66.526765" lon="25.792358">
      </trkpt>
      <trkpt lat="66.524749" lon="25.784719">
      </trkpt>
      <trkpt lat="66.518912" lon="25.779612">
      </trkpt>
      <trkpt lat="66.514512" lon="25.785642">
      </trkpt>
      <trkpt lat="66.511273" lon="25.780964">
      </trkpt>
      <trkpt lat="66.505244" lon="25.74955">
      </trkpt>
      <trkpt lat="66.496317" lon="25.74086">
      </trkpt>
      <trkpt lat="66.49312" lon="25.75043">
      </trkpt>
      <trkpt lat="66.490803" lon="25.751953">
      </trkpt>
      <trkpt lat="66.490629" lon="25.755966">
      </trkpt>
      <trkpt lat="66.481791" lon="25.745173">
      </trkpt>
      <trkpt lat="66.473873" lon="25.745344">
      </trkpt>
      <trkpt lat="66.476791" lon="25.705497">
      </trkpt>
      <trkpt lat="66.475094" lon="25.693352">
      </trkpt>
      <trkpt lat="66.46677" lon="25.678182">
      </trkpt>
      <trkpt lat="66.449839" lon="25.658033">
      </trkpt>
      <trkpt lat="66.434518" lon="25.627863">
      </trkpt>
      <trkpt lat="66.432781" lon="25.620718">
      </trkpt>
      <trkpt lat="66.431687" lon="25.593381">
      </trkpt>
      <trkpt lat="66.42143" lon="25.583897">
      </trkpt>
      <trkpt lat="66.417953" lon="25.576086">
      </trkpt>
      <trkpt lat="66.41643" lon="25.562375">
      </trkpt>
      <trkpt lat="66.419585" lon="25.536883">
      </trkpt>
      <trkpt lat="66.430142" lon="25.54553">
      </trkpt>
      <trkpt lat="66.434605" lon="25.542634">
      </trkpt>
      <trkpt lat="66.435658" lon="25.540625">
      </trkpt>
      <trkpt lat="66.436501" lon="25.539153">
      </trkpt>
      <trkpt lat="66.438289" lon="25.53563">
      </trkpt>
      <trkpt lat="66.437695" lon="25.533235">
      </trkpt>
      <trkpt lat="66.43394" lon="25.525146">
      </trkpt>
      <trkpt lat="66.431279" lon="25.489461">
      </trkpt>
      <trkpt lat="66.432395" lon="25.457039">
      </trkpt>
      <trkpt lat="66.43085" lon="25.43453">
      </trkpt>
      <trkpt lat="66.428854" lon="25.427127">
      </trkpt>
      <trkpt lat="66.410185" lon="25.40273">
      </trkpt>
      <trkpt lat="66.407675" lon="25.405176">
      </trkpt>
      <trkpt lat="66.393321" lon="25.401099">
      </trkpt>
      <trkpt lat="66.390574" lon="25.388675">
      </trkpt>
      <trkpt lat="66.393063" lon="25.380907">
      </trkpt>
      <trkpt lat="66.391947" lon="25.379555">
      </trkpt>
      <trkpt lat="66.383729" lon="25.377452">
      </trkpt>
      <trkpt lat="66.382205" lon="25.372539">
      </trkpt>
      <trkpt lat="66.377442" lon="25.37462">
      </trkpt>
      <trkpt lat="66.368773" lon="25.37138">
      </trkpt>
      <trkpt lat="66.367636" lon="25.375607">
      </trkpt>
      <trkpt lat="66.343818" lon="25.341489">
      </trkpt>
      <trkpt lat="66.314871" lon="25.36196">
      </trkpt>
      <trkpt lat="66.290903" lon="25.349536">
      </trkpt>
      <trkpt lat="66.274316" lon="25.32958">
      </trkpt>
      <trkpt lat="66.267707" lon="25.332456">
      </trkpt>
      <trkpt lat="66.259316" lon="25.342991">
      </trkpt>
      <trkpt lat="66.24404" lon="25.346382">
      </trkpt>
      <trkpt lat="66.223247" lon="25.322521">
      </trkpt>
      <trkpt lat="66.212175" lon="25.302458">
      </trkpt>
      <trkpt lat="66.183743" lon="25.272996">
      </trkpt>
      <trkpt lat="66.176062" lon="25.256281">
      </trkpt>
      <trkpt lat="66.174216" lon="25.243793">
      </trkpt>
      <trkpt lat="66.173829" lon="25.211585">
      </trkpt>
      <trkpt lat="66.166878" lon="25.156889">
      </trkpt>
      <trkpt lat="66.16544" lon="25.130818">
      </trkpt>
      <trkpt lat="66.162071" lon="25.106013">
      </trkpt>
      <trkpt lat="66.157005" lon="25.082817">
      </trkpt>
      <trkpt lat="66.156063" lon="25.053871">
      </trkpt>
      <trkpt lat="66.152457" lon="25.027263">
      </trkpt>
      <trkpt lat="66.152716" lon="24.998424">
      </trkpt>
      <trkpt lat="66.150977" lon="24.982052">
      </trkpt>
      <trkpt lat="66.13645" lon="24.929695">
      </trkpt>
      <trkpt lat="66.124691" lon="24.859185">
      </trkpt>
      <trkpt lat="66.096239" lon="24.783912">
      </trkpt>
      <trkpt lat="66.085122" lon="24.769235">
      </trkpt>
      <trkpt lat="66.083" lon="24.78183">
      </trkpt>
      <trkpt lat="66.073814" lon="24.774857">
      </trkpt>
      <trkpt lat="66.058259" lon="24.780543">
      </trkpt>
      <trkpt lat="66.045299" lon="24.773891">
      </trkpt>
      <trkpt lat="66.02135" lon="24.719903">
      </trkpt>
      <trkpt lat="66.015623" lon="24.715655">
      </trkpt>
      <trkpt lat="66.01721" lon="24.709754">
      </trkpt>
      <trkpt lat="66.009185" lon="24.706085">
      </trkpt>
      <trkpt lat="65.995946" lon="24.69291">
      </trkpt>
      <trkpt lat="65.982535" lon="24.67452">
      </trkpt>
      <trkpt lat="65.971828" lon="24.669006">
      </trkpt>
      <trkpt lat="65.946484" lon="24.646475">
      </trkpt>
      <trkpt lat="65.903504" lon="24.575987">
      </trkpt>
      <trkpt lat="65.886146" lon="24.564378">
      </trkpt>
      <trkpt lat="65.874601" lon="24.547749">
      </trkpt>
      <trkpt lat="65.857479" lon="24.537964">
      </trkpt>
      <trkpt lat="65.845096" lon="24.51936">
      </trkpt>
      <trkpt lat="65.845399" lon="24.516656">
      </trkpt>
      <trkpt lat="65.838897" lon="24.511335">
      </trkpt>
      <trkpt lat="65.827287" lon="24.524231">
      </trkpt>
      <trkpt lat="65.82128" lon="24.526806">
      </trkpt>
      <trkpt lat="65.818191" lon="24.536762">
      </trkpt>
      <trkpt lat="65.812397" lon="24.538844">
      </trkpt>
      <trkpt lat="65.812056" lon="24.539406">
      </trkpt>
      <trkpt lat="65.811708" lon="24.53992">
      </trkpt>
      <trkpt lat="65.811445" lon="24.540712">
      </trkpt>
      <trkpt lat="65.81016" lon="24.546267">
      </trkpt>
      <trkpt lat="65.8101" lon="24.54624">
      </trkpt>
      <trkpt lat="65.80978" lon="24.54611">
      </trkpt>
      <trkpt lat="65.80889" lon="24.54614">
      </trkpt>
      <trkpt lat="65.807379" lon="24.5459">
      </trkpt>
      <trkpt lat="65.80717" lon="24.54591">
      </trkpt>
      <trkpt lat="65.8054" lon="24.54561">
      </trkpt>
      <trkpt lat="65.80499" lon="24.54524">
      </trkpt>
      <trkpt lat="65.80467" lon="24.54523">
      </trkpt>
      <trkpt lat="65.80391" lon="24.54532">
      </trkpt>
      <trkpt lat="65.80306" lon="24.54522">
      </trkpt>
      <trkpt lat="65.80213" lon="24.54498">
      </trkpt>
      <trkpt lat="65.80162" lon="24.5449">
      </trkpt>
      <trkpt lat="65.801328" lon="24.54466">
      </trkpt>
      <trkpt lat="65.801" lon="24.54458">
      </trkpt>
      <trkpt lat="65.80024" lon="24.54474">
      </trkpt>
      <trkpt lat="65.79915" lon="24.54465">
      </trkpt>
      <trkpt lat="65.79866" lon="24.54456">
      </trkpt>
      <trkpt lat="65.79812" lon="24.54425">
      </trkpt>
      <trkpt lat="65.79773" lon="24.54419">
      </trkpt>
      <trkpt lat="65.79629" lon="24.54414">
      </trkpt>
      <trkpt lat="65.79528" lon="24.54357">
      </trkpt>
      <trkpt lat="65.794799" lon="24.5432">
      </trkpt>
      <trkpt lat="65.79441" lon="24.54285">
      </trkpt>
      <trkpt lat="65.7936" lon="24.54178">
      </trkpt>
      <trkpt lat="65.79357" lon="24.54168">
      </trkpt>
      <trkpt lat="65.79339" lon="24.54157">
      </trkpt>
      <trkpt lat="65.79321" lon="24.54434">
      </trkpt>
      <trkpt lat="65.79311" lon="24.54475">
      </trkpt>
      <trkpt lat="65.79293" lon="24.54525">
      </trkpt>
      <trkpt lat="65.79127" lon="24.54797">
      </trkpt>
      <trkpt lat="65.79082" lon="24.54911">
      </trkpt>
      <trkpt lat="65.79058" lon="24.54999">
      </trkpt>
      <trkpt lat="65.790409" lon="24.55074">
      </trkpt>
      <trkpt lat="65.79011" lon="24.5529">
      </trkpt>
      <trkpt lat="65.78964" lon="24.55769">
      </trkpt>
      <trkpt lat="65.78957" lon="24.55787">
      </trkpt>
      <trkpt lat="65.78948" lon="24.55796">
      </trkpt>
      <trkpt lat="65.78917" lon="24.55801">
      </trkpt>
      <trkpt lat="65.78895" lon="24.55792">
      </trkpt>
      <trkpt lat="65.7889" lon="24.55798">
      </trkpt>
      <trkpt lat="65.78861" lon="24.55972">
      </trkpt>
      <trkpt lat="65.788" lon="24.56083">
      </trkpt>
      <trkpt lat="65.7877" lon="24.56128">
      </trkpt>
      <trkpt lat="65.78729" lon="24.56137">
      </trkpt>
      <trkpt lat="65.78704" lon="24.56135">
      </trkpt>
      <trkpt lat="65.78677" lon="24.56124">
      </trkpt>
      <trkpt lat="65.786108" lon="24.56083">
      </trkpt>
      <trkpt lat="65.78546" lon="24.56041">
      </trkpt>
      <trkpt lat="65.784988" lon="24.56003">
      </trkpt>
      <trkpt lat="65.784" lon="24.55976">
      </trkpt>
      <trkpt lat="65.783339" lon="24.5597">
      </trkpt>
      <trkpt lat="65.78322" lon="24.55975">
      </trkpt>
      <trkpt lat="65.78185" lon="24.55988">
      </trkpt>
      <trkpt lat="65.78049" lon="24.5601">
      </trkpt>
      <trkpt lat="65.77736" lon="24.56045">
      </trkpt>
      <trkpt lat="65.7757" lon="24.5615">
      </trkpt>
      <trkpt lat="65.77527" lon="24.56163">
      </trkpt>
      <trkpt lat="65.77466" lon="24.56215">
      </trkpt>
      <trkpt lat="65.77454" lon="24.56219">
      </trkpt>
      <trkpt lat="65.77387" lon="24.56201">
      </trkpt>
      <trkpt lat="65.773759" lon="24.5619">
      </trkpt>
      <trkpt lat="65.77343" lon="24.5613">
      </trkpt>
      <trkpt lat="65.7733" lon="24.56118">
      </trkpt>
      <trkpt lat="65.77305" lon="24.56109">
      </trkpt>
      <trkpt lat="65.77178" lon="24.56127">
      </trkpt>
      <trkpt lat="65.769459" lon="24.5615">
      </trkpt>
      <trkpt lat="65.76902" lon="24.56166">
      </trkpt>
      <trkpt lat="65.76724" lon="24.56181">
      </trkpt>
      <trkpt lat="65.76336" lon="24.56225">
      </trkpt>
      <trkpt lat="65.76311" lon="24.56232">
      </trkpt>
      <trkpt lat="65.761579" lon="24.56238">
      </trkpt>
      <trkpt lat="65.76133" lon="24.56244">
      </trkpt>
      <trkpt lat="65.76038" lon="24.56238">
      </trkpt>
      <trkpt lat="65.76013" lon="24.56248">
      </trkpt>
      <trkpt lat="65.7595" lon="24.56293">
      </trkpt>
      <trkpt lat="65.75931" lon="24.56286">
      </trkpt>
      <trkpt lat="65.75824" lon="24.56179">
      </trkpt>
      <trkpt lat="65.75799" lon="24.56173">
      </trkpt>
      <trkpt lat="65.75792" lon="24.5616">
      </trkpt>
      <trkpt lat="65.75767" lon="24.56168">
      </trkpt>
      <trkpt lat="65.7573" lon="24.56231">
      </trkpt>
      <trkpt lat="65.75659" lon="24.56261">
      </trkpt>
      <trkpt lat="65.7564" lon="24.5628">
      </trkpt>
      <trkpt lat="65.756159" lon="24.56323">
      </trkpt>
      <trkpt lat="65.75593" lon="24.56379">
      </trkpt>
      <trkpt lat="65.75548" lon="24.56547">
      </trkpt>
      <trkpt lat="65.75516" lon="24.56612">
      </trkpt>
      <trkpt lat="65.75484" lon="24.56653">
      </trkpt>
      <trkpt lat="65.754" lon="24.56695">
      </trkpt>
      <trkpt lat="65.7534" lon="24.56717">
      </trkpt>
      <trkpt lat="65.75317" lon="24.56721">
      </trkpt>
      <trkpt lat="65.75302" lon="24.56734">
      </trkpt>
      <trkpt lat="65.75111" lon="24.56812">
      </trkpt>
      <trkpt lat="65.750299" lon="24.56851">
      </trkpt>
      <trkpt lat="65.74947" lon="24.56863">
      </trkpt>
      <trkpt lat="65.74901" lon="24.56892">
      </trkpt>
      <trkpt lat="65.74841" lon="24.56916">
      </trkpt>
      <trkpt lat="65.745948" lon="24.56925">
      </trkpt>
      <trkpt lat="65.74572" lon="24.56922">
      </trkpt>
      <trkpt lat="65.7455" lon="24.56913">
      </trkpt>
      <trkpt lat="65.745059" lon="24.56885">
      </trkpt>
      <trkpt lat="65.7448" lon="24.56861">
      </trkpt>
      <trkpt lat="65.74395" lon="24.56759">
      </trkpt>
      <trkpt lat="65.74312" lon="24.56636">
      </trkpt>
      <trkpt lat="65.74298" lon="24.56589">
      </trkpt>
      <trkpt lat="65.74259" lon="24.56575">
      </trkpt>
      <trkpt lat="65.742149" lon="24.56531">
      </trkpt>
      <trkpt lat="65.74065" lon="24.56478">
      </trkpt>
      <trkpt lat="65.74056" lon="24.56461">
      </trkpt>
      <trkpt lat="65.74025" lon="24.56466">
      </trkpt>
      <trkpt lat="65.739768" lon="24.56483">
      </trkpt>
      <trkpt lat="65.73954" lon="24.56497">
      </trkpt>
      <trkpt lat="65.73898" lon="24.5656">
      </trkpt>
      <trkpt lat="65.73864" lon="24.56618">
      </trkpt>
      <trkpt lat="65.73855" lon="24.56621">
      </trkpt>
      <trkpt lat="65.73844" lon="24.56646">
      </trkpt>
      <trkpt lat="65.738429" lon="24.56672">
      </trkpt>
      <trkpt lat="65.73814" lon="24.56737">
      </trkpt>
      <trkpt lat="65.73756" lon="24.56845">
      </trkpt>
      <trkpt lat="65.73752" lon="24.56862">
      </trkpt>
      <trkpt lat="65.73622" lon="24.5715">
      </trkpt>
      <trkpt lat="65.73612" lon="24.57163">
      </trkpt>
      <trkpt lat="65.73524" lon="24.57367">
      </trkpt>
      <trkpt lat="65.734939" lon="24.57422">
      </trkpt>
      <trkpt lat="65.73299" lon="24.57659">
      </trkpt>
      <trkpt lat="65.73283" lon="24.57662">
      </trkpt>
      <trkpt lat="65.73254" lon="24.57657">
      </trkpt>
      <trkpt lat="65.732338" lon="24.57624">
      </trkpt>
      <trkpt lat="65.73228" lon="24.57602">
      </trkpt>
      <trkpt lat="65.73204" lon="24.57637">
      </trkpt>
      <trkpt lat="65.73157" lon="24.57748">
      </trkpt>
      <trkpt lat="65.73123" lon="24.57561">
      </trkpt>
      <trkpt lat="65.73124" lon="24.57527">
      </trkpt>
      <trkpt lat="65.73108" lon="24.57429">
      </trkpt>
      <trkpt lat="65.73102" lon="24.57415">
      </trkpt>
      <trkpt lat="65.73093" lon="24.57411">
      </trkpt>
      <trkpt lat="65.73052" lon="24.57417">
      </trkpt>
      <trkpt lat="65.722198" lon="24.593954">
      </trkpt>
      <trkpt lat="65.723513" lon="24.60055">
      </trkpt>
      <trkpt lat="65.715361" lon="24.632444">
      </trkpt>
      <trkpt lat="65.695306" lon="24.684633">
      </trkpt>
      <trkpt lat="65.69358" lon="24.687596">
      </trkpt>
      <trkpt lat="65.691872" lon="24.685509">
      </trkpt>
      <trkpt lat="65.68594" lon="24.714796">
      </trkpt>
      <trkpt lat="65.679111" lon="24.734202">
      </trkpt>
      <trkpt lat="65.676471" lon="24.760122">
      </trkpt>
      <trkpt lat="65.677809" lon="24.760853">
      </trkpt>
      <trkpt lat="65.67824" lon="24.810086">
      </trkpt>
      <trkpt lat="65.676863" lon="24.81475">
      </trkpt>
      <trkpt lat="65.675758" lon="24.838729">
      </trkpt>
      <trkpt lat="65.678999" lon="24.854932">
      </trkpt>
      <trkpt lat="65.674797" lon="24.918708">
      </trkpt>
      <trkpt lat="65.675009" lon="24.93338">
      </trkpt>
      <trkpt lat="65.67164" lon="24.936185">
      </trkpt>
      <trkpt lat="65.667595" lon="24.918087">
      </trkpt>
      <trkpt lat="65.661559" lon="24.918292">
      </trkpt>
      <trkpt lat="65.655778" lon="24.909325">
      </trkpt>
      <trkpt lat="65.653678" lon="24.918941">
      </trkpt>
      <trkpt lat="65.653864" lon="24.936856">
      </trkpt>
      <trkpt lat="65.65508" lon="24.941649">
      </trkpt>
      <trkpt lat="65.654435" lon="24.958792">
      </trkpt>
      <trkpt lat="65.65169" lon="24.965145">
      </trkpt>
      <trkpt lat="65.641934" lon="24.973893">
      </trkpt>
      <trkpt lat="65.641206" lon="24.985323">
      </trkpt>
      <trkpt lat="65.646294" lon="25.008828">
      </trkpt>
      <trkpt lat="65.645483" lon="25.017074">
      </trkpt>
      <trkpt lat="65.660123" lon="25.062716">
      </trkpt>
      <trkpt lat="65.658395" lon="25.076433">
      </trkpt>
      <trkpt lat="65.650486" lon="25.068395">
      </trkpt>
      <trkpt lat="65.645706" lon="25.072285">
      </trkpt>
      <trkpt lat="65.634136" lon="25.071904">
      </trkpt>
      <trkpt lat="65.622198" lon="25.057229">
      </trkpt>
      <trkpt lat="65.619056" lon="25.066117">
      </trkpt>
      <trkpt lat="65.619926" lon="25.073283">
      </trkpt>
      <trkpt lat="65.618578" lon="25.083647">
      </trkpt>
      <trkpt lat="65.612599" lon="25.08214">
      </trkpt>
      <trkpt lat="65.609652" lon="25.086422">
      </trkpt>
      <trkpt lat="65.608836" lon="25.096246">
      </trkpt>
      <trkpt lat="65.605411" lon="25.108919">
      </trkpt>
      <trkpt lat="65.607716" lon="25.133526">
      </trkpt>
      <trkpt lat="65.607102" lon="25.177971">
      </trkpt>
      <trkpt lat="65.60937" lon="25.185069">
      </trkpt>
      <trkpt lat="65.604387" lon="25.207253">
      </trkpt>
      <trkpt lat="65.595826" lon="25.188841">
      </trkpt>
      <trkpt lat="65.590368" lon="25.19062">
      </trkpt>
      <trkpt lat="65.585339" lon="25.185248">
      </trkpt>
      <trkpt lat="65.578209" lon="25.18734">
      </trkpt>
      <trkpt lat="65.575855" lon="25.190244">
      </trkpt>
      <trkpt lat="65.573097" lon="25.209545">
      </trkpt>
      <trkpt lat="65.569717" lon="25.213224">
      </trkpt>
      <trkpt lat="65.571291" lon="25.218004">
      </trkpt>
      <trkpt lat="65.562788" lon="25.234639">
      </trkpt>
      <trkpt lat="65.542731" lon="25.245122">
      </trkpt>
      <trkpt lat="65.536156" lon="25.242218">
      </trkpt>
      <trkpt lat="65.52843" lon="25.256204">
      </trkpt>
      <trkpt lat="65.522391" lon="25.262325">
      </trkpt>
      <trkpt lat="65.522403" lon="25.266123">
      </trkpt>
      <trkpt lat="65.519378" lon="25.269101">
      </trkpt>
      <trkpt lat="65.518339" lon="25.276979">
      </trkpt>
      <trkpt lat="65.514595" lon="25.284828">
      </trkpt>
      <trkpt lat="65.502157" lon="25.300384">
      </trkpt>
      <trkpt lat="65.486661" lon="25.337615">
      </trkpt>
      <trkpt lat="65.476657" lon="25.351174">
      </trkpt>
      <trkpt lat="65.466212" lon="25.372649">
      </trkpt>
      <trkpt lat="65.459576" lon="25.379827">
      </trkpt>
      <trkpt lat="65.45144" lon="25.379573">
      </trkpt>
      <trkpt lat="65.452245" lon="25.374033">
      </trkpt>
      <trkpt lat="65.450867" lon="25.370057">
      </trkpt>
      <trkpt lat="65.446158" lon="25.361329">
      </trkpt>
      <trkpt lat="65.443133" lon="25.360674">
      </trkpt>
      <trkpt lat="65.431" lon="25.371929">
      </trkpt>
      <trkpt lat="65.427234" lon="25.384381">
      </trkpt>
      <trkpt lat="65.419011" lon="25.386507">
      </trkpt>
      <trkpt lat="65.417814" lon="25.381082">
      </trkpt>
      <trkpt lat="65.408778" lon="25.367022">
      </trkpt>
      <trkpt lat="65.407376" lon="25.348332">
      </trkpt>
      <trkpt lat="65.402952" lon="25.342942">
      </trkpt>
      <trkpt lat="65.399587" lon="25.344533">
      </trkpt>
      <trkpt lat="65.395098" lon="25.327177">
      </trkpt>
      <trkpt lat="65.374202" lon="25.319831">
      </trkpt>
      <trkpt lat="65.366727" lon="25.349107">
      </trkpt>
      <trkpt lat="65.352839" lon="25.349192">
      </trkpt>
      <trkpt lat="65.343632" lon="25.368171">
      </trkpt>
      <trkpt lat="65.336883" lon="25.368785">
      </trkpt>
      <trkpt lat="65.333579" lon="25.375296">
      </trkpt>
      <trkpt lat="65.323933" lon="25.380583">
      </trkpt>
      <trkpt lat="65.3156" lon="25.37335">
      </trkpt>
      <trkpt lat="65.288148" lon="25.372285">
      </trkpt>
      <trkpt lat="65.248997" lon="25.352414">
      </trkpt>
      <trkpt lat="65.220349" lon="25.369003">
      </trkpt>
      <trkpt lat="65.211527" lon="25.36853">
      </trkpt>
      <trkpt lat="65.201159" lon="25.362151">
      </trkpt>
      <trkpt lat="65.189446" lon="25.366373">
      </trkpt>
      <trkpt lat="65.175236" lon="25.352602">
      </trkpt>
      <trkpt lat="65.16409" lon="25.347595">
      </trkpt>
      <trkpt lat="65.128806" lon="25.358338">
      </trkpt>
      <trkpt lat="65.123588" lon="25.362621">
      </trkpt>
      <trkpt lat="65.118606" lon="25.376142">
      </trkpt>
      <trkpt lat="65.099665" lon="25.402895">
      </trkpt>
      <trkpt lat="65.065346" lon="25.411183">
      </trkpt>
      <trkpt lat="65.056557" lon="25.427563">
      </trkpt>
      <trkpt lat="65.049203" lon="25.435803">
      </trkpt>
      <trkpt lat="65.04145" lon="25.438974">
      </trkpt>
      <trkpt lat="65.033371" lon="25.447349">
      </trkpt>
      <trkpt lat="65.031287" lon="25.444641">
      </trkpt>
      <trkpt lat="65.028504" lon="25.44723">
      </trkpt>
      <trkpt lat="65.023289" lon="25.461449">
      </trkpt>
      <trkpt lat="65.01921" lon="25.460957">
      </trkpt>
      <trkpt lat="65.016667" lon="25.466346">
      </trkpt>
      <trkpt lat="65.01584" lon="25.46595">
      </trkpt>
      <trkpt lat="65.0158" lon="25.46583">
      </trkpt>
      <trkpt lat="65.01486" lon="25.46441">
      </trkpt>
      <trkpt lat="65.01461" lon="25.46414">
      </trkpt>
      <trkpt lat="65.01376" lon="25.46283">
      </trkpt>
      <trkpt lat="65.011016" lon="25.469248">
      </trkpt>
      <trkpt lat="65.006316" lon="25.48753">
      </trkpt>
      <trkpt lat="65.005052" lon="25.515275">
      </trkpt>
      <trkpt lat="64.996145" lon="25.529072">
      </trkpt>
      <trkpt lat="64.984646" lon="25.563576">
      </trkpt>
      <trkpt lat="64.983014" lon="25.563533">
      </trkpt>
      <trkpt lat="64.973209" lon="25.601771">
      </trkpt>
      <trkpt lat="64.969604" lon="25.62516">
      </trkpt>
      <trkpt lat="64.963359" lon="25.635931">
      </trkpt>
      <trkpt lat="64.955698" lon="25.662947">
      </trkpt>
      <trkpt lat="64.949881" lon="25.674972">
      </trkpt>
      <trkpt lat="64.949734" lon="25.675285">
      </trkpt>
      <trkpt lat="64.943231" lon="25.689211">
      </trkpt>
      <trkpt lat="64.935529" lon="25.711484">
      </trkpt>
      <trkpt lat="64.928877" lon="25.743456">
      </trkpt>
      <trkpt lat="64.913471" lon="25.76427">
      </trkpt>
      <trkpt lat="64.906132" lon="25.788646">
      </trkpt>
      <trkpt lat="64.906991" lon="25.793924">
      </trkpt>
      <trkpt lat="64.90347" lon="25.804825">
      </trkpt>
      <trkpt lat="64.900768" lon="25.798109">
      </trkpt>
      <trkpt lat="64.891412" lon="25.810168">
      </trkpt>
      <trkpt lat="64.882829" lon="25.844543">
      </trkpt>
      <trkpt lat="64.87047" lon="25.865378">
      </trkpt>
      <trkpt lat="64.862423" lon="25.887351">
      </trkpt>
      <trkpt lat="64.841223" lon="25.904195">
      </trkpt>
      <trkpt lat="64.831781" lon="25.918143">
      </trkpt>
      <trkpt lat="64.823927" lon="25.938098">
      </trkpt>
      <trkpt lat="64.821718" lon="25.954149">
      </trkpt>
      <trkpt lat="64.805946" lon="25.992472">
      </trkpt>
      <trkpt lat="64.804745" lon="26.007321">
      </trkpt>
      <trkpt lat="64.805882" lon="26.02762">
      </trkpt>
      <trkpt lat="64.795046" lon="26.055493">
      </trkpt>
      <trkpt lat="64.792384" lon="26.080706">
      </trkpt>
      <trkpt lat="64.791055" lon="26.124673">
      </trkpt>
      <trkpt lat="64.786654" lon="26.147096">
      </trkpt>
      <trkpt lat="64.787321" lon="26.170678">
      </trkpt>
      <trkpt lat="64.783759" lon="26.20162">
      </trkpt>
      <trkpt lat="64.786613" lon="26.232219">
      </trkpt>
      <trkpt lat="64.786075" lon="26.246274">
      </trkpt>
      <trkpt lat="64.779574" lon="26.274319">
      </trkpt>
      <trkpt lat="64.77715" lon="26.298244">
      </trkpt>
      <trkpt lat="64.773073" lon="26.315989">
      </trkpt>
      <trkpt lat="64.773932" lon="26.333177">
      </trkpt>
      <trkpt lat="64.778867" lon="26.347833">
      </trkpt>
      <trkpt lat="64.780347" lon="26.357574">
      </trkpt>
      <trkpt lat="64.78009" lon="26.382916">
      </trkpt>
      <trkpt lat="64.777236" lon="26.395597">
      </trkpt>
      <trkpt lat="64.77144" lon="26.403151">
      </trkpt>
      <trkpt lat="64.770303" lon="26.410875">
      </trkpt>
      <trkpt lat="64.76213" lon="26.420982">
      </trkpt>
      <trkpt lat="64.759919" lon="26.42051">
      </trkpt>
      <trkpt lat="64.752708" lon="26.429265">
      </trkpt>
      <trkpt lat="64.751487" lon="26.425595">
      </trkpt>
      <trkpt lat="64.748588" lon="26.430037">
      </trkpt>
      <trkpt lat="64.73887" lon="26.461344">
      </trkpt>
      <trkpt lat="64.717562" lon="26.515911">
      </trkpt>
      <trkpt lat="64.704087" lon="26.522176">
      </trkpt>
      <trkpt lat="64.693358" lon="26.538119">
      </trkpt>
      <trkpt lat="64.679582" lon="26.53533">
      </trkpt>
      <trkpt lat="64.666922" lon="26.542068">
      </trkpt>
      <trkpt lat="64.650099" lon="26.564512">
      </trkpt>
      <trkpt lat="64.640207" lon="26.587837">
      </trkpt>
      <trkpt lat="64.622355" lon="26.596506">
      </trkpt>
      <trkpt lat="64.612978" lon="26.616118">
      </trkpt>
      <trkpt lat="64.60109" lon="26.66517">
      </trkpt>
      <trkpt lat="64.585984" lon="26.701863">
      </trkpt>
      <trkpt lat="64.586304" lon="26.713471">
      </trkpt>
      <trkpt lat="64.595338" lon="26.77454">
      </trkpt>
      <trkpt lat="64.596691" lon="26.776707">
      </trkpt>
      <trkpt lat="64.589932" lon="26.82003">
      </trkpt>
      <trkpt lat="64.581242" lon="26.829922">
      </trkpt>
      <trkpt lat="64.569912" lon="26.864126">
      </trkpt>
      <trkpt lat="64.567015" lon="26.879275">
      </trkpt>
      <trkpt lat="64.563796" lon="26.918006">
      </trkpt>
      <trkpt lat="64.564032" lon="26.947832">
      </trkpt>
      <trkpt lat="64.557102" lon="26.962702">
      </trkpt>
      <trkpt lat="64.555278" lon="26.970792">
      </trkpt>
      <trkpt lat="64.55502" lon="26.98961">
      </trkpt>
      <trkpt lat="64.557939" lon="27.007635">
      </trkpt>
      <trkpt lat="64.558046" lon="27.020895">
      </trkpt>
      <trkpt lat="64.551244" lon="27.061687">
      </trkpt>
      <trkpt lat="64.552231" lon="27.061815">
      </trkpt>
      <trkpt lat="64.551952" lon="27.070634">
      </trkpt>
      <trkpt lat="64.548304" lon="27.078981">
      </trkpt>
      <trkpt lat="64.546716" lon="27.091019">
      </trkpt>
      <trkpt lat="64.550084" lon="27.11385">
      </trkpt>
      <trkpt lat="64.552015" lon="27.147152">
      </trkpt>
      <trkpt lat="64.551244" lon="27.157667">
      </trkpt>
      <trkpt lat="64.537575" lon="27.198007">
      </trkpt>
      <trkpt lat="64.532082" lon="27.257659">
      </trkpt>
      <trkpt lat="64.530044" lon="27.265964">
      </trkpt>
      <trkpt lat="64.51777" lon="27.279096">
      </trkpt>
      <trkpt lat="64.488394" lon="27.323685">
      </trkpt>
      <trkpt lat="64.484296" lon="27.342718">
      </trkpt>
      <trkpt lat="64.484317" lon="27.362523">
      </trkpt>
      <trkpt lat="64.472344" lon="27.458203">
      </trkpt>
      <trkpt lat="64.465091" lon="27.480583">
      </trkpt>
      <trkpt lat="64.448848" lon="27.51071">
      </trkpt>
      <trkpt lat="64.441488" lon="27.551973">
      </trkpt>
      <trkpt lat="64.426339" lon="27.586949">
      </trkpt>
      <trkpt lat="64.427605" lon="27.611926">
      </trkpt>
      <trkpt lat="64.422861" lon="27.652481">
      </trkpt>
      <trkpt lat="64.422262" lon="27.685118">
      </trkpt>
      <trkpt lat="64.416275" lon="27.728591">
      </trkpt>
      <trkpt lat="64.400031" lon="27.805109">
      </trkpt>
      <trkpt lat="64.400997" lon="27.820451">
      </trkpt>
      <trkpt lat="64.402049" lon="27.819958">
      </trkpt>
      <trkpt lat="64.403851" lon="27.835236">
      </trkpt>
      <trkpt lat="64.402992" lon="27.838326">
      </trkpt>
      <trkpt lat="64.404495" lon="27.858646">
      </trkpt>
      <trkpt lat="64.400375" lon="27.8771">
      </trkpt>
      <trkpt lat="64.398379" lon="27.90272">
      </trkpt>
      <trkpt lat="64.394968" lon="27.9092">
      </trkpt>
      <trkpt lat="64.397712" lon="27.911646">
      </trkpt>
      <trkpt lat="64.392521" lon="27.97735">
      </trkpt>
      <trkpt lat="64.381342" lon="28.019192">
      </trkpt>
      <trkpt lat="64.373424" lon="28.029513">
      </trkpt>
      <trkpt lat="64.367416" lon="28.043633">
      </trkpt>
      <trkpt lat="64.361729" lon="28.048675">
      </trkpt>
      <trkpt lat="64.324799" lon="28.061142">
      </trkpt>
      <trkpt lat="64.318922" lon="28.044941">
      </trkpt>
      <trkpt lat="64.301154" lon="28.010695">
      </trkpt>
      <trkpt lat="64.29508" lon="27.98943">
      </trkpt>
      <trkpt lat="64.28004" lon="27.897356">
      </trkpt>
      <trkpt lat="64.27356" lon="27.866392">
      </trkpt>
      <trkpt lat="64.257295" lon="27.821052">
      </trkpt>
      <trkpt lat="64.247961" lon="27.768137">
      </trkpt>
      <trkpt lat="64.239292" lon="27.750757">
      </trkpt>
      <trkpt lat="64.228284" lon="27.743418">
      </trkpt>
      <trkpt lat="64.224722" lon="27.73387">
      </trkpt>
      <trkpt lat="64.228218" lon="27.72651">
      </trkpt>
      <trkpt lat="64.221933" lon="27.700481">
      </trkpt>
      <trkpt lat="64.220558" lon="27.687006">
      </trkpt>
      <trkpt lat="64.229658" lon="27.660592">
      </trkpt>
      <trkpt lat="64.184146" lon="27.564161">
      </trkpt>
      <trkpt lat="64.187557" lon="27.557273">
      </trkpt>
      <trkpt lat="64.188008" lon="27.550771">
      </trkpt>
      <trkpt lat="64.185238" lon="27.546866">
      </trkpt>
      <trkpt lat="64.18376" lon="27.537189">
      </trkpt>
      <trkpt lat="64.178717" lon="27.543089">
      </trkpt>
      <trkpt lat="64.175863" lon="27.541008">
      </trkpt>
      <trkpt lat="64.170863" lon="27.543733">
      </trkpt>
      <trkpt lat="64.178157" lon="27.572604">
      </trkpt>
      <trkpt lat="64.166443" lon="27.529056">
      </trkpt>
      <trkpt lat="64.13769" lon="27.493844">
      </trkpt>
      <trkpt lat="64.117476" lon="27.449899">
      </trkpt>
      <trkpt lat="64.106854" lon="27.448096">
      </trkpt>
      <trkpt lat="64.091297" lon="27.452774">
      </trkpt>
      <trkpt lat="64.057953" lon="27.455864">
      </trkpt>
      <trkpt lat="64.022548" lon="27.443848">
      </trkpt>
      <trkpt lat="64.001048" lon="27.417734">
      </trkpt>
      <trkpt lat="63.992014" lon="27.397113">
      </trkpt>
      <trkpt lat="63.972402" lon="27.37808">
      </trkpt>
      <trkpt lat="63.945816" lon="27.373424">
      </trkpt>
      <trkpt lat="63.919508" lon="27.382865">
      </trkpt>
      <trkpt lat="63.900368" lon="27.408807">
      </trkpt>
      <trkpt lat="63.895175" lon="27.410932">
      </trkpt>
      <trkpt lat="63.882816" lon="27.431424">
      </trkpt>
      <trkpt lat="63.878782" lon="27.432711">
      </trkpt>
      <trkpt lat="63.880284" lon="27.441273">
      </trkpt>
      <trkpt lat="63.849235" lon="27.439792">
      </trkpt>
      <trkpt lat="63.832347" lon="27.421017">
      </trkpt>
      <trkpt lat="63.769691" lon="27.414665">
      </trkpt>
      <trkpt lat="63.76394" lon="27.40943">
      </trkpt>
      <trkpt lat="63.756344" lon="27.392972">
      </trkpt>
      <trkpt lat="63.749521" lon="27.385011">
      </trkpt>
      <trkpt lat="63.727655" lon="27.373853">
      </trkpt>
      <trkpt lat="63.710232" lon="27.359068">
      </trkpt>
      <trkpt lat="63.69534" lon="27.353704">
      </trkpt>
      <trkpt lat="63.683281" lon="27.336152">
      </trkpt>
      <trkpt lat="63.670492" lon="27.295082">
      </trkpt>
      <trkpt lat="63.637898" lon="27.229636">
      </trkpt>
      <trkpt lat="63.633671" lon="27.225688">
      </trkpt>
      <trkpt lat="63.621268" lon="27.22425">
      </trkpt>
      <trkpt lat="63.60451" lon="27.215302">
      </trkpt>
      <trkpt lat="63.597386" lon="27.217426">
      </trkpt>
      <trkpt lat="63.575993" lon="27.238262">
      </trkpt>
      <trkpt lat="63.563268" lon="27.254419">
      </trkpt>
      <trkpt lat="63.554235" lon="27.255814">
      </trkpt>
      <trkpt lat="63.542497" lon="27.24839">
      </trkpt>
      <trkpt lat="63.528764" lon="27.245622">
      </trkpt>
      <trkpt lat="63.517628" lon="27.256351">
      </trkpt>
      <trkpt lat="63.506405" lon="27.258368">
      </trkpt>
      <trkpt lat="63.494067" lon="27.271907">
      </trkpt>
      <trkpt lat="63.486557" lon="27.288601">
      </trkpt>
      <trkpt lat="63.463254" lon="27.31051">
      </trkpt>
      <trkpt lat="63.45392" lon="27.317612">
      </trkpt>
      <trkpt lat="63.417614" lon="27.334692">
      </trkpt>
      <trkpt lat="63.414052" lon="27.341044">
      </trkpt>
      <trkpt lat="63.407421" lon="27.366793">
      </trkpt>
      <trkpt lat="63.404589" lon="27.372522">
      </trkpt>
      <trkpt lat="63.388882" lon="27.381728">
      </trkpt>
      <trkpt lat="63.368003" lon="27.405567">
      </trkpt>
      <trkpt lat="63.353562" lon="27.414622">
      </trkpt>
      <trkpt lat="63.354528" lon="27.446616">
      </trkpt>
      <trkpt lat="63.357425" lon="27.463846">
      </trkpt>
      <trkpt lat="63.357575" lon="27.473524">
      </trkpt>
      <trkpt lat="63.356137" lon="27.489145">
      </trkpt>
      <trkpt lat="63.35161" lon="27.500453">
      </trkpt>
      <trkpt lat="63.350837" lon="27.522104">
      </trkpt>
      <trkpt lat="63.354378" lon="27.532403">
      </trkpt>
      <trkpt lat="63.354957" lon="27.540729">
      </trkpt>
      <trkpt lat="63.363948" lon="27.553496">
      </trkpt>
      <trkpt lat="63.370664" lon="27.572229">
      </trkpt>
      <trkpt lat="63.374162" lon="27.603965">
      </trkpt>
      <trkpt lat="63.369269" lon="27.622182">
      </trkpt>
      <trkpt lat="63.370192" lon="27.643833">
      </trkpt>
      <trkpt lat="63.369119" lon="27.673445">
      </trkpt>
      <trkpt lat="63.364248" lon="27.688293">
      </trkpt>
      <trkpt lat="63.359978" lon="27.711146">
      </trkpt>
      <trkpt lat="63.360193" lon="27.731938">
      </trkpt>
      <trkpt lat="63.357403" lon="27.741036">
      </trkpt>
      <trkpt lat="63.359163" lon="27.756143">
      </trkpt>
      <trkpt lat="63.354893" lon="27.759962">
      </trkpt>
      <trkpt lat="63.352125" lon="27.76876">
      </trkpt>
      <trkpt lat="63.346782" lon="27.764361">
      </trkpt>
      <trkpt lat="63.337426" lon="27.746401">
      </trkpt>
      <trkpt lat="63.324165" lon="27.741573">
      </trkpt>
      <trkpt lat="63.303459" lon="27.727947">
      </trkpt>
      <trkpt lat="63.298502" lon="27.718592">
      </trkpt>
      <trkpt lat="63.295927" lon="27.69604">
      </trkpt>
      <trkpt lat="63.288267" lon="27.680762">
      </trkpt>
      <trkpt lat="63.279233" lon="27.672458">
      </trkpt>
      <trkpt lat="63.262217" lon="27.681985">
      </trkpt>
      <trkpt lat="63.25299" lon="27.679195">
      </trkpt>
      <trkpt lat="63.243184" lon="27.693915">
      </trkpt>
      <trkpt lat="63.229086" lon="27.692327">
      </trkpt>
      <trkpt lat="63.216233" lon="27.699687">
      </trkpt>
      <trkpt lat="63.209131" lon="27.689602">
      </trkpt>
      <trkpt lat="63.206341" lon="27.677093">
      </trkpt>
      <trkpt lat="63.201492" lon="27.671878">
      </trkpt>
      <trkpt lat="63.193123" lon="27.674367">
      </trkpt>
      <trkpt lat="63.174326" lon="27.661858">
      </trkpt>
      <trkpt lat="63.148878" lon="27.687693">
      </trkpt>
      <trkpt lat="63.141775" lon="27.680805">
      </trkpt>
      <trkpt lat="63.136089" lon="27.667737">
      </trkpt>
      <trkpt lat="63.121948" lon="27.655056">
      </trkpt>
      <trkpt lat="63.114846" lon="27.641838">
      </trkpt>
      <trkpt lat="63.098838" lon="27.649047">
      </trkpt>
      <trkpt lat="63.088431" lon="27.642653">
      </trkpt>
      <trkpt lat="63.087745" lon="27.651772">
      </trkpt>
      <trkpt lat="63.083539" lon="27.64746">
      </trkpt>
      <trkpt lat="63.076329" lon="27.651601">
      </trkpt>
      <trkpt lat="63.06251" lon="27.672372">
      </trkpt>
      <trkpt lat="63.052962" lon="27.694988">
      </trkpt>
      <trkpt lat="63.046675" lon="27.703872">
      </trkpt>
      <trkpt lat="63.036611" lon="27.730973">
      </trkpt>
      <trkpt lat="63.031182" lon="27.735822">
      </trkpt>
      <trkpt lat="63.023329" lon="27.736723">
      </trkpt>
      <trkpt lat="63.010926" lon="27.722883">
      </trkpt>
      <trkpt lat="62.991335" lon="27.711253">
      </trkpt>
      <trkpt lat="62.988696" lon="27.705567">
      </trkpt>
      <trkpt lat="62.986615" lon="27.707841">
      </trkpt>
      <trkpt lat="62.981486" lon="27.7034">
      </trkpt>
      <trkpt lat="62.969427" lon="27.703679">
      </trkpt>
      <trkpt lat="62.961681" lon="27.692864">
      </trkpt>
      <trkpt lat="62.961402" lon="27.689538">
      </trkpt>
      <trkpt lat="62.954857" lon="27.684903">
      </trkpt>
      <trkpt lat="62.948699" lon="27.672007">
      </trkpt>
      <trkpt lat="62.947927" lon="27.675269">
      </trkpt>
      <trkpt lat="62.950459" lon="27.678487">
      </trkpt>
      <trkpt lat="62.941875" lon="27.668874">
      </trkpt>
      <trkpt lat="62.934322" lon="27.668595">
      </trkpt>
      <trkpt lat="62.928185" lon="27.684216">
      </trkpt>
      <trkpt lat="62.916791" lon="27.671814">
      </trkpt>
      <trkpt lat="62.903917" lon="27.678745">
      </trkpt>
      <trkpt lat="62.900977" lon="27.660098">
      </trkpt>
      <trkpt lat="62.893488" lon="27.640357">
      </trkpt>
      <trkpt lat="62.887287" lon="27.629414">
      </trkpt>
      <trkpt lat="62.871237" lon="27.616882">
      </trkpt>
      <trkpt lat="62.866967" lon="27.610188">
      </trkpt>
      <trkpt lat="62.86289" lon="27.612655">
      </trkpt>
      <trkpt lat="62.861109" lon="27.627332">
      </trkpt>
      <trkpt lat="62.85583" lon="27.623792">
      </trkpt>
      <trkpt lat="62.849329" lon="27.626839">
      </trkpt>
      <trkpt lat="62.839243" lon="27.611539">
      </trkpt>
      <trkpt lat="62.841346" lon="27.602506">
      </trkpt>
      <trkpt lat="62.839823" lon="27.594845">
      </trkpt>
      <trkpt lat="62.838664" lon="27.563345">
      </trkpt>
      <trkpt lat="62.840724" lon="27.556887">
      </trkpt>
      <trkpt lat="62.848299" lon="27.546501">
      </trkpt>
      <trkpt lat="62.849843" lon="27.538583">
      </trkpt>
      <trkpt lat="62.842569" lon="27.514529">
      </trkpt>
      <trkpt lat="62.841046" lon="27.504122">
      </trkpt>
      <trkpt lat="62.84596" lon="27.456958">
      </trkpt>
      <trkpt lat="62.84435" lon="27.417884">
      </trkpt>
      <trkpt lat="62.847483" lon="27.38898">
      </trkpt>
      <trkpt lat="62.842784" lon="27.338727">
      </trkpt>
      <trkpt lat="62.842913" lon="27.318814">
      </trkpt>
      <trkpt lat="62.84523" lon="27.30315">
      </trkpt>
      <trkpt lat="62.854307" lon="27.267766">
      </trkpt>
      <trkpt lat="62.857804" lon="27.240837">
      </trkpt>
      <trkpt lat="62.85862" lon="27.206633">
      </trkpt>
      <trkpt lat="62.86716" lon="27.17597">
      </trkpt>
      <trkpt lat="62.865894" lon="27.129922">
      </trkpt>
      <trkpt lat="62.869027" lon="27.110932">
      </trkpt>
      <trkpt lat="62.880399" lon="27.078767">
      </trkpt>
      <trkpt lat="62.883575" lon="27.055914">
      </trkpt>
      <trkpt lat="62.866795" lon="27.041709">
      </trkpt>
      <trkpt lat="62.862096" lon="27.043319">
      </trkpt>
      <trkpt lat="62.853899" lon="27.055078">
      </trkpt>
      <trkpt lat="62.84214" lon="27.056365">
      </trkpt>
      <trkpt lat="62.812572" lon="27.03789">
      </trkpt>
      <trkpt lat="62.794805" lon="27.055635">
      </trkpt>
      <trkpt lat="62.784827" lon="27.049971">
      </trkpt>
      <trkpt lat="62.773175" lon="27.037804">
      </trkpt>
      <trkpt lat="62.77118" lon="27.032311">
      </trkpt>
      <trkpt lat="62.763734" lon="27.023234">
      </trkpt>
      <trkpt lat="62.725432" lon="27.009459">
      </trkpt>
      <trkpt lat="62.698224" lon="27.037482">
      </trkpt>
      <trkpt lat="62.687645" lon="27.058511">
      </trkpt>
      <trkpt lat="62.675757" lon="27.068102">
      </trkpt>
      <trkpt lat="62.661188" lon="27.089903">
      </trkpt>
      <trkpt lat="62.649944" lon="27.094173">
      </trkpt>
      <trkpt lat="62.650437" lon="27.084346">
      </trkpt>
      <trkpt lat="62.647648" lon="27.075934">
      </trkpt>
      <trkpt lat="62.64164" lon="27.087071">
      </trkpt>
      <trkpt lat="62.637906" lon="27.087264">
      </trkpt>
      <trkpt lat="62.630396" lon="27.098336">
      </trkpt>
      <trkpt lat="62.625525" lon="27.085741">
      </trkpt>
      <trkpt lat="62.615118" lon="27.073295">
      </trkpt>
      <trkpt lat="62.593575" lon="27.069733">
      </trkpt>
      <trkpt lat="62.586687" lon="27.051194">
      </trkpt>
      <trkpt lat="62.590034" lon="27.041409">
      </trkpt>
      <trkpt lat="62.596192" lon="26.995962">
      </trkpt>
      <trkpt lat="62.613187" lon="26.942618">
      </trkpt>
      <trkpt lat="62.616255" lon="26.916311">
      </trkpt>
      <trkpt lat="62.616298" lon="26.896119">
      </trkpt>
      <trkpt lat="62.620654" lon="26.878846">
      </trkpt>
      <trkpt lat="62.620461" lon="26.862023">
      </trkpt>
      <trkpt lat="62.617736" lon="26.853418">
      </trkpt>
      <trkpt lat="62.617564" lon="26.846874">
      </trkpt>
      <trkpt lat="62.624474" lon="26.826854">
      </trkpt>
      <trkpt lat="62.626748" lon="26.813164">
      </trkpt>
      <trkpt lat="62.631962" lon="26.755271">
      </trkpt>
      <trkpt lat="62.635975" lon="26.736603">
      </trkpt>
      <trkpt lat="62.635825" lon="26.709459">
      </trkpt>
      <trkpt lat="62.639322" lon="26.69888">
      </trkpt>
      <trkpt lat="62.654471" lon="26.677444">
      </trkpt>
      <trkpt lat="62.669942" lon="26.637447">
      </trkpt>
      <trkpt lat="62.672174" lon="26.602771">
      </trkpt>
      <trkpt lat="62.665994" lon="26.573739">
      </trkpt>
      <trkpt lat="62.66603" lon="26.57372">
      </trkpt>
      <trkpt lat="62.6659" lon="26.57256">
      </trkpt>
      <trkpt lat="62.66585" lon="26.57053">
      </trkpt>
      <trkpt lat="62.66587" lon="26.56207">
      </trkpt>
      <trkpt lat="62.6659" lon="26.56097">
      </trkpt>
      <trkpt lat="62.66622" lon="26.55626">
      </trkpt>
      <trkpt lat="62.66632" lon="26.55251">
      </trkpt>
      <trkpt lat="62.66653" lon="26.5506">
      </trkpt>
      <trkpt lat="62.66676" lon="26.54948">
      </trkpt>
      <trkpt lat="62.66708" lon="26.54831">
      </trkpt>
      <trkpt lat="62.66953" lon="26.54037">
      </trkpt>
      <trkpt lat="62.66989" lon="26.53903">
      </trkpt>
      <trkpt lat="62.67011" lon="26.53789">
      </trkpt>
      <trkpt lat="62.67034" lon="26.53584">
      </trkpt>
      <trkpt lat="62.6704" lon="26.5329">
      </trkpt>
      <trkpt lat="62.67052" lon="26.53117">
      </trkpt>
      <trkpt lat="62.67078" lon="26.52957">
      </trkpt>
      <trkpt lat="62.67104" lon="26.5286">
      </trkpt>
      <trkpt lat="62.67125" lon="26.52801">
      </trkpt>
      <trkpt lat="62.67179" lon="26.52689">
      </trkpt>
      <trkpt lat="62.6721" lon="26.52641">
      </trkpt>
      <trkpt lat="62.6725" lon="26.52591">
      </trkpt>
      <trkpt lat="62.67632" lon="26.52245">
      </trkpt>
      <trkpt lat="62.67808" lon="26.52051">
      </trkpt>
      <trkpt lat="62.67863" lon="26.51971">
      </trkpt>
      <trkpt lat="62.67976" lon="26.51758">
      </trkpt>
      <trkpt lat="62.68344" lon="26.50967">
      </trkpt>
      <trkpt lat="62.68485" lon="26.50634">
      </trkpt>
      <trkpt lat="62.68516" lon="26.5055">
      </trkpt>
      <trkpt lat="62.68553" lon="26.50424">
      </trkpt>
      <trkpt lat="62.68799" lon="26.49456">
      </trkpt>
      <trkpt lat="62.6887" lon="26.49229">
      </trkpt>
      <trkpt lat="62.68959" lon="26.49">
      </trkpt>
      <trkpt lat="62.69025" lon="26.48856">
      </trkpt>
      <trkpt lat="62.69109" lon="26.487">
      </trkpt>
      <trkpt lat="62.69236" lon="26.48511">
      </trkpt>
      <trkpt lat="62.69304" lon="26.48428">
      </trkpt>
      <trkpt lat="62.69595" lon="26.48098">
      </trkpt>
      <trkpt lat="62.69813" lon="26.47822">
      </trkpt>
      <trkpt lat="62.69879" lon="26.47722">
      </trkpt>
      <trkpt lat="62.70169" lon="26.47057">
      </trkpt>
      <trkpt lat="62.70227" lon="26.46911">
      </trkpt>
      <trkpt lat="62.70278" lon="26.46723">
      </trkpt>
      <trkpt lat="62.70319" lon="26.465">
      </trkpt>
      <trkpt lat="62.70337" lon="26.46292">
      </trkpt>
      <trkpt lat="62.70333" lon="26.46054">
      </trkpt>
      <trkpt lat="62.70321" lon="26.45931">
      </trkpt>
      <trkpt lat="62.70308" lon="26.45853">
      </trkpt>
      <trkpt lat="62.7022" lon="26.45431">
      </trkpt>
      <trkpt lat="62.70147" lon="26.45157">
      </trkpt>
      <trkpt lat="62.69886" lon="26.44298">
      </trkpt>
      <trkpt lat="62.69809" lon="26.43939">
      </trkpt>
      <trkpt lat="62.6961" lon="26.43331">
      </trkpt>
      <trkpt lat="62.69573" lon="26.43199">
      </trkpt>
      <trkpt lat="62.69516" lon="26.42929">
      </trkpt>
      <trkpt lat="62.69225" lon="26.417">
      </trkpt>
      <trkpt lat="62.69079" lon="26.41092">
      </trkpt>
      <trkpt lat="62.68889" lon="26.40333">
      </trkpt>
      <trkpt lat="62.68693" lon="26.39479">
      </trkpt>
      <trkpt lat="62.68384" lon="26.38053">
      </trkpt>
      <trkpt lat="62.68274" lon="26.37575">
      </trkpt>
      <trkpt lat="62.68228" lon="26.37408">
      </trkpt>
      <trkpt lat="62.68166" lon="26.37247">
      </trkpt>
      <trkpt lat="62.67926" lon="26.36737">
      </trkpt>
      <trkpt lat="62.67813" lon="26.36481">
      </trkpt>
      <trkpt lat="62.67726" lon="26.36296">
      </trkpt>
      <trkpt lat="62.6762" lon="26.36086">
      </trkpt>
      <trkpt lat="62.67513" lon="26.35851">
      </trkpt>
      <trkpt lat="62.67436" lon="26.35662">
      </trkpt>
      <trkpt lat="62.67225" lon="26.3519">
      </trkpt>
      <trkpt lat="62.67192" lon="26.35109">
      </trkpt>
      <trkpt lat="62.67039" lon="26.34674">
      </trkpt>
      <trkpt lat="62.6684" lon="26.34211">
      </trkpt>
      <trkpt lat="62.66719" lon="26.3401">
      </trkpt>
      <trkpt lat="62.66629" lon="26.33898">
      </trkpt>
      <trkpt lat="62.66432" lon="26.3363">
      </trkpt>
      <trkpt lat="62.66357" lon="26.33549">
      </trkpt>
      <trkpt lat="62.66299" lon="26.33511">
      </trkpt>
      <trkpt lat="62.66244" lon="26.3349">
      </trkpt>
      <trkpt lat="62.66194" lon="26.33493">
      </trkpt>
      <trkpt lat="62.66142" lon="26.33508">
      </trkpt>
      <trkpt lat="62.66096" lon="26.33539">
      </trkpt>
      <trkpt lat="62.6604" lon="26.33599">
      </trkpt>
      <trkpt lat="62.65942" lon="26.33732">
      </trkpt>
      <trkpt lat="62.65895" lon="26.33784">
      </trkpt>
      <trkpt lat="62.65839" lon="26.33828">
      </trkpt>
      <trkpt lat="62.65774" lon="26.33856">
      </trkpt>
      <trkpt lat="62.65722" lon="26.33856">
      </trkpt>
      <trkpt lat="62.65654" lon="26.33839">
      </trkpt>
      <trkpt lat="62.65562" lon="26.33792">
      </trkpt>
      <trkpt lat="62.65356" lon="26.33669">
      </trkpt>
      <trkpt lat="62.65305" lon="26.33647">
      </trkpt>
      <trkpt lat="62.65222" lon="26.33633">
      </trkpt>
      <trkpt lat="62.64937" lon="26.3363">
      </trkpt>
      <trkpt lat="62.64859" lon="26.33613">
      </trkpt>
      <trkpt lat="62.64763" lon="26.33581">
      </trkpt>
      <trkpt lat="62.64644" lon="26.33499">
      </trkpt>
      <trkpt lat="62.64534" lon="26.33394">
      </trkpt>
      <trkpt lat="62.64379" lon="26.33205">
      </trkpt>
      <trkpt lat="62.64228" lon="26.33061">
      </trkpt>
      <trkpt lat="62.64099" lon="26.32976">
      </trkpt>
      <trkpt lat="62.63925" lon="26.3291">
      </trkpt>
      <trkpt lat="62.6377" lon="26.32862">
      </trkpt>
      <trkpt lat="62.63607" lon="26.32791">
      </trkpt>
      <trkpt lat="62.63498" lon="26.32737">
      </trkpt>
      <trkpt lat="62.63341" lon="26.32626">
      </trkpt>
      <trkpt lat="62.63253" lon="26.32556">
      </trkpt>
      <trkpt lat="62.63241" lon="26.32543">
      </trkpt>
      <trkpt lat="62.63246" lon="26.32528">
      </trkpt>
      <trkpt lat="62.63134" lon="26.32376">
      </trkpt>
      <trkpt lat="62.6311" lon="26.32319">
      </trkpt>
      <trkpt lat="62.63048" lon="26.32213">
      </trkpt>
      <trkpt lat="62.63001" lon="26.32094">
      </trkpt>
      <trkpt lat="62.6296" lon="26.31967">
      </trkpt>
      <trkpt lat="62.62899" lon="26.31722">
      </trkpt>
      <trkpt lat="62.62731" lon="26.3079">
      </trkpt>
      <trkpt lat="62.62679" lon="26.30471">
      </trkpt>
      <trkpt lat="62.62666" lon="26.30312">
      </trkpt>
      <trkpt lat="62.62659" lon="26.30041">
      </trkpt>
      <trkpt lat="62.62661" lon="26.29955">
      </trkpt>
      <trkpt lat="62.62678" lon="26.29782">
      </trkpt>
      <trkpt lat="62.62755" lon="26.295">
      </trkpt>
      <trkpt lat="62.62777" lon="26.29394">
      </trkpt>
      <trkpt lat="62.62807" lon="26.29161">
      </trkpt>
      <trkpt lat="62.62814" lon="26.29054">
      </trkpt>
      <trkpt lat="62.62821" lon="26.28764">
      </trkpt>
      <trkpt lat="62.62817" lon="26.28723">
      </trkpt>
      <trkpt lat="62.62819" lon="26.28544">
      </trkpt>
      <trkpt lat="62.62811" lon="26.28438">
      </trkpt>
      <trkpt lat="62.628" lon="26.28374">
      </trkpt>
      <trkpt lat="62.62699" lon="26.28046">
      </trkpt>
      <trkpt lat="62.62668" lon="26.27897">
      </trkpt>
      <trkpt lat="62.62613" lon="26.27582">
      </trkpt>
      <trkpt lat="62.62604" lon="26.27558">
      </trkpt>
      <trkpt lat="62.62568" lon="26.27393">
      </trkpt>
      <trkpt lat="62.62535" lon="26.27279">
      </trkpt>
      <trkpt lat="62.62491" lon="26.27159">
      </trkpt>
      <trkpt lat="62.62439" lon="26.27051">
      </trkpt>
      <trkpt lat="62.6239" lon="26.26973">
      </trkpt>
      <trkpt lat="62.62314" lon="26.2688">
      </trkpt>
      <trkpt lat="62.62259" lon="26.26826">
      </trkpt>
      <trkpt lat="62.6216" lon="26.26763">
      </trkpt>
      <trkpt lat="62.62139" lon="26.26735">
      </trkpt>
      <trkpt lat="62.62136" lon="26.26774">
      </trkpt>
      <trkpt lat="62.61867" lon="26.26648">
      </trkpt>
      <trkpt lat="62.61783" lon="26.26591">
      </trkpt>
      <trkpt lat="62.61699" lon="26.26505">
      </trkpt>
      <trkpt lat="62.61645" lon="26.2644">
      </trkpt>
      <trkpt lat="62.61552" lon="26.26282">
      </trkpt>
      <trkpt lat="62.61492" lon="26.26157">
      </trkpt>
      <trkpt lat="62.6143" lon="26.25979">
      </trkpt>
      <trkpt lat="62.61363" lon="26.257">
      </trkpt>
      <trkpt lat="62.61337" lon="26.25515">
      </trkpt>
      <trkpt lat="62.61287" lon="26.24947">
      </trkpt>
      <trkpt lat="62.61216" lon="26.24514">
      </trkpt>
      <trkpt lat="62.61165" lon="26.2427">
      </trkpt>
      <trkpt lat="62.61034" lon="26.23742">
      </trkpt>
      <trkpt lat="62.60975" lon="26.23552">
      </trkpt>
      <trkpt lat="62.60929" lon="26.23423">
      </trkpt>
      <trkpt lat="62.60835" lon="26.23187">
      </trkpt>
      <trkpt lat="62.60674" lon="26.2287">
      </trkpt>
      <trkpt lat="62.60504" lon="26.22551">
      </trkpt>
      <trkpt lat="62.60367" lon="26.2228">
      </trkpt>
      <trkpt lat="62.60285" lon="26.22105">
      </trkpt>
      <trkpt lat="62.60119" lon="26.21713">
      </trkpt>
      <trkpt lat="62.60026" lon="26.21476">
      </trkpt>
      <trkpt lat="62.59847" lon="26.20975">
      </trkpt>
      <trkpt lat="62.59752" lon="26.20674">
      </trkpt>
      <trkpt lat="62.59661" lon="26.20364">
      </trkpt>
      <trkpt lat="62.59514" lon="26.19797">
      </trkpt>
      <trkpt lat="62.59415" lon="26.19465">
      </trkpt>
      <trkpt lat="62.59317" lon="26.1924">
      </trkpt>
      <trkpt lat="62.59269" lon="26.19156">
      </trkpt>
      <trkpt lat="62.59282" lon="26.19127">
      </trkpt>
      <trkpt lat="62.59265" lon="26.19114">
      </trkpt>
      <trkpt lat="62.59226" lon="26.19027">
      </trkpt>
      <trkpt lat="62.59111" lon="26.18871">
      </trkpt>
      <trkpt lat="62.59047" lon="26.18825">
      </trkpt>
      <trkpt lat="62.58994" lon="26.18758">
      </trkpt>
      <trkpt lat="62.58936" lon="26.18714">
      </trkpt>
      <trkpt lat="62.58841" lon="26.18616">
      </trkpt>
      <trkpt lat="62.58825" lon="26.18577">
      </trkpt>
      <trkpt lat="62.58812" lon="26.18609">
      </trkpt>
      <trkpt lat="62.5872" lon="26.1849">
      </trkpt>
      <trkpt lat="62.58572" lon="26.1823">
      </trkpt>
      <trkpt lat="62.58499" lon="26.18054">
      </trkpt>
      <trkpt lat="62.58418" lon="26.1781">
      </trkpt>
      <trkpt lat="62.58358" lon="26.17577">
      </trkpt>
      <trkpt lat="62.58328" lon="26.1743">
      </trkpt>
      <trkpt lat="62.58294" lon="26.17209">
      </trkpt>
      <trkpt lat="62.58266" lon="26.16976">
      </trkpt>
      <trkpt lat="62.58247" lon="26.16565">
      </trkpt>
      <trkpt lat="62.58248" lon="26.16437">
      </trkpt>
      <trkpt lat="62.58265" lon="26.16126">
      </trkpt>
      <trkpt lat="62.58285" lon="26.15913">
      </trkpt>
      <trkpt lat="62.58321" lon="26.1568">
      </trkpt>
      <trkpt lat="62.58547" lon="26.14574">
      </trkpt>
      <trkpt lat="62.58596" lon="26.14306">
      </trkpt>
      <trkpt lat="62.58617" lon="26.14163">
      </trkpt>
      <trkpt lat="62.58633" lon="26.13922">
      </trkpt>
      <trkpt lat="62.58633" lon="26.13755">
      </trkpt>
      <trkpt lat="62.58622" lon="26.13555">
      </trkpt>
      <trkpt lat="62.58574" lon="26.1327">
      </trkpt>
      <trkpt lat="62.58551" lon="26.1318">
      </trkpt>
      <trkpt lat="62.58527" lon="26.1309">
      </trkpt>
      <trkpt lat="62.58453" lon="26.12896">
      </trkpt>
      <trkpt lat="62.58361" lon="26.12736">
      </trkpt>
      <trkpt lat="62.5814" lon="26.12416">
      </trkpt>
      <trkpt lat="62.58049" lon="26.12227">
      </trkpt>
      <trkpt lat="62.57979" lon="26.12012">
      </trkpt>
      <trkpt lat="62.57948" lon="26.11886">
      </trkpt>
      <trkpt lat="62.57923" lon="26.11744">
      </trkpt>
      <trkpt lat="62.57898" lon="26.11534">
      </trkpt>
      <trkpt lat="62.57893" lon="26.11342">
      </trkpt>
      <trkpt lat="62.57902" lon="26.11152">
      </trkpt>
      <trkpt lat="62.57925" lon="26.10925">
      </trkpt>
      <trkpt lat="62.5798" lon="26.10555">
      </trkpt>
      <trkpt lat="62.58" lon="26.10324">
      </trkpt>
      <trkpt lat="62.58001" lon="26.10197">
      </trkpt>
      <trkpt lat="62.57989" lon="26.09976">
      </trkpt>
      <trkpt lat="62.57965" lon="26.09828">
      </trkpt>
      <trkpt lat="62.57899" lon="26.0958">
      </trkpt>
      <trkpt lat="62.5769" lon="26.08897">
      </trkpt>
      <trkpt lat="62.57554" lon="26.08501">
      </trkpt>
      <trkpt lat="62.57252" lon="26.07683">
      </trkpt>
      <trkpt lat="62.57145" lon="26.0737">
      </trkpt>
      <trkpt lat="62.56886" lon="26.06484">
      </trkpt>
      <trkpt lat="62.56799" lon="26.06587">
      </trkpt>
      <trkpt lat="62.56751" lon="26.06616">
      </trkpt>
      <trkpt lat="62.56728" lon="26.0662">
      </trkpt>
      <trkpt lat="62.56087" lon="26.06546">
      </trkpt>
      <trkpt lat="62.5605" lon="26.06538">
      </trkpt>
      <trkpt lat="62.55976" lon="26.06502">
      </trkpt>
      <trkpt lat="62.55803" lon="26.06341">
      </trkpt>
      <trkpt lat="62.55712" lon="26.06265">
      </trkpt>
      <trkpt lat="62.55565" lon="26.06178">
      </trkpt>
      <trkpt lat="62.55491" lon="26.06115">
      </trkpt>
      <trkpt lat="62.5546" lon="26.06099">
      </trkpt>
      <trkpt lat="62.55428" lon="26.0609">
      </trkpt>
      <trkpt lat="62.55391" lon="26.06089">
      </trkpt>
      <trkpt lat="62.55356" lon="26.06102">
      </trkpt>
      <trkpt lat="62.55295" lon="26.06134">
      </trkpt>
      <trkpt lat="62.5524" lon="26.06149">
      </trkpt>
      <trkpt lat="62.55194" lon="26.06151">
      </trkpt>
      <trkpt lat="62.55122" lon="26.06139">
      </trkpt>
      <trkpt lat="62.55082" lon="26.06138">
      </trkpt>
      <trkpt lat="62.55045" lon="26.06144">
      </trkpt>
      <trkpt lat="62.55004" lon="26.0616">
      </trkpt>
      <trkpt lat="62.54941" lon="26.06198">
      </trkpt>
      <trkpt lat="62.54877" lon="26.06217">
      </trkpt>
      <trkpt lat="62.54843" lon="26.0622">
      </trkpt>
      <trkpt lat="62.5478" lon="26.06208">
      </trkpt>
      <trkpt lat="62.54708" lon="26.06161">
      </trkpt>
      <trkpt lat="62.54635" lon="26.06096">
      </trkpt>
      <trkpt lat="62.54592" lon="26.0607">
      </trkpt>
      <trkpt lat="62.54548" lon="26.06056">
      </trkpt>
      <trkpt lat="62.54504" lon="26.06055">
      </trkpt>
      <trkpt lat="62.54453" lon="26.06062">
      </trkpt>
      <trkpt lat="62.54337" lon="26.06035">
      </trkpt>
      <trkpt lat="62.53982" lon="26.05823">
      </trkpt>
      <trkpt lat="62.53939" lon="26.0579">
      </trkpt>
      <trkpt lat="62.53768" lon="26.05605">
      </trkpt>
      <trkpt lat="62.53509" lon="26.0544">
      </trkpt>
      <trkpt lat="62.53446" lon="26.05419">
      </trkpt>
      <trkpt lat="62.53363" lon="26.0542">
      </trkpt>
      <trkpt lat="62.53227" lon="26.05498">
      </trkpt>
      <trkpt lat="62.53154" lon="26.05522">
      </trkpt>
      <trkpt lat="62.53085" lon="26.05532">
      </trkpt>
      <trkpt lat="62.53017" lon="26.05513">
      </trkpt>
      <trkpt lat="62.52942" lon="26.05465">
      </trkpt>
      <trkpt lat="62.52625" lon="26.05177">
      </trkpt>
      <trkpt lat="62.52605" lon="26.05164">
      </trkpt>
      <trkpt lat="62.52575" lon="26.05154">
      </trkpt>
      <trkpt lat="62.52544" lon="26.05156">
      </trkpt>
      <trkpt lat="62.52513" lon="26.05167">
      </trkpt>
      <trkpt lat="62.52486" lon="26.05195">
      </trkpt>
      <trkpt lat="62.5238" lon="26.05347">
      </trkpt>
      <trkpt lat="62.52358" lon="26.0537">
      </trkpt>
      <trkpt lat="62.52313" lon="26.05393">
      </trkpt>
      <trkpt lat="62.52268" lon="26.05389">
      </trkpt>
      <trkpt lat="62.5225" lon="26.05381">
      </trkpt>
      <trkpt lat="62.52224" lon="26.05356">
      </trkpt>
      <trkpt lat="62.52124" lon="26.05208">
      </trkpt>
      <trkpt lat="62.52046" lon="26.05104">
      </trkpt>
      <trkpt lat="62.52008" lon="26.0503">
      </trkpt>
      <trkpt lat="62.51978" lon="26.04951">
      </trkpt>
      <trkpt lat="62.51919" lon="26.04683">
      </trkpt>
      <trkpt lat="62.51869" lon="26.04554">
      </trkpt>
      <trkpt lat="62.51802" lon="26.04464">
      </trkpt>
      <trkpt lat="62.51641" lon="26.04362">
      </trkpt>
      <trkpt lat="62.5159" lon="26.04359">
      </trkpt>
      <trkpt lat="62.5154" lon="26.04377">
      </trkpt>
      <trkpt lat="62.51479" lon="26.04461">
      </trkpt>
      <trkpt lat="62.51387" lon="26.04615">
      </trkpt>
      <trkpt lat="62.51352" lon="26.04655">
      </trkpt>
      <trkpt lat="62.51318" lon="26.04679">
      </trkpt>
      <trkpt lat="62.5127" lon="26.04682">
      </trkpt>
      <trkpt lat="62.51229" lon="26.04661">
      </trkpt>
      <trkpt lat="62.51121" lon="26.04569">
      </trkpt>
      <trkpt lat="62.50956" lon="26.04477">
      </trkpt>
      <trkpt lat="62.50899" lon="26.04439">
      </trkpt>
      <trkpt lat="62.50848" lon="26.0439">
      </trkpt>
      <trkpt lat="62.50599" lon="26.04053">
      </trkpt>
      <trkpt lat="62.50517" lon="26.03958">
      </trkpt>
      <trkpt lat="62.50429" lon="26.03878">
      </trkpt>
      <trkpt lat="62.50249" lon="26.03741">
      </trkpt>
      <trkpt lat="62.50178" lon="26.03662">
      </trkpt>
      <trkpt lat="62.50133" lon="26.03603">
      </trkpt>
      <trkpt lat="62.50093" lon="26.03536">
      </trkpt>
      <trkpt lat="62.50053" lon="26.03457">
      </trkpt>
      <trkpt lat="62.50021" lon="26.03378">
      </trkpt>
      <trkpt lat="62.49871" lon="26.02864">
      </trkpt>
      <trkpt lat="62.49771" lon="26.02608">
      </trkpt>
      <trkpt lat="62.49728" lon="26.02466">
      </trkpt>
      <trkpt lat="62.49669" lon="26.02215">
      </trkpt>
      <trkpt lat="62.49628" lon="26.02101">
      </trkpt>
      <trkpt lat="62.49587" lon="26.02004">
      </trkpt>
      <trkpt lat="62.49532" lon="26.01918">
      </trkpt>
      <trkpt lat="62.49123" lon="26.01188">
      </trkpt>
      <trkpt lat="62.4908" lon="26.01136">
      </trkpt>
      <trkpt lat="62.49033" lon="26.01092">
      </trkpt>
      <trkpt lat="62.48983" lon="26.01066">
      </trkpt>
      <trkpt lat="62.48944" lon="26.01056">
      </trkpt>
      <trkpt lat="62.48853" lon="26.01066">
      </trkpt>
      <trkpt lat="62.48786" lon="26.01068">
      </trkpt>
      <trkpt lat="62.48129" lon="26.01022">
      </trkpt>
      <trkpt lat="62.48055" lon="26.00995">
      </trkpt>
      <trkpt lat="62.47941" lon="26.00933">
      </trkpt>
      <trkpt lat="62.47878" lon="26.0088">
      </trkpt>
      <trkpt lat="62.47847" lon="26.0084">
      </trkpt>
      <trkpt lat="62.47806" lon="26.00774">
      </trkpt>
      <trkpt lat="62.47781" lon="26.0072">
      </trkpt>
      <trkpt lat="62.47747" lon="26.00626">
      </trkpt>
      <trkpt lat="62.47663" lon="26.00353">
      </trkpt>
      <trkpt lat="62.47636" lon="26.00285">
      </trkpt>
      <trkpt lat="62.47576" lon="26.0016">
      </trkpt>
      <trkpt lat="62.47456" lon="25.99958">
      </trkpt>
      <trkpt lat="62.47269" lon="25.99683">
      </trkpt>
      <trkpt lat="62.47201" lon="25.99541">
      </trkpt>
      <trkpt lat="62.47172" lon="25.99469">
      </trkpt>
      <trkpt lat="62.47105" lon="25.99268">
      </trkpt>
      <trkpt lat="62.47062" lon="25.99186">
      </trkpt>
      <trkpt lat="62.46943" lon="25.99032">
      </trkpt>
      <trkpt lat="62.46829" lon="25.98908">
      </trkpt>
      <trkpt lat="62.46774" lon="25.98868">
      </trkpt>
      <trkpt lat="62.46477" lon="25.98749">
      </trkpt>
      <trkpt lat="62.46421" lon="25.98721">
      </trkpt>
      <trkpt lat="62.46383" lon="25.98692">
      </trkpt>
      <trkpt lat="62.46314" lon="25.98612">
      </trkpt>
      <trkpt lat="62.46281" lon="25.98557">
      </trkpt>
      <trkpt lat="62.46239" lon="25.98472">
      </trkpt>
      <trkpt lat="62.462" lon="25.9836">
      </trkpt>
      <trkpt lat="62.46184" lon="25.983">
      </trkpt>
      <trkpt lat="62.46133" lon="25.9804">
      </trkpt>
      <trkpt lat="62.46116" lon="25.97974">
      </trkpt>
      <trkpt lat="62.46016" lon="25.97674">
      </trkpt>
      <trkpt lat="62.45954" lon="25.97352">
      </trkpt>
      <trkpt lat="62.45926" lon="25.97259">
      </trkpt>
      <trkpt lat="62.45899" lon="25.97197">
      </trkpt>
      <trkpt lat="62.45827" lon="25.9708">
      </trkpt>
      <trkpt lat="62.45785" lon="25.96983">
      </trkpt>
      <trkpt lat="62.45753" lon="25.96851">
      </trkpt>
      <trkpt lat="62.45742" lon="25.96764">
      </trkpt>
      <trkpt lat="62.45737" lon="25.96688">
      </trkpt>
      <trkpt lat="62.45738" lon="25.96574">
      </trkpt>
      <trkpt lat="62.45749" lon="25.96469">
      </trkpt>
      <trkpt lat="62.45861" lon="25.95923">
      </trkpt>
      <trkpt lat="62.45904" lon="25.95676">
      </trkpt>
      <trkpt lat="62.45921" lon="25.95513">
      </trkpt>
      <trkpt lat="62.45929" lon="25.95305">
      </trkpt>
      <trkpt lat="62.45919" lon="25.95056">
      </trkpt>
      <trkpt lat="62.45908" lon="25.94952">
      </trkpt>
      <trkpt lat="62.45825" lon="25.94329">
      </trkpt>
      <trkpt lat="62.45827" lon="25.94344">
      </trkpt>
      <trkpt lat="62.45849" lon="25.94327">
      </trkpt>
      <trkpt lat="62.45848" lon="25.94247">
      </trkpt>
      <trkpt lat="62.4587" lon="25.94138">
      </trkpt>
      <trkpt lat="62.4588" lon="25.9411">
      </trkpt>
      <trkpt lat="62.45888" lon="25.94102">
      </trkpt>
      <trkpt lat="62.45814" lon="25.93939">
      </trkpt>
      <trkpt lat="62.45748" lon="25.93657">
      </trkpt>
      <trkpt lat="62.45727" lon="25.93591">
      </trkpt>
      <trkpt lat="62.45608" lon="25.93498">
      </trkpt>
      <trkpt lat="62.4553" lon="25.93411">
      </trkpt>
      <trkpt lat="62.45463" lon="25.93363">
      </trkpt>
      <trkpt lat="62.45039" lon="25.93154">
      </trkpt>
      <trkpt lat="62.45021" lon="25.93154">
      </trkpt>
      <trkpt lat="62.45009" lon="25.93163">
      </trkpt>
      <trkpt lat="62.44958" lon="25.93037">
      </trkpt>
      <trkpt lat="62.449" lon="25.92926">
      </trkpt>
      <trkpt lat="62.44844" lon="25.92854">
      </trkpt>
      <trkpt lat="62.44781" lon="25.92795">
      </trkpt>
      <trkpt lat="62.44744" lon="25.92769">
      </trkpt>
      <trkpt lat="62.44655" lon="25.92721">
      </trkpt>
      <trkpt lat="62.44605" lon="25.92687">
      </trkpt>
      <trkpt lat="62.44557" lon="25.92636">
      </trkpt>
      <trkpt lat="62.44519" lon="25.92607">
      </trkpt>
      <trkpt lat="62.44486" lon="25.9257">
      </trkpt>
      <trkpt lat="62.44462" lon="25.92526">
      </trkpt>
      <trkpt lat="62.44399" lon="25.92463">
      </trkpt>
      <trkpt lat="62.44326" lon="25.92417">
      </trkpt>
      <trkpt lat="62.44163" lon="25.92365">
      </trkpt>
      <trkpt lat="62.44118" lon="25.92341">
      </trkpt>
      <trkpt lat="62.44058" lon="25.92274">
      </trkpt>
      <trkpt lat="62.43971" lon="25.9216">
      </trkpt>
      <trkpt lat="62.43644" lon="25.91717">
      </trkpt>
      <trkpt lat="62.43562" lon="25.91619">
      </trkpt>
      <trkpt lat="62.43492" lon="25.91548">
      </trkpt>
      <trkpt lat="62.43452" lon="25.91512">
      </trkpt>
      <trkpt lat="62.43404" lon="25.91482">
      </trkpt>
      <trkpt lat="62.43355" lon="25.91453">
      </trkpt>
      <trkpt lat="62.43268" lon="25.91411">
      </trkpt>
      <trkpt lat="62.43209" lon="25.914">
      </trkpt>
      <trkpt lat="62.43095" lon="25.91401">
      </trkpt>
      <trkpt lat="62.42957" lon="25.91452">
      </trkpt>
      <trkpt lat="62.42717" lon="25.91573">
      </trkpt>
      <trkpt lat="62.42614" lon="25.91627">
      </trkpt>
      <trkpt lat="62.42546" lon="25.91679">
      </trkpt>
      <trkpt lat="62.42533" lon="25.91679">
      </trkpt>
      <trkpt lat="62.42521" lon="25.91668">
      </trkpt>
      <trkpt lat="62.42504" lon="25.91687">
      </trkpt>
      <trkpt lat="62.42492" lon="25.91679">
      </trkpt>
      <trkpt lat="62.42483" lon="25.91838">
      </trkpt>
      <trkpt lat="62.42434" lon="25.91915">
      </trkpt>
      <trkpt lat="62.42402" lon="25.91995">
      </trkpt>
      <trkpt lat="62.4235" lon="25.92169">
      </trkpt>
      <trkpt lat="62.42311" lon="25.92361">
      </trkpt>
      <trkpt lat="62.42246" lon="25.92963">
      </trkpt>
      <trkpt lat="62.42215" lon="25.9315">
      </trkpt>
      <trkpt lat="62.4218" lon="25.9332">
      </trkpt>
      <trkpt lat="62.42147" lon="25.93435">
      </trkpt>
      <trkpt lat="62.41991" lon="25.9389">
      </trkpt>
      <trkpt lat="62.41905" lon="25.94186">
      </trkpt>
      <trkpt lat="62.41888" lon="25.94281">
      </trkpt>
      <trkpt lat="62.41869" lon="25.94318">
      </trkpt>
      <trkpt lat="62.41848" lon="25.94398">
      </trkpt>
      <trkpt lat="62.41775" lon="25.94626">
      </trkpt>
      <trkpt lat="62.41708" lon="25.94756">
      </trkpt>
      <trkpt lat="62.41655" lon="25.94835">
      </trkpt>
      <trkpt lat="62.41605" lon="25.949">
      </trkpt>
      <trkpt lat="62.41528" lon="25.94981">
      </trkpt>
      <trkpt lat="62.41514" lon="25.95018">
      </trkpt>
      <trkpt lat="62.41511" lon="25.95045">
      </trkpt>
      <trkpt lat="62.41491" lon="25.9504">
      </trkpt>
      <trkpt lat="62.41488" lon="25.9501">
      </trkpt>
      <trkpt lat="62.4148" lon="25.95">
      </trkpt>
      <trkpt lat="62.41397" lon="25.95021">
      </trkpt>
      <trkpt lat="62.41246" lon="25.95075">
      </trkpt>
      <trkpt lat="62.41224" lon="25.95129">
      </trkpt>
      <trkpt lat="62.41215" lon="25.9512">
      </trkpt>
      <trkpt lat="62.41132" lon="25.95157">
      </trkpt>
      <trkpt lat="62.41129" lon="25.95119">
      </trkpt>
      <trkpt lat="62.40963" lon="25.95211">
      </trkpt>
      <trkpt lat="62.40847" lon="25.95242">
      </trkpt>
      <trkpt lat="62.40755" lon="25.95199">
      </trkpt>
      <trkpt lat="62.40699" lon="25.95154">
      </trkpt>
      <trkpt lat="62.40492" lon="25.94917">
      </trkpt>
      <trkpt lat="62.40466" lon="25.94866">
      </trkpt>
      <trkpt lat="62.40413" lon="25.94688">
      </trkpt>
      <trkpt lat="62.40361" lon="25.9457">
      </trkpt>
      <trkpt lat="62.40278" lon="25.94441">
      </trkpt>
      <trkpt lat="62.40174" lon="25.94352">
      </trkpt>
      <trkpt lat="62.40134" lon="25.94349">
      </trkpt>
      <trkpt lat="62.40099" lon="25.94362">
      </trkpt>
      <trkpt lat="62.39912" lon="25.94465">
      </trkpt>
      <trkpt lat="62.39866" lon="25.94474">
      </trkpt>
      <trkpt lat="62.39857" lon="25.94465">
      </trkpt>
      <trkpt lat="62.39849" lon="25.94468">
      </trkpt>
      <trkpt lat="62.39839" lon="25.94474">
      </trkpt>
      <trkpt lat="62.39758" lon="25.94576">
      </trkpt>
      <trkpt lat="62.39734" lon="25.94592">
      </trkpt>
      <trkpt lat="62.39711" lon="25.94598">
      </trkpt>
      <trkpt lat="62.39662" lon="25.94599">
      </trkpt>
      <trkpt lat="62.39648" lon="25.94606">
      </trkpt>
      <trkpt lat="62.39581" lon="25.94605">
      </trkpt>
      <trkpt lat="62.39486" lon="25.94575">
      </trkpt>
      <trkpt lat="62.39474" lon="25.9456">
      </trkpt>
      <trkpt lat="62.39434" lon="25.9454">
      </trkpt>
      <trkpt lat="62.39408" lon="25.94521">
      </trkpt>
      <trkpt lat="62.39322" lon="25.94425">
      </trkpt>
      <trkpt lat="62.39258" lon="25.94369">
      </trkpt>
      <trkpt lat="62.39179" lon="25.94262">
      </trkpt>
      <trkpt lat="62.3911" lon="25.94216">
      </trkpt>
      <trkpt lat="62.39086" lon="25.94192">
      </trkpt>
      <trkpt lat="62.39021" lon="25.94072">
      </trkpt>
      <trkpt lat="62.38995" lon="25.94041">
      </trkpt>
      <trkpt lat="62.38937" lon="25.93993">
      </trkpt>
      <trkpt lat="62.38919" lon="25.93984">
      </trkpt>
      <trkpt lat="62.38823" lon="25.93967">
      </trkpt>
      <trkpt lat="62.38813" lon="25.93953">
      </trkpt>
      <trkpt lat="62.38787" lon="25.93944">
      </trkpt>
      <trkpt lat="62.38771" lon="25.93959">
      </trkpt>
      <trkpt lat="62.38712" lon="25.93947">
      </trkpt>
      <trkpt lat="62.38691" lon="25.93953">
      </trkpt>
      <trkpt lat="62.38681" lon="25.93967">
      </trkpt>
      <trkpt lat="62.38653" lon="25.93971">
      </trkpt>
      <trkpt lat="62.38584" lon="25.93968">
      </trkpt>
      <trkpt lat="62.38563" lon="25.93972">
      </trkpt>
      <trkpt lat="62.38408" lon="25.94074">
      </trkpt>
      <trkpt lat="62.38308" lon="25.94111">
      </trkpt>
      <trkpt lat="62.38272" lon="25.94109">
      </trkpt>
      <trkpt lat="62.3825" lon="25.9409">
      </trkpt>
      <trkpt lat="62.3822" lon="25.9405">
      </trkpt>
      <trkpt lat="62.38188" lon="25.93995">
      </trkpt>
      <trkpt lat="62.38153" lon="25.93958">
      </trkpt>
      <trkpt lat="62.37994" lon="25.93869">
      </trkpt>
      <trkpt lat="62.3792" lon="25.93835">
      </trkpt>
      <trkpt lat="62.37837" lon="25.93801">
      </trkpt>
      <trkpt lat="62.37783" lon="25.93788">
      </trkpt>
      <trkpt lat="62.37722" lon="25.93785">
      </trkpt>
      <trkpt lat="62.37668" lon="25.93809">
      </trkpt>
      <trkpt lat="62.37625" lon="25.93845">
      </trkpt>
      <trkpt lat="62.37515" lon="25.93967">
      </trkpt>
      <trkpt lat="62.37476" lon="25.93989">
      </trkpt>
      <trkpt lat="62.37423" lon="25.93989">
      </trkpt>
      <trkpt lat="62.37309" lon="25.93927">
      </trkpt>
      <trkpt lat="62.37272" lon="25.93924">
      </trkpt>
      <trkpt lat="62.37217" lon="25.93955">
      </trkpt>
      <trkpt lat="62.37124" lon="25.94039">
      </trkpt>
      <trkpt lat="62.37093" lon="25.94061">
      </trkpt>
      <trkpt lat="62.37069" lon="25.94068">
      </trkpt>
      <trkpt lat="62.3703" lon="25.94064">
      </trkpt>
      <trkpt lat="62.36827" lon="25.93992">
      </trkpt>
      <trkpt lat="62.36671" lon="25.93976">
      </trkpt>
      <trkpt lat="62.36635" lon="25.93958">
      </trkpt>
      <trkpt lat="62.36598" lon="25.93915">
      </trkpt>
      <trkpt lat="62.36533" lon="25.93794">
      </trkpt>
      <trkpt lat="62.36499" lon="25.93762">
      </trkpt>
      <trkpt lat="62.3645" lon="25.93729">
      </trkpt>
      <trkpt lat="62.36412" lon="25.93718">
      </trkpt>
      <trkpt lat="62.36339" lon="25.93715">
      </trkpt>
      <trkpt lat="62.36294" lon="25.93704">
      </trkpt>
      <trkpt lat="62.3625" lon="25.93681">
      </trkpt>
      <trkpt lat="62.36019" lon="25.93349">
      </trkpt>
      <trkpt lat="62.35994" lon="25.93321">
      </trkpt>
      <trkpt lat="62.3594" lon="25.93275">
      </trkpt>
      <trkpt lat="62.3592" lon="25.93266">
      </trkpt>
      <trkpt lat="62.35898" lon="25.93267">
      </trkpt>
      <trkpt lat="62.35875" lon="25.9328">
      </trkpt>
      <trkpt lat="62.35826" lon="25.93332">
      </trkpt>
      <trkpt lat="62.35788" lon="25.93363">
      </trkpt>
      <trkpt lat="62.35753" lon="25.93378">
      </trkpt>
      <trkpt lat="62.35701" lon="25.93415">
      </trkpt>
      <trkpt lat="62.35675" lon="25.9342">
      </trkpt>
      <trkpt lat="62.35654" lon="25.9341">
      </trkpt>
      <trkpt lat="62.3563" lon="25.93388">
      </trkpt>
      <trkpt lat="62.35584" lon="25.93336">
      </trkpt>
      <trkpt lat="62.35603" lon="25.93277">
      </trkpt>
      <trkpt lat="62.35687" lon="25.92845">
      </trkpt>
      <trkpt lat="62.35703" lon="25.92694">
      </trkpt>
      <trkpt lat="62.35717" lon="25.92628">
      </trkpt>
      <trkpt lat="62.35789" lon="25.92449">
      </trkpt>
      <trkpt lat="62.35804" lon="25.9242">
      </trkpt>
      <trkpt lat="62.35829" lon="25.92387">
      </trkpt>
      <trkpt lat="62.35945" lon="25.92123">
      </trkpt>
      <trkpt lat="62.35978" lon="25.92054">
      </trkpt>
      <trkpt lat="62.36019" lon="25.91985">
      </trkpt>
      <trkpt lat="62.36104" lon="25.91771">
      </trkpt>
      <trkpt lat="62.36171" lon="25.91577">
      </trkpt>
      <trkpt lat="62.36186" lon="25.91599">
      </trkpt>
      <trkpt lat="62.36224" lon="25.9147">
      </trkpt>
      <trkpt lat="62.36272" lon="25.91352">
      </trkpt>
      <trkpt lat="62.36338" lon="25.91233">
      </trkpt>
      <trkpt lat="62.36362" lon="25.91179">
      </trkpt>
      <trkpt lat="62.36683" lon="25.8996">
      </trkpt>
      <trkpt lat="62.36689" lon="25.89868">
      </trkpt>
      <trkpt lat="62.36668" lon="25.89601">
      </trkpt>
      <trkpt lat="62.36669" lon="25.89514">
      </trkpt>
      <trkpt lat="62.36664" lon="25.89445">
      </trkpt>
      <trkpt lat="62.36647" lon="25.89296">
      </trkpt>
      <trkpt lat="62.36651" lon="25.89123">
      </trkpt>
      <trkpt lat="62.36657" lon="25.89065">
      </trkpt>
      <trkpt lat="62.36683" lon="25.88926">
      </trkpt>
      <trkpt lat="62.3675" lon="25.88712">
      </trkpt>
      <trkpt lat="62.36738" lon="25.886969">
      </trkpt>
      <trkpt lat="62.36729" lon="25.88676">
      </trkpt>
      <trkpt lat="62.36719" lon="25.88609">
      </trkpt>
      <trkpt lat="62.36695" lon="25.88525">
      </trkpt>
      <trkpt lat="62.36687" lon="25.88424">
      </trkpt>
      <trkpt lat="62.36669" lon="25.88378">
      </trkpt>
      <trkpt lat="62.36657" lon="25.8837">
      </trkpt>
      <trkpt lat="62.36474" lon="25.88317">
      </trkpt>
      <trkpt lat="62.36331" lon="25.88267">
      </trkpt>
      <trkpt lat="62.35845" lon="25.88061">
      </trkpt>
      <trkpt lat="62.35809" lon="25.8808">
      </trkpt>
      <trkpt lat="62.35776" lon="25.88066">
      </trkpt>
      <trkpt lat="62.35743" lon="25.88021">
      </trkpt>
      <trkpt lat="62.3537" lon="25.87864">
      </trkpt>
      <trkpt lat="62.35247" lon="25.87804">
      </trkpt>
      <trkpt lat="62.35196" lon="25.87784">
      </trkpt>
      <trkpt lat="62.3506" lon="25.87735">
      </trkpt>
      <trkpt lat="62.34701" lon="25.8765">
      </trkpt>
      <trkpt lat="62.34611" lon="25.87616">
      </trkpt>
      <trkpt lat="62.34503" lon="25.87563">
      </trkpt>
      <trkpt lat="62.34335" lon="25.8745">
      </trkpt>
      <trkpt lat="62.33895" lon="25.87124">
      </trkpt>
      <trkpt lat="62.33733" lon="25.86984">
      </trkpt>
      <trkpt lat="62.33632" lon="25.8689">
      </trkpt>
      <trkpt lat="62.33523" lon="25.86768">
      </trkpt>
      <trkpt lat="62.33266" lon="25.86437">
      </trkpt>
      <trkpt lat="62.33183" lon="25.86352">
      </trkpt>
      <trkpt lat="62.33078" lon="25.86279">
      </trkpt>
      <trkpt lat="62.33048" lon="25.86269">
      </trkpt>
      <trkpt lat="62.33025" lon="25.86281">
      </trkpt>
      <trkpt lat="62.32919" lon="25.86224">
      </trkpt>
      <trkpt lat="62.32879" lon="25.86184">
      </trkpt>
      <trkpt lat="62.3272" lon="25.86086">
      </trkpt>
      <trkpt lat="62.32601" lon="25.85995">
      </trkpt>
      <trkpt lat="62.3249" lon="25.85878">
      </trkpt>
      <trkpt lat="62.32246" lon="25.85564">
      </trkpt>
      <trkpt lat="62.32044" lon="25.85327">
      </trkpt>
      <trkpt lat="62.31955" lon="25.85234">
      </trkpt>
      <trkpt lat="62.31818" lon="25.85104">
      </trkpt>
      <trkpt lat="62.31732" lon="25.8503">
      </trkpt>
      <trkpt lat="62.31665" lon="25.8498">
      </trkpt>
      <trkpt lat="62.31622" lon="25.8494">
      </trkpt>
      <trkpt lat="62.31568" lon="25.84904">
      </trkpt>
      <trkpt lat="62.31536" lon="25.84895">
      </trkpt>
      <trkpt lat="62.31518" lon="25.84884">
      </trkpt>
      <trkpt lat="62.31499" lon="25.8486">
      </trkpt>
      <trkpt lat="62.31461" lon="25.84836">
      </trkpt>
      <trkpt lat="62.31382" lon="25.84792">
      </trkpt>
      <trkpt lat="62.31359" lon="25.84781">
      </trkpt>
      <trkpt lat="62.31323" lon="25.84773">
      </trkpt>
      <trkpt lat="62.31278" lon="25.84748">
      </trkpt>
      <trkpt lat="62.31206" lon="25.84694">
      </trkpt>
      <trkpt lat="62.31152" lon="25.84642">
      </trkpt>
      <trkpt lat="62.31042" lon="25.84502">
      </trkpt>
      <trkpt lat="62.31028" lon="25.84496">
      </trkpt>
      <trkpt lat="62.31019" lon="25.84485">
      </trkpt>
      <trkpt lat="62.30992" lon="25.84436">
      </trkpt>
      <trkpt lat="62.30988" lon="25.84412">
      </trkpt>
      <trkpt lat="62.30967" lon="25.84372">
      </trkpt>
      <trkpt lat="62.30884" lon="25.84135">
      </trkpt>
      <trkpt lat="62.30825" lon="25.8391">
      </trkpt>
      <trkpt lat="62.30771" lon="25.83738">
      </trkpt>
      <trkpt lat="62.30733" lon="25.83557">
      </trkpt>
      <trkpt lat="62.30713" lon="25.83537">
      </trkpt>
      <trkpt lat="62.30696" lon="25.83544">
      </trkpt>
      <trkpt lat="62.30668" lon="25.83547">
      </trkpt>
      <trkpt lat="62.3066" lon="25.83539">
      </trkpt>
      <trkpt lat="62.30649" lon="25.8351">
      </trkpt>
      <trkpt lat="62.30629" lon="25.83443">
      </trkpt>
      <trkpt lat="62.3064" lon="25.83423">
      </trkpt>
      <trkpt lat="62.30642" lon="25.83408">
      </trkpt>
      <trkpt lat="62.30622" lon="25.83312">
      </trkpt>
      <trkpt lat="62.30622" lon="25.83283">
      </trkpt>
      <trkpt lat="62.30636" lon="25.83211">
      </trkpt>
      <trkpt lat="62.30635" lon="25.83182">
      </trkpt>
      <trkpt lat="62.30613" lon="25.83117">
      </trkpt>
      <trkpt lat="62.30588" lon="25.83068">
      </trkpt>
      <trkpt lat="62.30513" lon="25.82882">
      </trkpt>
      <trkpt lat="62.30454" lon="25.82759">
      </trkpt>
      <trkpt lat="62.3035" lon="25.82565">
      </trkpt>
      <trkpt lat="62.30272" lon="25.8244">
      </trkpt>
      <trkpt lat="62.30083" lon="25.82167">
      </trkpt>
      <trkpt lat="62.2997" lon="25.81982">
      </trkpt>
      <trkpt lat="62.29886" lon="25.81827">
      </trkpt>
      <trkpt lat="62.29871" lon="25.81783">
      </trkpt>
      <trkpt lat="62.29852" lon="25.81745">
      </trkpt>
      <trkpt lat="62.29837" lon="25.81726">
      </trkpt>
      <trkpt lat="62.29747" lon="25.81527">
      </trkpt>
      <trkpt lat="62.29698" lon="25.81438">
      </trkpt>
      <trkpt lat="62.29658" lon="25.81382">
      </trkpt>
      <trkpt lat="62.29612" lon="25.81334">
      </trkpt>
      <trkpt lat="62.29557" lon="25.81296">
      </trkpt>
      <trkpt lat="62.29526" lon="25.81282">
      </trkpt>
      <trkpt lat="62.29477" lon="25.81273">
      </trkpt>
      <trkpt lat="62.29433" lon="25.81274">
      </trkpt>
      <trkpt lat="62.29403" lon="25.81282">
      </trkpt>
      <trkpt lat="62.29378" lon="25.81301">
      </trkpt>
      <trkpt lat="62.29355" lon="25.81329">
      </trkpt>
      <trkpt lat="62.29335" lon="25.81366">
      </trkpt>
      <trkpt lat="62.29317" lon="25.81383">
      </trkpt>
      <trkpt lat="62.29283" lon="25.81386">
      </trkpt>
      <trkpt lat="62.29161" lon="25.81499">
      </trkpt>
      <trkpt lat="62.29121" lon="25.8152">
      </trkpt>
      <trkpt lat="62.29078" lon="25.81533">
      </trkpt>
      <trkpt lat="62.29026" lon="25.81532">
      </trkpt>
      <trkpt lat="62.2897" lon="25.81515">
      </trkpt>
      <trkpt lat="62.28928" lon="25.81491">
      </trkpt>
      <trkpt lat="62.28877" lon="25.81444">
      </trkpt>
      <trkpt lat="62.28646" lon="25.81117">
      </trkpt>
      <trkpt lat="62.28525" lon="25.80931">
      </trkpt>
      <trkpt lat="62.28117" lon="25.80341">
      </trkpt>
      <trkpt lat="62.28108" lon="25.80331">
      </trkpt>
      <trkpt lat="62.28091" lon="25.80331">
      </trkpt>
      <trkpt lat="62.28075" lon="25.80316">
      </trkpt>
      <trkpt lat="62.28068" lon="25.80305">
      </trkpt>
      <trkpt lat="62.28059" lon="25.80257">
      </trkpt>
      <trkpt lat="62.27551" lon="25.79504">
      </trkpt>
      <trkpt lat="62.27325" lon="25.79184">
      </trkpt>
      <trkpt lat="62.27256" lon="25.79066">
      </trkpt>
      <trkpt lat="62.27245" lon="25.79056">
      </trkpt>
      <trkpt lat="62.27091" lon="25.78819">
      </trkpt>
      <trkpt lat="62.27017" lon="25.78695">
      </trkpt>
      <trkpt lat="62.26985" lon="25.78628">
      </trkpt>
      <trkpt lat="62.26879" lon="25.78352">
      </trkpt>
      <trkpt lat="62.26809" lon="25.7814">
      </trkpt>
      <trkpt lat="62.26693" lon="25.77851">
      </trkpt>
      <trkpt lat="62.26658" lon="25.7785">
      </trkpt>
      <trkpt lat="62.26645" lon="25.77856">
      </trkpt>
      <trkpt lat="62.26529" lon="25.7797">
      </trkpt>
      <trkpt lat="62.26513" lon="25.78">
      </trkpt>
      <trkpt lat="62.26497" lon="25.78015">
      </trkpt>
      <trkpt lat="62.26485" lon="25.78012">
      </trkpt>
      <trkpt lat="62.2629" lon="25.78196">
      </trkpt>
      <trkpt lat="62.26262" lon="25.78204">
      </trkpt>
      <trkpt lat="62.26219" lon="25.7823">
      </trkpt>
      <trkpt lat="62.2616" lon="25.78254">
      </trkpt>
      <trkpt lat="62.26104" lon="25.78258">
      </trkpt>
      <trkpt lat="62.26027" lon="25.78238">
      </trkpt>
      <trkpt lat="62.25996" lon="25.78225">
      </trkpt>
      <trkpt lat="62.25984" lon="25.78209">
      </trkpt>
      <trkpt lat="62.25881" lon="25.78162">
      </trkpt>
      <trkpt lat="62.25766" lon="25.78117">
      </trkpt>
      <trkpt lat="62.25729" lon="25.78125">
      </trkpt>
      <trkpt lat="62.25712" lon="25.7812">
      </trkpt>
      <trkpt lat="62.25618" lon="25.78046">
      </trkpt>
      <trkpt lat="62.25563" lon="25.78011">
      </trkpt>
      <trkpt lat="62.25518" lon="25.7797">
      </trkpt>
      <trkpt lat="62.25475" lon="25.77909">
      </trkpt>
      <trkpt lat="62.25432" lon="25.77824">
      </trkpt>
      <trkpt lat="62.254" lon="25.77869">
      </trkpt>
      <trkpt lat="62.25384" lon="25.77868">
      </trkpt>
      <trkpt lat="62.25327" lon="25.77911">
      </trkpt>
      <trkpt lat="62.25321" lon="25.77989">
      </trkpt>
      <trkpt lat="62.25312" lon="25.78003">
      </trkpt>
      <trkpt lat="62.25269" lon="25.77989">
      </trkpt>
      <trkpt lat="62.25139" lon="25.78">
      </trkpt>
      <trkpt lat="62.25125" lon="25.7799">
      </trkpt>
      <trkpt lat="62.24993" lon="25.77837">
      </trkpt>
      <trkpt lat="62.24976" lon="25.77823">
      </trkpt>
      <trkpt lat="62.24945" lon="25.77766">
      </trkpt>
      <trkpt lat="62.24933" lon="25.77757">
      </trkpt>
      <trkpt lat="62.24912" lon="25.77751">
      </trkpt>
      <trkpt lat="62.24825" lon="25.77738">
      </trkpt>
      <trkpt lat="62.24791" lon="25.77712">
      </trkpt>
      <trkpt lat="62.24731" lon="25.77634">
      </trkpt>
      <trkpt lat="62.24656" lon="25.77561">
      </trkpt>
      <trkpt lat="62.24578" lon="25.77445">
      </trkpt>
      <trkpt lat="62.24577" lon="25.77423">
      </trkpt>
      <trkpt lat="62.24607" lon="25.77368">
      </trkpt>
      <trkpt lat="62.24611" lon="25.77333">
      </trkpt>
      <trkpt lat="62.24613" lon="25.77216">
      </trkpt>
      <trkpt lat="62.24607" lon="25.77138">
      </trkpt>
      <trkpt lat="62.24591" lon="25.7705">
      </trkpt>
      <trkpt lat="62.24524" lon="25.76873">
      </trkpt>
      <trkpt lat="62.24503" lon="25.76805">
      </trkpt>
      <trkpt lat="62.24486" lon="25.76703">
      </trkpt>
      <trkpt lat="62.24459" lon="25.7642">
      </trkpt>
      <trkpt lat="62.24414" lon="25.76231">
      </trkpt>
      <trkpt lat="62.24393" lon="25.76239">
      </trkpt>
      <trkpt lat="62.24383" lon="25.76238">
      </trkpt>
      <trkpt lat="62.24363" lon="25.76211">
      </trkpt>
      <trkpt lat="62.24296" lon="25.7637">
      </trkpt>
      <trkpt lat="62.24285" lon="25.76413">
      </trkpt>
      <trkpt lat="62.24228" lon="25.76546">
      </trkpt>
      <trkpt lat="62.24219" lon="25.76549">
      </trkpt>
      <trkpt lat="62.24172" lon="25.76517">
      </trkpt>
      <trkpt lat="62.2406" lon="25.76469">
      </trkpt>
      <trkpt lat="62.24032" lon="25.76478">
      </trkpt>
      <trkpt lat="62.24005" lon="25.76471">
      </trkpt>
      <trkpt lat="62.23997" lon="25.76474">
      </trkpt>
      <trkpt lat="62.23952" lon="25.76532">
      </trkpt>
      <trkpt lat="62.23939" lon="25.76532">
      </trkpt>
      <trkpt lat="62.23885" lon="25.7651">
      </trkpt>
      <trkpt lat="62.23873" lon="25.76492">
      </trkpt>
      <trkpt lat="62.23861" lon="25.76429">
      </trkpt>
      <trkpt lat="62.23834" lon="25.76406">
      </trkpt>
      <trkpt lat="62.23762" lon="25.76369">
      </trkpt>
      <trkpt lat="62.23691" lon="25.76321">
      </trkpt>
      <trkpt lat="62.23586" lon="25.7614">
      </trkpt>
      <trkpt lat="62.2358" lon="25.76057">
      </trkpt>
      <trkpt lat="62.23563" lon="25.76002">
      </trkpt>
      <trkpt lat="62.23564" lon="25.75979">
      </trkpt>
      <trkpt lat="62.23606" lon="25.75868">
      </trkpt>
      <trkpt lat="62.23648" lon="25.75778">
      </trkpt>
      <trkpt lat="62.2366" lon="25.75724">
      </trkpt>
      <trkpt lat="62.23656" lon="25.75683">
      </trkpt>
      <trkpt lat="62.23704" lon="25.75552">
      </trkpt>
      <trkpt lat="62.23709" lon="25.75526">
      </trkpt>
      <trkpt lat="62.23719" lon="25.75396">
      </trkpt>
      <trkpt lat="62.2381" lon="25.75136">
      </trkpt>
      <trkpt lat="62.23807" lon="25.75105">
      </trkpt>
      <trkpt lat="62.23658" lon="25.74791">
      </trkpt>
      <trkpt lat="62.23633" lon="25.74778">
      </trkpt>
      <trkpt lat="62.23542" lon="25.7454">
      </trkpt>
      <trkpt lat="62.23525" lon="25.74493">
      </trkpt>
      <trkpt lat="62.2352" lon="25.74464">
      </trkpt>
      <trkpt lat="62.2352" lon="25.74399">
      </trkpt>
      <trkpt lat="62.23444" lon="25.74122">
      </trkpt>
      <trkpt lat="62.23437" lon="25.74119">
      </trkpt>
      <trkpt lat="62.23432" lon="25.74125">
      </trkpt>
      <trkpt lat="62.23429" lon="25.74119">
      </trkpt>
      <trkpt lat="62.23369" lon="25.74153">
      </trkpt>
      <trkpt lat="62.23352" lon="25.74146">
      </trkpt>
      <trkpt lat="62.23254" lon="25.73954">
      </trkpt>
      <trkpt lat="62.23252" lon="25.73906">
      </trkpt>
      <trkpt lat="62.23195" lon="25.73794">
      </trkpt>
      <trkpt lat="62.23169" lon="25.73754">
      </trkpt>
      <trkpt lat="62.23149" lon="25.73693">
      </trkpt>
      <trkpt lat="62.23061" lon="25.73521">
      </trkpt>
      <trkpt lat="62.23047" lon="25.73507">
      </trkpt>
      <trkpt lat="62.23025" lon="25.73504">
      </trkpt>
      <trkpt lat="62.22994" lon="25.73449">
      </trkpt>
      <trkpt lat="62.22985" lon="25.73386">
      </trkpt>
      <trkpt lat="62.22936" lon="25.73278">
      </trkpt>
      <trkpt lat="62.229" lon="25.73001">
      </trkpt>
      <trkpt lat="62.22891" lon="25.72979">
      </trkpt>
      <trkpt lat="62.2288" lon="25.72963">
      </trkpt>
      <trkpt lat="62.22798" lon="25.72886">
      </trkpt>
      <trkpt lat="62.22679" lon="25.72794">
      </trkpt>
      <trkpt lat="62.22657" lon="25.72787">
      </trkpt>
      <trkpt lat="62.22638" lon="25.72789">
      </trkpt>
      <trkpt lat="62.22626" lon="25.72803">
      </trkpt>
      <trkpt lat="62.22618" lon="25.72823">
      </trkpt>
      <trkpt lat="62.226" lon="25.72793">
      </trkpt>
      <trkpt lat="62.22594" lon="25.72724">
      </trkpt>
      <trkpt lat="62.22588" lon="25.72714">
      </trkpt>
      <trkpt lat="62.22553" lon="25.72696">
      </trkpt>
      <trkpt lat="62.2252" lon="25.72726">
      </trkpt>
      <trkpt lat="62.22392" lon="25.72675">
      </trkpt>
      <trkpt lat="62.22174" lon="25.72603">
      </trkpt>
      <trkpt lat="62.22137" lon="25.72575">
      </trkpt>
      <trkpt lat="62.22123" lon="25.7257">
      </trkpt>
      <trkpt lat="62.22087" lon="25.72565">
      </trkpt>
      <trkpt lat="62.22043" lon="25.72573">
      </trkpt>
      <trkpt lat="62.22014" lon="25.72572">
      </trkpt>
      <trkpt lat="62.21983" lon="25.72583">
      </trkpt>
      <trkpt lat="62.21957" lon="25.72603">
      </trkpt>
      <trkpt lat="62.21912" lon="25.72657">
      </trkpt>
      <trkpt lat="62.21857" lon="25.72744">
      </trkpt>
      <trkpt lat="62.21821" lon="25.72769">
      </trkpt>
      <trkpt lat="62.2179" lon="25.72771">
      </trkpt>
      <trkpt lat="62.21772" lon="25.72801">
      </trkpt>
      <trkpt lat="62.21763" lon="25.728">
      </trkpt>
      <trkpt lat="62.21721" lon="25.72777">
      </trkpt>
      <trkpt lat="62.21703" lon="25.72756">
      </trkpt>
      <trkpt lat="62.2169" lon="25.72705">
      </trkpt>
      <trkpt lat="62.21682" lon="25.72618">
      </trkpt>
      <trkpt lat="62.21676" lon="25.726">
      </trkpt>
      <trkpt lat="62.21662" lon="25.72581">
      </trkpt>
      <trkpt lat="62.21544" lon="25.72569">
      </trkpt>
      <trkpt lat="62.21486" lon="25.72535">
      </trkpt>
      <trkpt lat="62.2144" lon="25.72529">
      </trkpt>
      <trkpt lat="62.21368" lon="25.72446">
      </trkpt>
      <trkpt lat="62.21342" lon="25.72401">
      </trkpt>
      <trkpt lat="62.21316" lon="25.7234">
      </trkpt>
      <trkpt lat="62.21184" lon="25.72108">
      </trkpt>
      <trkpt lat="62.21161" lon="25.72077">
      </trkpt>
      <trkpt lat="62.2114" lon="25.72052">
      </trkpt>
      <trkpt lat="62.21121" lon="25.72038">
      </trkpt>
      <trkpt lat="62.21069" lon="25.72024">
      </trkpt>
      <trkpt lat="62.21036" lon="25.72002">
      </trkpt>
      <trkpt lat="62.21012" lon="25.71857">
      </trkpt>
      <trkpt lat="62.20968" lon="25.71881">
      </trkpt>
      <trkpt lat="62.20875" lon="25.71883">
      </trkpt>
      <trkpt lat="62.20852" lon="25.71906">
      </trkpt>
      <trkpt lat="62.20835" lon="25.71932">
      </trkpt>
      <trkpt lat="62.20814" lon="25.71987">
      </trkpt>
      <trkpt lat="62.20731" lon="25.72097">
      </trkpt>
      <trkpt lat="62.20702" lon="25.7213">
      </trkpt>
      <trkpt lat="62.20681" lon="25.72144">
      </trkpt>
      <trkpt lat="62.20658" lon="25.72155">
      </trkpt>
      <trkpt lat="62.20612" lon="25.7216">
      </trkpt>
      <trkpt lat="62.20573" lon="25.72151">
      </trkpt>
      <trkpt lat="62.20563" lon="25.72142">
      </trkpt>
      <trkpt lat="62.20512" lon="25.72142">
      </trkpt>
      <trkpt lat="62.20462" lon="25.72168">
      </trkpt>
      <trkpt lat="62.20267" lon="25.72311">
      </trkpt>
      <trkpt lat="62.2026" lon="25.72322">
      </trkpt>
      <trkpt lat="62.20211" lon="25.72345">
      </trkpt>
      <trkpt lat="62.20141" lon="25.7236">
      </trkpt>
      <trkpt lat="62.2009" lon="25.72358">
      </trkpt>
      <trkpt lat="62.20055" lon="25.72349">
      </trkpt>
      <trkpt lat="62.19979" lon="25.7231">
      </trkpt>
      <trkpt lat="62.19909" lon="25.72252">
      </trkpt>
      <trkpt lat="62.19866" lon="25.72196">
      </trkpt>
      <trkpt lat="62.19802" lon="25.72095">
      </trkpt>
      <trkpt lat="62.19798" lon="25.72081">
      </trkpt>
      <trkpt lat="62.19786" lon="25.72069">
      </trkpt>
      <trkpt lat="62.19595" lon="25.71765">
      </trkpt>
      <trkpt lat="62.19542" lon="25.71701">
      </trkpt>
      <trkpt lat="62.19276" lon="25.71492">
      </trkpt>
      <trkpt lat="62.19208" lon="25.71451">
      </trkpt>
      <trkpt lat="62.19196" lon="25.7145">
      </trkpt>
      <trkpt lat="62.19036" lon="25.71377">
      </trkpt>
      <trkpt lat="62.18905" lon="25.71311">
      </trkpt>
      <trkpt lat="62.18896" lon="25.7129">
      </trkpt>
      <trkpt lat="62.18874" lon="25.71271">
      </trkpt>
      <trkpt lat="62.18859" lon="25.7134">
      </trkpt>
      <trkpt lat="62.18836" lon="25.71394">
      </trkpt>
      <trkpt lat="62.18677" lon="25.71594">
      </trkpt>
      <trkpt lat="62.18577" lon="25.71712">
      </trkpt>
      <trkpt lat="62.18547" lon="25.71759">
      </trkpt>
      <trkpt lat="62.18466" lon="25.71856">
      </trkpt>
      <trkpt lat="62.1843" lon="25.71886">
      </trkpt>
      <trkpt lat="62.18381" lon="25.71958">
      </trkpt>
      <trkpt lat="62.18226" lon="25.72245">
      </trkpt>
      <trkpt lat="62.18158" lon="25.724">
      </trkpt>
      <trkpt lat="62.18132" lon="25.72485">
      </trkpt>
      <trkpt lat="62.18077" lon="25.72714">
      </trkpt>
      <trkpt lat="62.18013" lon="25.72935">
      </trkpt>
      <trkpt lat="62.1798" lon="25.73045">
      </trkpt>
      <trkpt lat="62.17968" lon="25.73057">
      </trkpt>
      <trkpt lat="62.17963" lon="25.73071">
      </trkpt>
      <trkpt lat="62.17956" lon="25.73121">
      </trkpt>
      <trkpt lat="62.17979" lon="25.73148">
      </trkpt>
      <trkpt lat="62.17964" lon="25.73221">
      </trkpt>
      <trkpt lat="62.17917" lon="25.7339">
      </trkpt>
      <trkpt lat="62.17709" lon="25.73911">
      </trkpt>
      <trkpt lat="62.17666" lon="25.74002">
      </trkpt>
      <trkpt lat="62.17634" lon="25.74052">
      </trkpt>
      <trkpt lat="62.17518" lon="25.74189">
      </trkpt>
      <trkpt lat="62.17474" lon="25.74233">
      </trkpt>
      <trkpt lat="62.17305" lon="25.74441">
      </trkpt>
      <trkpt lat="62.17205" lon="25.74547">
      </trkpt>
      <trkpt lat="62.17143" lon="25.74601">
      </trkpt>
      <trkpt lat="62.17096" lon="25.74629">
      </trkpt>
      <trkpt lat="62.16875" lon="25.74695">
      </trkpt>
      <trkpt lat="62.16748" lon="25.74739">
      </trkpt>
      <trkpt lat="62.16224" lon="25.75072">
      </trkpt>
      <trkpt lat="62.16177" lon="25.751">
      </trkpt>
      <trkpt lat="62.16166" lon="25.751">
      </trkpt>
      <trkpt lat="62.15979" lon="25.75212">
      </trkpt>
      <trkpt lat="62.15933" lon="25.7525">
      </trkpt>
      <trkpt lat="62.15859" lon="25.75322">
      </trkpt>
      <trkpt lat="62.15742" lon="25.75448">
      </trkpt>
      <trkpt lat="62.1571" lon="25.75477">
      </trkpt>
      <trkpt lat="62.15632" lon="25.75526">
      </trkpt>
      <trkpt lat="62.15628" lon="25.75533">
      </trkpt>
      <trkpt lat="62.15602" lon="25.75524">
      </trkpt>
      <trkpt lat="62.15592" lon="25.75507">
      </trkpt>
      <trkpt lat="62.15593" lon="25.7548">
      </trkpt>
      <trkpt lat="62.153" lon="25.75396">
      </trkpt>
      <trkpt lat="62.15201" lon="25.7534">
      </trkpt>
      <trkpt lat="62.14757" lon="25.75019">
      </trkpt>
      <trkpt lat="62.14676" lon="25.74944">
      </trkpt>
      <trkpt lat="62.146" lon="25.74851">
      </trkpt>
      <trkpt lat="62.14521" lon="25.74726">
      </trkpt>
      <trkpt lat="62.14408" lon="25.74481">
      </trkpt>
      <trkpt lat="62.14392" lon="25.74455">
      </trkpt>
      <trkpt lat="62.14246" lon="25.74308">
      </trkpt>
      <trkpt lat="62.14161" lon="25.74233">
      </trkpt>
      <trkpt lat="62.14131" lon="25.74221">
      </trkpt>
      <trkpt lat="62.14103" lon="25.74219">
      </trkpt>
      <trkpt lat="62.13973" lon="25.74255">
      </trkpt>
      <trkpt lat="62.13938" lon="25.74255">
      </trkpt>
      <trkpt lat="62.13919" lon="25.74249">
      </trkpt>
      <trkpt lat="62.13912" lon="25.74201">
      </trkpt>
      <trkpt lat="62.13789" lon="25.73739">
      </trkpt>
      <trkpt lat="62.13765" lon="25.736">
      </trkpt>
      <trkpt lat="62.1376" lon="25.73523">
      </trkpt>
      <trkpt lat="62.1374" lon="25.73527">
      </trkpt>
      <trkpt lat="62.13727" lon="25.735">
      </trkpt>
      <trkpt lat="62.13715" lon="25.73366">
      </trkpt>
      <trkpt lat="62.13719" lon="25.73227">
      </trkpt>
      <trkpt lat="62.13738" lon="25.73077">
      </trkpt>
      <trkpt lat="62.13756" lon="25.72993">
      </trkpt>
      <trkpt lat="62.13786" lon="25.7289">
      </trkpt>
      <trkpt lat="62.14405" lon="25.71487">
      </trkpt>
      <trkpt lat="62.14478" lon="25.71304">
      </trkpt>
      <trkpt lat="62.14494" lon="25.71253">
      </trkpt>
      <trkpt lat="62.14508" lon="25.71183">
      </trkpt>
      <trkpt lat="62.14511" lon="25.71116">
      </trkpt>
      <trkpt lat="62.14507" lon="25.71048">
      </trkpt>
      <trkpt lat="62.14476" lon="25.70794">
      </trkpt>
      <trkpt lat="62.14456" lon="25.7071">
      </trkpt>
      <trkpt lat="62.14424" lon="25.70622">
      </trkpt>
      <trkpt lat="62.14417" lon="25.70581">
      </trkpt>
      <trkpt lat="62.14414" lon="25.70491">
      </trkpt>
      <trkpt lat="62.14407" lon="25.70443">
      </trkpt>
      <trkpt lat="62.14381" lon="25.70379">
      </trkpt>
      <trkpt lat="62.14333" lon="25.70288">
      </trkpt>
      <trkpt lat="62.14296" lon="25.70236">
      </trkpt>
      <trkpt lat="62.14179" lon="25.70108">
      </trkpt>
      <trkpt lat="62.14101" lon="25.69982">
      </trkpt>
      <trkpt lat="62.14023" lon="25.69804">
      </trkpt>
      <trkpt lat="62.13975" lon="25.69643">
      </trkpt>
      <trkpt lat="62.13943" lon="25.69496">
      </trkpt>
      <trkpt lat="62.13897" lon="25.69229">
      </trkpt>
      <trkpt lat="62.13824" lon="25.68926">
      </trkpt>
      <trkpt lat="62.13806" lon="25.68802">
      </trkpt>
      <trkpt lat="62.13773" lon="25.68256">
      </trkpt>
      <trkpt lat="62.13715" lon="25.67863">
      </trkpt>
      <trkpt lat="62.13701" lon="25.6772">
      </trkpt>
      <trkpt lat="62.13692" lon="25.67546">
      </trkpt>
      <trkpt lat="62.1368" lon="25.67476">
      </trkpt>
      <trkpt lat="62.13571" lon="25.67486">
      </trkpt>
      <trkpt lat="62.13502" lon="25.67478">
      </trkpt>
      <trkpt lat="62.13441" lon="25.67492">
      </trkpt>
      <trkpt lat="62.13409" lon="25.67486">
      </trkpt>
      <trkpt lat="62.13363" lon="25.67469">
      </trkpt>
      <trkpt lat="62.13288" lon="25.6745">
      </trkpt>
      <trkpt lat="62.13262" lon="25.67423">
      </trkpt>
      <trkpt lat="62.13203" lon="25.67376">
      </trkpt>
      <trkpt lat="62.1315" lon="25.67315">
      </trkpt>
      <trkpt lat="62.13111" lon="25.67259">
      </trkpt>
      <trkpt lat="62.13074" lon="25.67197">
      </trkpt>
      <trkpt lat="62.13026" lon="25.67096">
      </trkpt>
      <trkpt lat="62.13009" lon="25.67028">
      </trkpt>
      <trkpt lat="62.12975" lon="25.66846">
      </trkpt>
      <trkpt lat="62.12944" lon="25.66749">
      </trkpt>
      <trkpt lat="62.12904" lon="25.6668">
      </trkpt>
      <trkpt lat="62.12817" lon="25.66613">
      </trkpt>
      <trkpt lat="62.12748" lon="25.66587">
      </trkpt>
      <trkpt lat="62.12727" lon="25.66587">
      </trkpt>
      <trkpt lat="62.12684" lon="25.66615">
      </trkpt>
      <trkpt lat="62.1262" lon="25.66647">
      </trkpt>
      <trkpt lat="62.12593" lon="25.66656">
      </trkpt>
      <trkpt lat="62.12559" lon="25.66658">
      </trkpt>
      <trkpt lat="62.12516" lon="25.66647">
      </trkpt>
      <trkpt lat="62.12377" lon="25.66566">
      </trkpt>
      <trkpt lat="62.12327" lon="25.6655">
      </trkpt>
      <trkpt lat="62.12299" lon="25.66548">
      </trkpt>
      <trkpt lat="62.12274" lon="25.66554">
      </trkpt>
      <trkpt lat="62.12198" lon="25.66584">
      </trkpt>
      <trkpt lat="62.12148" lon="25.66582">
      </trkpt>
      <trkpt lat="62.12016" lon="25.66528">
      </trkpt>
      <trkpt lat="62.11984" lon="25.66522">
      </trkpt>
      <trkpt lat="62.11957" lon="25.66524">
      </trkpt>
      <trkpt lat="62.11861" lon="25.66546">
      </trkpt>
      <trkpt lat="62.11834" lon="25.66543">
      </trkpt>
      <trkpt lat="62.11772" lon="25.6652">
      </trkpt>
      <trkpt lat="62.11696" lon="25.66453">
      </trkpt>
      <trkpt lat="62.11623" lon="25.66361">
      </trkpt>
      <trkpt lat="62.11522" lon="25.66191">
      </trkpt>
      <trkpt lat="62.11329" lon="25.6584">
      </trkpt>
      <trkpt lat="62.11256" lon="25.65793">
      </trkpt>
      <trkpt lat="62.11239" lon="25.65774">
      </trkpt>
      <trkpt lat="62.11181" lon="25.65658">
      </trkpt>
      <trkpt lat="62.11166" lon="25.65644">
      </trkpt>
      <trkpt lat="62.11088" lon="25.65596">
      </trkpt>
      <trkpt lat="62.11063" lon="25.65588">
      </trkpt>
      <trkpt lat="62.11006" lon="25.65594">
      </trkpt>
      <trkpt lat="62.10976" lon="25.6559">
      </trkpt>
      <trkpt lat="62.10941" lon="25.65573">
      </trkpt>
      <trkpt lat="62.10909" lon="25.65548">
      </trkpt>
      <trkpt lat="62.10744" lon="25.65444">
      </trkpt>
      <trkpt lat="62.10668" lon="25.65351">
      </trkpt>
      <trkpt lat="62.106" lon="25.65254">
      </trkpt>
      <trkpt lat="62.1059" lon="25.65244">
      </trkpt>
      <trkpt lat="62.10568" lon="25.65234">
      </trkpt>
      <trkpt lat="62.10538" lon="25.65181">
      </trkpt>
      <trkpt lat="62.10314" lon="25.64916">
      </trkpt>
      <trkpt lat="62.10258" lon="25.64842">
      </trkpt>
      <trkpt lat="62.10242" lon="25.64786">
      </trkpt>
      <trkpt lat="62.10219" lon="25.64803">
      </trkpt>
      <trkpt lat="62.10191" lon="25.648">
      </trkpt>
      <trkpt lat="62.10105" lon="25.64734">
      </trkpt>
      <trkpt lat="62.09931" lon="25.64571">
      </trkpt>
      <trkpt lat="62.09838" lon="25.64478">
      </trkpt>
      <trkpt lat="62.09752" lon="25.64376">
      </trkpt>
      <trkpt lat="62.09719" lon="25.64352">
      </trkpt>
      <trkpt lat="62.09681" lon="25.64343">
      </trkpt>
      <trkpt lat="62.0965" lon="25.64354">
      </trkpt>
      <trkpt lat="62.09584" lon="25.64398">
      </trkpt>
      <trkpt lat="62.09544" lon="25.64401">
      </trkpt>
      <trkpt lat="62.09542" lon="25.64417">
      </trkpt>
      <trkpt lat="62.09508" lon="25.64413">
      </trkpt>
      <trkpt lat="62.09458" lon="25.64397">
      </trkpt>
      <trkpt lat="62.09404" lon="25.64359">
      </trkpt>
      <trkpt lat="62.09324" lon="25.64265">
      </trkpt>
      <trkpt lat="62.09301" lon="25.64251">
      </trkpt>
      <trkpt lat="62.09176" lon="25.64259">
      </trkpt>
      <trkpt lat="62.0913" lon="25.64305">
      </trkpt>
      <trkpt lat="62.08724" lon="25.64957">
      </trkpt>
      <trkpt lat="62.08535" lon="25.65171">
      </trkpt>
      <trkpt lat="62.08505" lon="25.65224">
      </trkpt>
      <trkpt lat="62.08484" lon="25.65289">
      </trkpt>
      <trkpt lat="62.08399" lon="25.65771">
      </trkpt>
      <trkpt lat="62.08286" lon="25.6613">
      </trkpt>
      <trkpt lat="62.08219" lon="25.6622">
      </trkpt>
      <trkpt lat="62.08186" lon="25.66288">
      </trkpt>
      <trkpt lat="62.08134" lon="25.66514">
      </trkpt>
      <trkpt lat="62.08095" lon="25.66573">
      </trkpt>
      <trkpt lat="62.07933" lon="25.6672">
      </trkpt>
      <trkpt lat="62.07854" lon="25.66736">
      </trkpt>
      <trkpt lat="62.07762" lon="25.6674">
      </trkpt>
      <trkpt lat="62.07728" lon="25.66761">
      </trkpt>
      <trkpt lat="62.07691" lon="25.66805">
      </trkpt>
      <trkpt lat="62.07614" lon="25.66946">
      </trkpt>
      <trkpt lat="62.07595" lon="25.66965">
      </trkpt>
      <trkpt lat="62.07552" lon="25.66982">
      </trkpt>
      <trkpt lat="62.07525" lon="25.67008">
      </trkpt>
      <trkpt lat="62.07455" lon="25.67173">
      </trkpt>
      <trkpt lat="62.07314" lon="25.67383">
      </trkpt>
      <trkpt lat="62.07286" lon="25.6745">
      </trkpt>
      <trkpt lat="62.07267" lon="25.67511">
      </trkpt>
      <trkpt lat="62.0721" lon="25.6774">
      </trkpt>
      <trkpt lat="62.07209" lon="25.67847">
      </trkpt>
      <trkpt lat="62.07198" lon="25.67968">
      </trkpt>
      <trkpt lat="62.072" lon="25.68105">
      </trkpt>
      <trkpt lat="62.07189" lon="25.68164">
      </trkpt>
      <trkpt lat="62.07173" lon="25.68213">
      </trkpt>
      <trkpt lat="62.07143" lon="25.68264">
      </trkpt>
      <trkpt lat="62.0711" lon="25.68305">
      </trkpt>
      <trkpt lat="62.07072" lon="25.68377">
      </trkpt>
      <trkpt lat="62.07002" lon="25.68593">
      </trkpt>
      <trkpt lat="62.06964" lon="25.68681">
      </trkpt>
      <trkpt lat="62.06942" lon="25.6871">
      </trkpt>
      <trkpt lat="62.06921" lon="25.68725">
      </trkpt>
      <trkpt lat="62.06889" lon="25.68725">
      </trkpt>
      <trkpt lat="62.06814" lon="25.68672">
      </trkpt>
      <trkpt lat="62.068" lon="25.6867">
      </trkpt>
      <trkpt lat="62.06788" lon="25.6868">
      </trkpt>
      <trkpt lat="62.06771" lon="25.6871">
      </trkpt>
      <trkpt lat="62.06726" lon="25.68805">
      </trkpt>
      <trkpt lat="62.0668" lon="25.68856">
      </trkpt>
      <trkpt lat="62.06648" lon="25.68876">
      </trkpt>
      <trkpt lat="62.06621" lon="25.68875">
      </trkpt>
      <trkpt lat="62.06578" lon="25.68862">
      </trkpt>
      <trkpt lat="62.0656" lon="25.68863">
      </trkpt>
      <trkpt lat="62.0651" lon="25.68884">
      </trkpt>
      <trkpt lat="62.06483" lon="25.68886">
      </trkpt>
      <trkpt lat="62.06438" lon="25.68874">
      </trkpt>
      <trkpt lat="62.06401" lon="25.68847">
      </trkpt>
      <trkpt lat="62.06334" lon="25.6877">
      </trkpt>
      <trkpt lat="62.06304" lon="25.68758">
      </trkpt>
      <trkpt lat="62.06263" lon="25.68756">
      </trkpt>
      <trkpt lat="62.06243" lon="25.68769">
      </trkpt>
      <trkpt lat="62.0621" lon="25.68808">
      </trkpt>
      <trkpt lat="62.062" lon="25.68808">
      </trkpt>
      <trkpt lat="62.06163" lon="25.68824">
      </trkpt>
      <trkpt lat="62.0611" lon="25.68864">
      </trkpt>
      <trkpt lat="62.06087" lon="25.6887">
      </trkpt>
      <trkpt lat="62.06072" lon="25.68881">
      </trkpt>
      <trkpt lat="62.06026" lon="25.6896">
      </trkpt>
      <trkpt lat="62.05993" lon="25.69">
      </trkpt>
      <trkpt lat="62.05887" lon="25.69082">
      </trkpt>
      <trkpt lat="62.05851" lon="25.69098">
      </trkpt>
      <trkpt lat="62.05838" lon="25.69098">
      </trkpt>
      <trkpt lat="62.05822" lon="25.6909">
      </trkpt>
      <trkpt lat="62.05763" lon="25.6904">
      </trkpt>
      <trkpt lat="62.05748" lon="25.69037">
      </trkpt>
      <trkpt lat="62.05681" lon="25.69005">
      </trkpt>
      <trkpt lat="62.05597" lon="25.6898">
      </trkpt>
      <trkpt lat="62.05549" lon="25.68978">
      </trkpt>
      <trkpt lat="62.05541" lon="25.6901">
      </trkpt>
      <trkpt lat="62.05532" lon="25.69104">
      </trkpt>
      <trkpt lat="62.05382" lon="25.69468">
      </trkpt>
      <trkpt lat="62.05285" lon="25.69879">
      </trkpt>
      <trkpt lat="62.05255" lon="25.7005">
      </trkpt>
      <trkpt lat="62.05261" lon="25.70244">
      </trkpt>
      <trkpt lat="62.05256" lon="25.70304">
      </trkpt>
      <trkpt lat="62.05238" lon="25.7041">
      </trkpt>
      <trkpt lat="62.05202" lon="25.70461">
      </trkpt>
      <trkpt lat="62.05032" lon="25.70504">
      </trkpt>
      <trkpt lat="62.04918" lon="25.70698">
      </trkpt>
      <trkpt lat="62.04806" lon="25.70679">
      </trkpt>
      <trkpt lat="62.04729" lon="25.70689">
      </trkpt>
      <trkpt lat="62.04666" lon="25.70707">
      </trkpt>
      <trkpt lat="62.04614" lon="25.70739">
      </trkpt>
      <trkpt lat="62.04581" lon="25.70715">
      </trkpt>
      <trkpt lat="62.04561" lon="25.70777">
      </trkpt>
      <trkpt lat="62.04574" lon="25.70867">
      </trkpt>
      <trkpt lat="62.04609" lon="25.70945">
      </trkpt>
      <trkpt lat="62.0469" lon="25.71077">
      </trkpt>
      <trkpt lat="62.04715" lon="25.71179">
      </trkpt>
      <trkpt lat="62.0458" lon="25.71427">
      </trkpt>
      <trkpt lat="62.04539" lon="25.71742">
      </trkpt>
      <trkpt lat="62.04524" lon="25.71819">
      </trkpt>
      <trkpt lat="62.04431" lon="25.71933">
      </trkpt>
      <trkpt lat="62.04391" lon="25.7197">
      </trkpt>
      <trkpt lat="62.0436" lon="25.71973">
      </trkpt>
      <trkpt lat="62.04216" lon="25.71962">
      </trkpt>
      <trkpt lat="62.04169" lon="25.71968">
      </trkpt>
      <trkpt lat="62.04133" lon="25.71997">
      </trkpt>
      <trkpt lat="62.04069" lon="25.72027">
      </trkpt>
      <trkpt lat="62.03987" lon="25.72041">
      </trkpt>
      <trkpt lat="62.0388" lon="25.72033">
      </trkpt>
      <trkpt lat="62.03808" lon="25.72005">
      </trkpt>
      <trkpt lat="62.03589" lon="25.71691">
      </trkpt>
      <trkpt lat="62.03546" lon="25.71619">
      </trkpt>
      <trkpt lat="62.03469" lon="25.71442">
      </trkpt>
      <trkpt lat="62.0342" lon="25.71382">
      </trkpt>
      <trkpt lat="62.0327" lon="25.71233">
      </trkpt>
      <trkpt lat="62.03203" lon="25.71181">
      </trkpt>
      <trkpt lat="62.02336" lon="25.70743">
      </trkpt>
      <trkpt lat="62.02272" lon="25.70691">
      </trkpt>
      <trkpt lat="62.02198" lon="25.70615">
      </trkpt>
      <trkpt lat="62.02166" lon="25.70596">
      </trkpt>
      <trkpt lat="62.01927" lon="25.70496">
      </trkpt>
      <trkpt lat="62.01809" lon="25.70486">
      </trkpt>
      <trkpt lat="62.01774" lon="25.70419">
      </trkpt>
      <trkpt lat="62.0172" lon="25.70363">
      </trkpt>
      <trkpt lat="62.01675" lon="25.70299">
      </trkpt>
      <trkpt lat="62.01651" lon="25.70223">
      </trkpt>
      <trkpt lat="62.01635" lon="25.70072">
      </trkpt>
      <trkpt lat="62.01633" lon="25.69906">
      </trkpt>
      <trkpt lat="62.01625" lon="25.69806">
      </trkpt>
      <trkpt lat="62.01624" lon="25.69639">
      </trkpt>
      <trkpt lat="62.01585" lon="25.69453">
      </trkpt>
      <trkpt lat="62.01574" lon="25.69347">
      </trkpt>
      <trkpt lat="62.01568" lon="25.69204">
      </trkpt>
      <trkpt lat="62.0152" lon="25.68932">
      </trkpt>
      <trkpt lat="62.01506" lon="25.68883">
      </trkpt>
      <trkpt lat="62.01465" lon="25.6879">
      </trkpt>
      <trkpt lat="62.01403" lon="25.68664">
      </trkpt>
      <trkpt lat="62.0133" lon="25.68541">
      </trkpt>
      <trkpt lat="62.01257" lon="25.68272">
      </trkpt>
      <trkpt lat="62.01249" lon="25.68224">
      </trkpt>
      <trkpt lat="62.01239" lon="25.68078">
      </trkpt>
      <trkpt lat="62.01222" lon="25.67932">
      </trkpt>
      <trkpt lat="62.01219" lon="25.6771">
      </trkpt>
      <trkpt lat="62.01202" lon="25.67516">
      </trkpt>
      <trkpt lat="62.01217" lon="25.67349">
      </trkpt>
      <trkpt lat="62.01247" lon="25.67185">
      </trkpt>
      <trkpt lat="62.01277" lon="25.66909">
      </trkpt>
      <trkpt lat="62.01274" lon="25.66861">
      </trkpt>
      <trkpt lat="62.01208" lon="25.66392">
      </trkpt>
      <trkpt lat="62.01201" lon="25.66244">
      </trkpt>
      <trkpt lat="62.01204" lon="25.66165">
      </trkpt>
      <trkpt lat="62.01212" lon="25.66102">
      </trkpt>
      <trkpt lat="62.01222" lon="25.66064">
      </trkpt>
      <trkpt lat="62.01256" lon="25.65977">
      </trkpt>
      <trkpt lat="62.01263" lon="25.65906">
      </trkpt>
      <trkpt lat="62.01259" lon="25.65856">
      </trkpt>
      <trkpt lat="62.01244" lon="25.65775">
      </trkpt>
      <trkpt lat="62.01182" lon="25.65539">
      </trkpt>
      <trkpt lat="62.01153" lon="25.65399">
      </trkpt>
      <trkpt lat="62.00914" lon="25.65829">
      </trkpt>
      <trkpt lat="62.00871" lon="25.65919">
      </trkpt>
      <trkpt lat="62.00703" lon="25.66391">
      </trkpt>
      <trkpt lat="62.00671" lon="25.66532">
      </trkpt>
      <trkpt lat="62.00509" lon="25.67609">
      </trkpt>
      <trkpt lat="62.00492" lon="25.67682">
      </trkpt>
      <trkpt lat="62.00455" lon="25.67797">
      </trkpt>
      <trkpt lat="62.00425" lon="25.67856">
      </trkpt>
      <trkpt lat="62.0039" lon="25.67909">
      </trkpt>
      <trkpt lat="62.00368" lon="25.67933">
      </trkpt>
      <trkpt lat="62.00323" lon="25.67967">
      </trkpt>
      <trkpt lat="62.00278" lon="25.67982">
      </trkpt>
      <trkpt lat="62.0022" lon="25.67978">
      </trkpt>
      <trkpt lat="62.00158" lon="25.67948">
      </trkpt>
      <trkpt lat="62.00158" lon="25.67937">
      </trkpt>
      <trkpt lat="62.00121" lon="25.67899">
      </trkpt>
      <trkpt lat="62.0008" lon="25.67847">
      </trkpt>
      <trkpt lat="62.00036" lon="25.67815">
      </trkpt>
      <trkpt lat="61.99625" lon="25.67383">
      </trkpt>
      <trkpt lat="61.99518" lon="25.67277">
      </trkpt>
      <trkpt lat="61.99491" lon="25.67256">
      </trkpt>
      <trkpt lat="61.99392" lon="25.67205">
      </trkpt>
      <trkpt lat="61.99276" lon="25.67174">
      </trkpt>
      <trkpt lat="61.99229" lon="25.6717">
      </trkpt>
      <trkpt lat="61.99181" lon="25.67174">
      </trkpt>
      <trkpt lat="61.99181" lon="25.67188">
      </trkpt>
      <trkpt lat="61.99108" lon="25.67208">
      </trkpt>
      <trkpt lat="61.99017" lon="25.67247">
      </trkpt>
      <trkpt lat="61.98936" lon="25.67297">
      </trkpt>
      <trkpt lat="61.98467" lon="25.67621">
      </trkpt>
      <trkpt lat="61.98328" lon="25.67691">
      </trkpt>
      <trkpt lat="61.98272" lon="25.67724">
      </trkpt>
      <trkpt lat="61.98202" lon="25.67787">
      </trkpt>
      <trkpt lat="61.98168" lon="25.67829">
      </trkpt>
      <trkpt lat="61.98114" lon="25.6792">
      </trkpt>
      <trkpt lat="61.98013" lon="25.68132">
      </trkpt>
      <trkpt lat="61.97978" lon="25.68187">
      </trkpt>
      <trkpt lat="61.97906" lon="25.6827">
      </trkpt>
      <trkpt lat="61.97509" lon="25.68646">
      </trkpt>
      <trkpt lat="61.97447" lon="25.68698">
      </trkpt>
      <trkpt lat="61.97338" lon="25.68837">
      </trkpt>
      <trkpt lat="61.97128" lon="25.6897">
      </trkpt>
      <trkpt lat="61.97009" lon="25.69066">
      </trkpt>
      <trkpt lat="61.96979" lon="25.69076">
      </trkpt>
      <trkpt lat="61.96694" lon="25.6911">
      </trkpt>
      <trkpt lat="61.96643" lon="25.69121">
      </trkpt>
      <trkpt lat="61.96616" lon="25.69135">
      </trkpt>
      <trkpt lat="61.96493" lon="25.69223">
      </trkpt>
      <trkpt lat="61.96347" lon="25.69333">
      </trkpt>
      <trkpt lat="61.96279" lon="25.69394">
      </trkpt>
      <trkpt lat="61.96252" lon="25.69407">
      </trkpt>
      <trkpt lat="61.96232" lon="25.69411">
      </trkpt>
      <trkpt lat="61.96182" lon="25.69407">
      </trkpt>
      <trkpt lat="61.96074" lon="25.69385">
      </trkpt>
      <trkpt lat="61.95957" lon="25.69354">
      </trkpt>
      <trkpt lat="61.95924" lon="25.69361">
      </trkpt>
      <trkpt lat="61.95886" lon="25.69381">
      </trkpt>
      <trkpt lat="61.95792" lon="25.69382">
      </trkpt>
      <trkpt lat="61.95558" lon="25.69311">
      </trkpt>
      <trkpt lat="61.95518" lon="25.69285">
      </trkpt>
      <trkpt lat="61.95388" lon="25.69168">
      </trkpt>
      <trkpt lat="61.95355" lon="25.69153">
      </trkpt>
      <trkpt lat="61.95312" lon="25.69154">
      </trkpt>
      <trkpt lat="61.95266" lon="25.6917">
      </trkpt>
      <trkpt lat="61.9523" lon="25.692">
      </trkpt>
      <trkpt lat="61.95164" lon="25.69293">
      </trkpt>
      <trkpt lat="61.95096" lon="25.69368">
      </trkpt>
      <trkpt lat="61.95051" lon="25.69428">
      </trkpt>
      <trkpt lat="61.9499" lon="25.69544">
      </trkpt>
      <trkpt lat="61.9494" lon="25.69626">
      </trkpt>
      <trkpt lat="61.94756" lon="25.69761">
      </trkpt>
      <trkpt lat="61.94686" lon="25.69827">
      </trkpt>
      <trkpt lat="61.94361" lon="25.70225">
      </trkpt>
      <trkpt lat="61.94261" lon="25.70367">
      </trkpt>
      <trkpt lat="61.94201" lon="25.70473">
      </trkpt>
      <trkpt lat="61.94125" lon="25.70646">
      </trkpt>
      <trkpt lat="61.94094" lon="25.7073">
      </trkpt>
      <trkpt lat="61.93742" lon="25.71932">
      </trkpt>
      <trkpt lat="61.93694" lon="25.72073">
      </trkpt>
      <trkpt lat="61.93612" lon="25.72269">
      </trkpt>
      <trkpt lat="61.93547" lon="25.72402">
      </trkpt>
      <trkpt lat="61.93476" lon="25.72523">
      </trkpt>
      <trkpt lat="61.93407" lon="25.72616">
      </trkpt>
      <trkpt lat="61.93302" lon="25.72741">
      </trkpt>
      <trkpt lat="61.93216" lon="25.72811">
      </trkpt>
      <trkpt lat="61.93133" lon="25.72869">
      </trkpt>
      <trkpt lat="61.93049" lon="25.72911">
      </trkpt>
      <trkpt lat="61.92929" lon="25.72947">
      </trkpt>
      <trkpt lat="61.92845" lon="25.72957">
      </trkpt>
      <trkpt lat="61.92726" lon="25.72938">
      </trkpt>
      <trkpt lat="61.92577" lon="25.72893">
      </trkpt>
      <trkpt lat="61.92503" lon="25.72885">
      </trkpt>
      <trkpt lat="61.92416" lon="25.72883">
      </trkpt>
      <trkpt lat="61.92286" lon="25.72896">
      </trkpt>
      <trkpt lat="61.92131" lon="25.72935">
      </trkpt>
      <trkpt lat="61.92063" lon="25.72944">
      </trkpt>
      <trkpt lat="61.91993" lon="25.7294">
      </trkpt>
      <trkpt lat="61.91925" lon="25.72918">
      </trkpt>
      <trkpt lat="61.91854" lon="25.72879">
      </trkpt>
      <trkpt lat="61.91795" lon="25.72832">
      </trkpt>
      <trkpt lat="61.91738" lon="25.72769">
      </trkpt>
      <trkpt lat="61.91671" lon="25.72678">
      </trkpt>
      <trkpt lat="61.91606" lon="25.7257">
      </trkpt>
      <trkpt lat="61.91556" lon="25.72451">
      </trkpt>
      <trkpt lat="61.91521" lon="25.72339">
      </trkpt>
      <trkpt lat="61.91485" lon="25.72198">
      </trkpt>
      <trkpt lat="61.9144" lon="25.71982">
      </trkpt>
      <trkpt lat="61.91407" lon="25.71861">
      </trkpt>
      <trkpt lat="61.91382" lon="25.71783">
      </trkpt>
      <trkpt lat="61.9132" lon="25.71641">
      </trkpt>
      <trkpt lat="61.91242" lon="25.71533">
      </trkpt>
      <trkpt lat="61.91043" lon="25.7137">
      </trkpt>
      <trkpt lat="61.90927" lon="25.71294">
      </trkpt>
      <trkpt lat="61.90901" lon="25.7129">
      </trkpt>
      <trkpt lat="61.90881" lon="25.71293">
      </trkpt>
      <trkpt lat="61.90794" lon="25.71329">
      </trkpt>
      <trkpt lat="61.90749" lon="25.71341">
      </trkpt>
      <trkpt lat="61.90716" lon="25.71336">
      </trkpt>
      <trkpt lat="61.90716" lon="25.71343">
      </trkpt>
      <trkpt lat="61.90604" lon="25.71291">
      </trkpt>
      <trkpt lat="61.90554" lon="25.71289">
      </trkpt>
      <trkpt lat="61.90494" lon="25.71307">
      </trkpt>
      <trkpt lat="61.90465" lon="25.71309">
      </trkpt>
      <trkpt lat="61.90381" lon="25.71284">
      </trkpt>
      <trkpt lat="61.90293" lon="25.71245">
      </trkpt>
      <trkpt lat="61.90264" lon="25.71241">
      </trkpt>
      <trkpt lat="61.90141" lon="25.71268">
      </trkpt>
      <trkpt lat="61.90098" lon="25.71283">
      </trkpt>
      <trkpt lat="61.90054" lon="25.71311">
      </trkpt>
      <trkpt lat="61.90001" lon="25.71355">
      </trkpt>
      <trkpt lat="61.89935" lon="25.71421">
      </trkpt>
      <trkpt lat="61.89882" lon="25.71491">
      </trkpt>
      <trkpt lat="61.89799" lon="25.71618">
      </trkpt>
      <trkpt lat="61.89761" lon="25.71654">
      </trkpt>
      <trkpt lat="61.89716" lon="25.71673">
      </trkpt>
      <trkpt lat="61.89687" lon="25.71675">
      </trkpt>
      <trkpt lat="61.89459" lon="25.71674">
      </trkpt>
      <trkpt lat="61.89392" lon="25.71678">
      </trkpt>
      <trkpt lat="61.8936" lon="25.71686">
      </trkpt>
      <trkpt lat="61.8931" lon="25.71712">
      </trkpt>
      <trkpt lat="61.89278" lon="25.71737">
      </trkpt>
      <trkpt lat="61.89242" lon="25.71775">
      </trkpt>
      <trkpt lat="61.89192" lon="25.71848">
      </trkpt>
      <trkpt lat="61.88815" lon="25.7249">
      </trkpt>
      <trkpt lat="61.88784" lon="25.7253">
      </trkpt>
      <trkpt lat="61.88682" lon="25.72638">
      </trkpt>
      <trkpt lat="61.88469" lon="25.72848">
      </trkpt>
      <trkpt lat="61.88409" lon="25.72917">
      </trkpt>
      <trkpt lat="61.88384" lon="25.72954">
      </trkpt>
      <trkpt lat="61.8835" lon="25.7302">
      </trkpt>
      <trkpt lat="61.88136" lon="25.73523">
      </trkpt>
      <trkpt lat="61.88075" lon="25.73625">
      </trkpt>
      <trkpt lat="61.8803" lon="25.7371">
      </trkpt>
      <trkpt lat="61.87997" lon="25.73785">
      </trkpt>
      <trkpt lat="61.8797" lon="25.73872">
      </trkpt>
      <trkpt lat="61.87921" lon="25.74243">
      </trkpt>
      <trkpt lat="61.87907" lon="25.74315">
      </trkpt>
      <trkpt lat="61.87875" lon="25.74418">
      </trkpt>
      <trkpt lat="61.87834" lon="25.7451">
      </trkpt>
      <trkpt lat="61.87789" lon="25.74571">
      </trkpt>
      <trkpt lat="61.87709" lon="25.74628">
      </trkpt>
      <trkpt lat="61.87643" lon="25.74683">
      </trkpt>
      <trkpt lat="61.87613" lon="25.74725">
      </trkpt>
      <trkpt lat="61.87064" lon="25.75674">
      </trkpt>
      <trkpt lat="61.87016" lon="25.75728">
      </trkpt>
      <trkpt lat="61.86963" lon="25.75759">
      </trkpt>
      <trkpt lat="61.86916" lon="25.7577">
      </trkpt>
      <trkpt lat="61.8686" lon="25.75752">
      </trkpt>
      <trkpt lat="61.86788" lon="25.75709">
      </trkpt>
      <trkpt lat="61.86733" lon="25.75692">
      </trkpt>
      <trkpt lat="61.86678" lon="25.75688">
      </trkpt>
      <trkpt lat="61.86397" lon="25.7574">
      </trkpt>
      <trkpt lat="61.86335" lon="25.75766">
      </trkpt>
      <trkpt lat="61.86304" lon="25.75793">
      </trkpt>
      <trkpt lat="61.86275" lon="25.75826">
      </trkpt>
      <trkpt lat="61.86247" lon="25.7587">
      </trkpt>
      <trkpt lat="61.86186" lon="25.75996">
      </trkpt>
      <trkpt lat="61.86145" lon="25.76106">
      </trkpt>
      <trkpt lat="61.8609" lon="25.76297">
      </trkpt>
      <trkpt lat="61.86052" lon="25.76401">
      </trkpt>
      <trkpt lat="61.86019" lon="25.76472">
      </trkpt>
      <trkpt lat="61.85904" lon="25.76659">
      </trkpt>
      <trkpt lat="61.85761" lon="25.76827">
      </trkpt>
      <trkpt lat="61.85678" lon="25.76975">
      </trkpt>
      <trkpt lat="61.85601" lon="25.77133">
      </trkpt>
      <trkpt lat="61.85365" lon="25.77455">
      </trkpt>
      <trkpt lat="61.85296" lon="25.77567">
      </trkpt>
      <trkpt lat="61.85236" lon="25.77679">
      </trkpt>
      <trkpt lat="61.8517" lon="25.77767">
      </trkpt>
      <trkpt lat="61.85145" lon="25.77792">
      </trkpt>
      <trkpt lat="61.85082" lon="25.77834">
      </trkpt>
      <trkpt lat="61.85047" lon="25.77846">
      </trkpt>
      <trkpt lat="61.8501" lon="25.77848">
      </trkpt>
      <trkpt lat="61.84946" lon="25.77843">
      </trkpt>
      <trkpt lat="61.84594" lon="25.77778">
      </trkpt>
      <trkpt lat="61.84513" lon="25.77767">
      </trkpt>
      <trkpt lat="61.84397" lon="25.77783">
      </trkpt>
      <trkpt lat="61.84128" lon="25.77898">
      </trkpt>
      <trkpt lat="61.84071" lon="25.77939">
      </trkpt>
      <trkpt lat="61.84038" lon="25.77982">
      </trkpt>
      <trkpt lat="61.84015" lon="25.78022">
      </trkpt>
      <trkpt lat="61.83968" lon="25.78137">
      </trkpt>
      <trkpt lat="61.83824" lon="25.77878">
      </trkpt>
      <trkpt lat="61.83802" lon="25.77816">
      </trkpt>
      <trkpt lat="61.83784" lon="25.7772">
      </trkpt>
      <trkpt lat="61.83775" lon="25.77587">
      </trkpt>
      <trkpt lat="61.83781" lon="25.77464">
      </trkpt>
      <trkpt lat="61.8381" lon="25.77283">
      </trkpt>
      <trkpt lat="61.83818" lon="25.77084">
      </trkpt>
      <trkpt lat="61.83818" lon="25.77024">
      </trkpt>
      <trkpt lat="61.83781" lon="25.76665">
      </trkpt>
      <trkpt lat="61.83779" lon="25.76592">
      </trkpt>
      <trkpt lat="61.83784" lon="25.76517">
      </trkpt>
      <trkpt lat="61.83806" lon="25.76351">
      </trkpt>
      <trkpt lat="61.83807" lon="25.75728">
      </trkpt>
      <trkpt lat="61.83803" lon="25.75652">
      </trkpt>
      <trkpt lat="61.8376" lon="25.75425">
      </trkpt>
      <trkpt lat="61.83754" lon="25.75367">
      </trkpt>
      <trkpt lat="61.83774" lon="25.74852">
      </trkpt>
      <trkpt lat="61.83773" lon="25.74793">
      </trkpt>
      <trkpt lat="61.83744" lon="25.74472">
      </trkpt>
      <trkpt lat="61.83716" lon="25.73777">
      </trkpt>
      <trkpt lat="61.8372" lon="25.73503">
      </trkpt>
      <trkpt lat="61.83735" lon="25.73263">
      </trkpt>
      <trkpt lat="61.83721" lon="25.73102">
      </trkpt>
      <trkpt lat="61.83687" lon="25.72953">
      </trkpt>
      <trkpt lat="61.83668" lon="25.72894">
      </trkpt>
      <trkpt lat="61.83635" lon="25.72827">
      </trkpt>
      <trkpt lat="61.83576" lon="25.72748">
      </trkpt>
      <trkpt lat="61.83548" lon="25.7272">
      </trkpt>
      <trkpt lat="61.83466" lon="25.72681">
      </trkpt>
      <trkpt lat="61.83354" lon="25.72654">
      </trkpt>
      <trkpt lat="61.83307" lon="25.72616">
      </trkpt>
      <trkpt lat="61.83237" lon="25.72524">
      </trkpt>
      <trkpt lat="61.83211" lon="25.72498">
      </trkpt>
      <trkpt lat="61.83183" lon="25.72481">
      </trkpt>
      <trkpt lat="61.83079" lon="25.7245">
      </trkpt>
      <trkpt lat="61.83039" lon="25.7243">
      </trkpt>
      <trkpt lat="61.82988" lon="25.7239">
      </trkpt>
      <trkpt lat="61.82761" lon="25.72237">
      </trkpt>
      <trkpt lat="61.82724" lon="25.72198">
      </trkpt>
      <trkpt lat="61.82607" lon="25.72015">
      </trkpt>
      <trkpt lat="61.82508" lon="25.71842">
      </trkpt>
      <trkpt lat="61.82459" lon="25.71755">
      </trkpt>
      <trkpt lat="61.82435" lon="25.71704">
      </trkpt>
      <trkpt lat="61.82423" lon="25.71664">
      </trkpt>
      <trkpt lat="61.82392" lon="25.71537">
      </trkpt>
      <trkpt lat="61.82384" lon="25.7148">
      </trkpt>
      <trkpt lat="61.82379" lon="25.71339">
      </trkpt>
      <trkpt lat="61.82383" lon="25.71256">
      </trkpt>
      <trkpt lat="61.82422" lon="25.70932">
      </trkpt>
      <trkpt lat="61.82451" lon="25.7059">
      </trkpt>
      <trkpt lat="61.82447" lon="25.70456">
      </trkpt>
      <trkpt lat="61.82433" lon="25.70291">
      </trkpt>
      <trkpt lat="61.8244" lon="25.70106">
      </trkpt>
      <trkpt lat="61.82436" lon="25.69798">
      </trkpt>
      <trkpt lat="61.82448" lon="25.69591">
      </trkpt>
      <trkpt lat="61.82465" lon="25.69467">
      </trkpt>
      <trkpt lat="61.82468" lon="25.69326">
      </trkpt>
      <trkpt lat="61.82442" lon="25.68937">
      </trkpt>
      <trkpt lat="61.82421" lon="25.68722">
      </trkpt>
      <trkpt lat="61.82381" lon="25.68525">
      </trkpt>
      <trkpt lat="61.82341" lon="25.68427">
      </trkpt>
      <trkpt lat="61.82296" lon="25.68354">
      </trkpt>
      <trkpt lat="61.82269" lon="25.6832">
      </trkpt>
      <trkpt lat="61.82237" lon="25.68289">
      </trkpt>
      <trkpt lat="61.82203" lon="25.68265">
      </trkpt>
      <trkpt lat="61.81951" lon="25.682">
      </trkpt>
      <trkpt lat="61.81644" lon="25.6803">
      </trkpt>
      <trkpt lat="61.81596" lon="25.68009">
      </trkpt>
      <trkpt lat="61.8157" lon="25.68005">
      </trkpt>
      <trkpt lat="61.81533" lon="25.68008">
      </trkpt>
      <trkpt lat="61.81494" lon="25.68018">
      </trkpt>
      <trkpt lat="61.8146" lon="25.6804">
      </trkpt>
      <trkpt lat="61.81431" lon="25.68067">
      </trkpt>
      <trkpt lat="61.8139" lon="25.68118">
      </trkpt>
      <trkpt lat="61.81218" lon="25.68363">
      </trkpt>
      <trkpt lat="61.81156" lon="25.68428">
      </trkpt>
      <trkpt lat="61.81027" lon="25.6852">
      </trkpt>
      <trkpt lat="61.80756" lon="25.6879">
      </trkpt>
      <trkpt lat="61.80689" lon="25.6884">
      </trkpt>
      <trkpt lat="61.8054" lon="25.68922">
      </trkpt>
      <trkpt lat="61.8046" lon="25.68956">
      </trkpt>
      <trkpt lat="61.80427" lon="25.68963">
      </trkpt>
      <trkpt lat="61.80399" lon="25.68962">
      </trkpt>
      <trkpt lat="61.803992" lon="25.690295">
      </trkpt>
      <trkpt lat="61.802941" lon="25.693097">
      </trkpt>
      <trkpt lat="61.802734" lon="25.693556">
      </trkpt>
      <trkpt lat="61.801917" lon="25.694785">
      </trkpt>
      <trkpt lat="61.801598" lon="25.695453">
      </trkpt>
      <trkpt lat="61.801319" lon="25.696304">
      </trkpt>
      <trkpt lat="61.80104" lon="25.697263">
      </trkpt>
      <trkpt lat="61.80054" lon="25.69829">
      </trkpt>
      <trkpt lat="61.800343" lon="25.698805">
      </trkpt>
      <trkpt lat="61.796856" lon="25.703197">
      </trkpt>
      <trkpt lat="61.79678" lon="25.703468">
      </trkpt>
      <trkpt lat="61.7967" lon="25.70328">
      </trkpt>
      <trkpt lat="61.796782" lon="25.70321">
      </trkpt>
      <trkpt lat="61.796857" lon="25.70309">
      </trkpt>
      <trkpt lat="61.797729" lon="25.701928">
      </trkpt>
      <trkpt lat="61.80033" lon="25.69868">
      </trkpt>
      <trkpt lat="61.80066" lon="25.697882">
      </trkpt>
      <trkpt lat="61.80099" lon="25.69717">
      </trkpt>
      <trkpt lat="61.80124" lon="25.69623">
      </trkpt>
      <trkpt lat="61.80154" lon="25.69536">
      </trkpt>
      <trkpt lat="61.80188" lon="25.6947">
      </trkpt>
      <trkpt lat="61.8027" lon="25.69343">
      </trkpt>
      <trkpt lat="61.80289" lon="25.69304">
      </trkpt>
      <trkpt lat="61.80392" lon="25.69022">
      </trkpt>
      <trkpt lat="61.803906" lon="25.68985">
      </trkpt>
      <trkpt lat="61.80388" lon="25.689672">
      </trkpt>
      <trkpt lat="61.80361" lon="25.68951">
      </trkpt>
      <trkpt lat="61.8033" lon="25.68933">
      </trkpt>
      <trkpt lat="61.80302" lon="25.68909">
      </trkpt>
      <trkpt lat="61.80259" lon="25.68855">
      </trkpt>
      <trkpt lat="61.8022" lon="25.68784">
      </trkpt>
      <trkpt lat="61.80028" lon="25.6838">
      </trkpt>
      <trkpt lat="61.79988" lon="25.68223">
      </trkpt>
      <trkpt lat="61.79955" lon="25.67954">
      </trkpt>
      <trkpt lat="61.79939" lon="25.6788">
      </trkpt>
      <trkpt lat="61.79896" lon="25.6775">
      </trkpt>
      <trkpt lat="61.79692" lon="25.67294">
      </trkpt>
      <trkpt lat="61.7962" lon="25.67043">
      </trkpt>
      <trkpt lat="61.79584" lon="25.6695">
      </trkpt>
      <trkpt lat="61.79548" lon="25.66877">
      </trkpt>
      <trkpt lat="61.79413" lon="25.66637">
      </trkpt>
      <trkpt lat="61.79364" lon="25.6653">
      </trkpt>
      <trkpt lat="61.79335" lon="25.66434">
      </trkpt>
      <trkpt lat="61.79212" lon="25.65965">
      </trkpt>
      <trkpt lat="61.79186" lon="25.6589">
      </trkpt>
      <trkpt lat="61.79101" lon="25.65717">
      </trkpt>
      <trkpt lat="61.79057" lon="25.65586">
      </trkpt>
      <trkpt lat="61.79016" lon="25.65498">
      </trkpt>
      <trkpt lat="61.78987" lon="25.65451">
      </trkpt>
      <trkpt lat="61.78899" lon="25.65352">
      </trkpt>
      <trkpt lat="61.78862" lon="25.65293">
      </trkpt>
      <trkpt lat="61.78819" lon="25.6519">
      </trkpt>
      <trkpt lat="61.78794" lon="25.65093">
      </trkpt>
      <trkpt lat="61.78784" lon="25.65032">
      </trkpt>
      <trkpt lat="61.78753" lon="25.64771">
      </trkpt>
      <trkpt lat="61.78715" lon="25.64613">
      </trkpt>
      <trkpt lat="61.78668" lon="25.64503">
      </trkpt>
      <trkpt lat="61.78511" lon="25.64236">
      </trkpt>
      <trkpt lat="61.78476" lon="25.64156">
      </trkpt>
      <trkpt lat="61.7832" lon="25.63739">
      </trkpt>
      <trkpt lat="61.78115" lon="25.63327">
      </trkpt>
      <trkpt lat="61.78065" lon="25.63154">
      </trkpt>
      <trkpt lat="61.77982" lon="25.62799">
      </trkpt>
      <trkpt lat="61.77959" lon="25.62727">
      </trkpt>
      <trkpt lat="61.77923" lon="25.62643">
      </trkpt>
      <trkpt lat="61.7786" lon="25.62553">
      </trkpt>
      <trkpt lat="61.77687" lon="25.62351">
      </trkpt>
      <trkpt lat="61.77645" lon="25.62292">
      </trkpt>
      <trkpt lat="61.77199" lon="25.61484">
      </trkpt>
      <trkpt lat="61.77093" lon="25.61183">
      </trkpt>
      <trkpt lat="61.77071" lon="25.61088">
      </trkpt>
      <trkpt lat="61.77047" lon="25.60926">
      </trkpt>
      <trkpt lat="61.77006" lon="25.60531">
      </trkpt>
      <trkpt lat="61.76979" lon="25.60433">
      </trkpt>
      <trkpt lat="61.76885" lon="25.60168">
      </trkpt>
      <trkpt lat="61.76872" lon="25.6012">
      </trkpt>
      <trkpt lat="61.7684" lon="25.59966">
      </trkpt>
      <trkpt lat="61.76771" lon="25.5955">
      </trkpt>
      <trkpt lat="61.76747" lon="25.59464">
      </trkpt>
      <trkpt lat="61.76721" lon="25.59399">
      </trkpt>
      <trkpt lat="61.76681" lon="25.59333">
      </trkpt>
      <trkpt lat="61.76655" lon="25.593">
      </trkpt>
      <trkpt lat="61.76616" lon="25.59265">
      </trkpt>
      <trkpt lat="61.7659" lon="25.59251">
      </trkpt>
      <trkpt lat="61.7655" lon="25.59239">
      </trkpt>
      <trkpt lat="61.76341" lon="25.59228">
      </trkpt>
      <trkpt lat="61.76295" lon="25.59215">
      </trkpt>
      <trkpt lat="61.76268" lon="25.592">
      </trkpt>
      <trkpt lat="61.7622" lon="25.59154">
      </trkpt>
      <trkpt lat="61.76192" lon="25.59118">
      </trkpt>
      <trkpt lat="61.76168" lon="25.59077">
      </trkpt>
      <trkpt lat="61.76143" lon="25.59024">
      </trkpt>
      <trkpt lat="61.76124" lon="25.58966">
      </trkpt>
      <trkpt lat="61.76098" lon="25.58854">
      </trkpt>
      <trkpt lat="61.76015" lon="25.58099">
      </trkpt>
      <trkpt lat="61.76" lon="25.57981">
      </trkpt>
      <trkpt lat="61.75987" lon="25.57918">
      </trkpt>
      <trkpt lat="61.75973" lon="25.57862">
      </trkpt>
      <trkpt lat="61.75937" lon="25.5776">
      </trkpt>
      <trkpt lat="61.75861" lon="25.57649">
      </trkpt>
      <trkpt lat="61.75451" lon="25.57172">
      </trkpt>
      <trkpt lat="61.75401" lon="25.57126">
      </trkpt>
      <trkpt lat="61.75357" lon="25.57092">
      </trkpt>
      <trkpt lat="61.75331" lon="25.57079">
      </trkpt>
      <trkpt lat="61.75305" lon="25.57073">
      </trkpt>
      <trkpt lat="61.75172" lon="25.57083">
      </trkpt>
      <trkpt lat="61.75116" lon="25.57076">
      </trkpt>
      <trkpt lat="61.75076" lon="25.57054">
      </trkpt>
      <trkpt lat="61.7504" lon="25.57022">
      </trkpt>
      <trkpt lat="61.74553" lon="25.56525">
      </trkpt>
      <trkpt lat="61.74432" lon="25.56406">
      </trkpt>
      <trkpt lat="61.74402" lon="25.56386">
      </trkpt>
      <trkpt lat="61.74336" lon="25.56368">
      </trkpt>
      <trkpt lat="61.74298" lon="25.56369">
      </trkpt>
      <trkpt lat="61.7424" lon="25.5639">
      </trkpt>
      <trkpt lat="61.74073" lon="25.56475">
      </trkpt>
      <trkpt lat="61.74042" lon="25.56483">
      </trkpt>
      <trkpt lat="61.74007" lon="25.56486">
      </trkpt>
      <trkpt lat="61.73975" lon="25.56482">
      </trkpt>
      <trkpt lat="61.73943" lon="25.56465">
      </trkpt>
      <trkpt lat="61.73909" lon="25.56439">
      </trkpt>
      <trkpt lat="61.73456" lon="25.55888">
      </trkpt>
      <trkpt lat="61.73397" lon="25.55795">
      </trkpt>
      <trkpt lat="61.73357" lon="25.55687">
      </trkpt>
      <trkpt lat="61.7334" lon="25.55616">
      </trkpt>
      <trkpt lat="61.73297" lon="25.55258">
      </trkpt>
      <trkpt lat="61.73265" lon="25.55097">
      </trkpt>
      <trkpt lat="61.7324" lon="25.55024">
      </trkpt>
      <trkpt lat="61.7301" lon="25.54571">
      </trkpt>
      <trkpt lat="61.72963" lon="25.5449">
      </trkpt>
      <trkpt lat="61.72914" lon="25.54438">
      </trkpt>
      <trkpt lat="61.72886" lon="25.54418">
      </trkpt>
      <trkpt lat="61.72839" lon="25.54404">
      </trkpt>
      <trkpt lat="61.72793" lon="25.54402">
      </trkpt>
      <trkpt lat="61.72574" lon="25.54468">
      </trkpt>
      <trkpt lat="61.72526" lon="25.54492">
      </trkpt>
      <trkpt lat="61.7246" lon="25.54562">
      </trkpt>
      <trkpt lat="61.71847" lon="25.5538">
      </trkpt>
      <trkpt lat="61.7144" lon="25.55894">
      </trkpt>
      <trkpt lat="61.71229" lon="25.56278">
      </trkpt>
      <trkpt lat="61.71088" lon="25.56509">
      </trkpt>
      <trkpt lat="61.71039" lon="25.56574">
      </trkpt>
      <trkpt lat="61.70988" lon="25.56626">
      </trkpt>
      <trkpt lat="61.70695" lon="25.56866">
      </trkpt>
      <trkpt lat="61.70588" lon="25.56966">
      </trkpt>
      <trkpt lat="61.70467" lon="25.57117">
      </trkpt>
      <trkpt lat="61.70419" lon="25.57217">
      </trkpt>
      <trkpt lat="61.70384" lon="25.57328">
      </trkpt>
      <trkpt lat="61.70371" lon="25.57402">
      </trkpt>
      <trkpt lat="61.70355" lon="25.57618">
      </trkpt>
      <trkpt lat="61.70327" lon="25.5819">
      </trkpt>
      <trkpt lat="61.70328" lon="25.58277">
      </trkpt>
      <trkpt lat="61.70364" lon="25.58744">
      </trkpt>
      <trkpt lat="61.70366" lon="25.5884">
      </trkpt>
      <trkpt lat="61.70362" lon="25.58923">
      </trkpt>
      <trkpt lat="61.70279" lon="25.59636">
      </trkpt>
      <trkpt lat="61.70234" lon="25.59816">
      </trkpt>
      <trkpt lat="61.70137" lon="25.60146">
      </trkpt>
      <trkpt lat="61.70112" lon="25.6021">
      </trkpt>
      <trkpt lat="61.69757" lon="25.60874">
      </trkpt>
      <trkpt lat="61.6972" lon="25.60954">
      </trkpt>
      <trkpt lat="61.69688" lon="25.61033">
      </trkpt>
      <trkpt lat="61.69566" lon="25.61386">
      </trkpt>
      <trkpt lat="61.69551" lon="25.61438">
      </trkpt>
      <trkpt lat="61.69532" lon="25.61557">
      </trkpt>
      <trkpt lat="61.69524" lon="25.6164">
      </trkpt>
      <trkpt lat="61.69525" lon="25.6174">
      </trkpt>
      <trkpt lat="61.69536" lon="25.61847">
      </trkpt>
      <trkpt lat="61.69551" lon="25.61937">
      </trkpt>
      <trkpt lat="61.69657" lon="25.62447">
      </trkpt>
      <trkpt lat="61.69668" lon="25.62538">
      </trkpt>
      <trkpt lat="61.69672" lon="25.62619">
      </trkpt>
      <trkpt lat="61.69668" lon="25.62756">
      </trkpt>
      <trkpt lat="61.69666" lon="25.62771">
      </trkpt>
      <trkpt lat="61.69595" lon="25.63268">
      </trkpt>
      <trkpt lat="61.69584" lon="25.6338">
      </trkpt>
      <trkpt lat="61.69582" lon="25.63474">
      </trkpt>
      <trkpt lat="61.69603" lon="25.6392">
      </trkpt>
      <trkpt lat="61.69602" lon="25.63961">
      </trkpt>
      <trkpt lat="61.69586" lon="25.64077">
      </trkpt>
      <trkpt lat="61.69557" lon="25.64173">
      </trkpt>
      <trkpt lat="61.69522" lon="25.6425">
      </trkpt>
      <trkpt lat="61.69474" lon="25.64316">
      </trkpt>
      <trkpt lat="61.69149" lon="25.64607">
      </trkpt>
      <trkpt lat="61.69091" lon="25.64666">
      </trkpt>
      <trkpt lat="61.69036" lon="25.64737">
      </trkpt>
      <trkpt lat="61.68983" lon="25.64822">
      </trkpt>
      <trkpt lat="61.68927" lon="25.64941">
      </trkpt>
      <trkpt lat="61.68878" lon="25.65074">
      </trkpt>
      <trkpt lat="61.68766" lon="25.65493">
      </trkpt>
      <trkpt lat="61.68718" lon="25.65602">
      </trkpt>
      <trkpt lat="61.68664" lon="25.65673">
      </trkpt>
      <trkpt lat="61.68632" lon="25.657">
      </trkpt>
      <trkpt lat="61.68607" lon="25.65715">
      </trkpt>
      <trkpt lat="61.6857" lon="25.65728">
      </trkpt>
      <trkpt lat="61.68535" lon="25.6573">
      </trkpt>
      <trkpt lat="61.68502" lon="25.65722">
      </trkpt>
      <trkpt lat="61.68449" lon="25.65694">
      </trkpt>
      <trkpt lat="61.6838" lon="25.6562">
      </trkpt>
      <trkpt lat="61.68126" lon="25.65283">
      </trkpt>
      <trkpt lat="61.68008" lon="25.65142">
      </trkpt>
      <trkpt lat="61.67953" lon="25.65096">
      </trkpt>
      <trkpt lat="61.67909" lon="25.65067">
      </trkpt>
      <trkpt lat="61.6766" lon="25.64935">
      </trkpt>
      <trkpt lat="61.67503" lon="25.64843">
      </trkpt>
      <trkpt lat="61.67468" lon="25.64812">
      </trkpt>
      <trkpt lat="61.6742" lon="25.64755">
      </trkpt>
      <trkpt lat="61.67225" lon="25.64465">
      </trkpt>
      <trkpt lat="61.67199" lon="25.64409">
      </trkpt>
      <trkpt lat="61.67149" lon="25.64248">
      </trkpt>
      <trkpt lat="61.67135" lon="25.64178">
      </trkpt>
      <trkpt lat="61.67123" lon="25.64065">
      </trkpt>
      <trkpt lat="61.67116" lon="25.63873">
      </trkpt>
      <trkpt lat="61.67172" lon="25.62804">
      </trkpt>
      <trkpt lat="61.67162" lon="25.62653">
      </trkpt>
      <trkpt lat="61.67151" lon="25.62581">
      </trkpt>
      <trkpt lat="61.67131" lon="25.62498">
      </trkpt>
      <trkpt lat="61.66998" lon="25.62085">
      </trkpt>
      <trkpt lat="61.66968" lon="25.62011">
      </trkpt>
      <trkpt lat="61.66686" lon="25.61428">
      </trkpt>
      <trkpt lat="61.66514" lon="25.61089">
      </trkpt>
      <trkpt lat="61.66489" lon="25.61045">
      </trkpt>
      <trkpt lat="61.66431" lon="25.60985">
      </trkpt>
      <trkpt lat="61.6638" lon="25.60964">
      </trkpt>
      <trkpt lat="61.66349" lon="25.60959">
      </trkpt>
      <trkpt lat="61.66311" lon="25.60966">
      </trkpt>
      <trkpt lat="61.65564" lon="25.61357">
      </trkpt>
      <trkpt lat="61.65392" lon="25.61485">
      </trkpt>
      <trkpt lat="61.6533" lon="25.61522">
      </trkpt>
      <trkpt lat="61.65132" lon="25.61571">
      </trkpt>
      <trkpt lat="61.65039" lon="25.61608">
      </trkpt>
      <trkpt lat="61.64897" lon="25.61714">
      </trkpt>
      <trkpt lat="61.6486" lon="25.61734">
      </trkpt>
      <trkpt lat="61.64728" lon="25.61784">
      </trkpt>
      <trkpt lat="61.64695" lon="25.61816">
      </trkpt>
      <trkpt lat="61.64646" lon="25.61879">
      </trkpt>
      <trkpt lat="61.64604" lon="25.61972">
      </trkpt>
      <trkpt lat="61.64572" lon="25.62093">
      </trkpt>
      <trkpt lat="61.64556" lon="25.62223">
      </trkpt>
      <trkpt lat="61.64521" lon="25.62649">
      </trkpt>
      <trkpt lat="61.64427" lon="25.63111">
      </trkpt>
      <trkpt lat="61.64395" lon="25.63237">
      </trkpt>
      <trkpt lat="61.64375" lon="25.63297">
      </trkpt>
      <trkpt lat="61.64321" lon="25.63413">
      </trkpt>
      <trkpt lat="61.64242" lon="25.63537">
      </trkpt>
      <trkpt lat="61.64004" lon="25.63888">
      </trkpt>
      <trkpt lat="61.63946" lon="25.64003">
      </trkpt>
      <trkpt lat="61.63888" lon="25.64154">
      </trkpt>
      <trkpt lat="61.63836" lon="25.64241">
      </trkpt>
      <trkpt lat="61.63776" lon="25.64297">
      </trkpt>
      <trkpt lat="61.63627" lon="25.64397">
      </trkpt>
      <trkpt lat="61.63587" lon="25.64435">
      </trkpt>
      <trkpt lat="61.63543" lon="25.64509">
      </trkpt>
      <trkpt lat="61.63505" lon="25.64617">
      </trkpt>
      <trkpt lat="61.63381" lon="25.65064">
      </trkpt>
      <trkpt lat="61.63344" lon="25.65164">
      </trkpt>
      <trkpt lat="61.63293" lon="25.6526">
      </trkpt>
      <trkpt lat="61.63124" lon="25.6549">
      </trkpt>
      <trkpt lat="61.63091" lon="25.65525">
      </trkpt>
      <trkpt lat="61.63055" lon="25.65556">
      </trkpt>
      <trkpt lat="61.62901" lon="25.65652">
      </trkpt>
      <trkpt lat="61.62732" lon="25.6586">
      </trkpt>
      <trkpt lat="61.62324" lon="25.66194">
      </trkpt>
      <trkpt lat="61.61859" lon="25.66416">
      </trkpt>
      <trkpt lat="61.61812" lon="25.66432">
      </trkpt>
      <trkpt lat="61.61764" lon="25.66439">
      </trkpt>
      <trkpt lat="61.61699" lon="25.66436">
      </trkpt>
      <trkpt lat="61.6162" lon="25.66418">
      </trkpt>
      <trkpt lat="61.61541" lon="25.66373">
      </trkpt>
      <trkpt lat="61.61481" lon="25.66323">
      </trkpt>
      <trkpt lat="61.61397" lon="25.66271">
      </trkpt>
      <trkpt lat="61.61225" lon="25.66183">
      </trkpt>
      <trkpt lat="61.61182" lon="25.66168">
      </trkpt>
      <trkpt lat="61.6114" lon="25.6617">
      </trkpt>
      <trkpt lat="61.611" lon="25.66182">
      </trkpt>
      <trkpt lat="61.61061" lon="25.6621">
      </trkpt>
      <trkpt lat="61.60937" lon="25.6636">
      </trkpt>
      <trkpt lat="61.60867" lon="25.66418">
      </trkpt>
      <trkpt lat="61.60718" lon="25.66481">
      </trkpt>
      <trkpt lat="61.60695" lon="25.66486">
      </trkpt>
      <trkpt lat="61.60661" lon="25.6648">
      </trkpt>
      <trkpt lat="61.60605" lon="25.66454">
      </trkpt>
      <trkpt lat="61.60549" lon="25.6642">
      </trkpt>
      <trkpt lat="61.60451" lon="25.66333">
      </trkpt>
      <trkpt lat="61.60415" lon="25.66312">
      </trkpt>
      <trkpt lat="61.60385" lon="25.663">
      </trkpt>
      <trkpt lat="61.60228" lon="25.66269">
      </trkpt>
      <trkpt lat="61.60174" lon="25.66276">
      </trkpt>
      <trkpt lat="61.60115" lon="25.66296">
      </trkpt>
      <trkpt lat="61.60051" lon="25.66335">
      </trkpt>
      <trkpt lat="61.59958" lon="25.6642">
      </trkpt>
      <trkpt lat="61.59901" lon="25.66457">
      </trkpt>
      <trkpt lat="61.59844" lon="25.66473">
      </trkpt>
      <trkpt lat="61.59735" lon="25.6648">
      </trkpt>
      <trkpt lat="61.59636" lon="25.66464">
      </trkpt>
      <trkpt lat="61.59529" lon="25.66413">
      </trkpt>
      <trkpt lat="61.5947" lon="25.66382">
      </trkpt>
      <trkpt lat="61.59444" lon="25.66362">
      </trkpt>
      <trkpt lat="61.59318" lon="25.66298">
      </trkpt>
      <trkpt lat="61.59228" lon="25.66279">
      </trkpt>
      <trkpt lat="61.59147" lon="25.66271">
      </trkpt>
      <trkpt lat="61.58948" lon="25.66205">
      </trkpt>
      <trkpt lat="61.58895" lon="25.66198">
      </trkpt>
      <trkpt lat="61.58734" lon="25.66217">
      </trkpt>
      <trkpt lat="61.58599" lon="25.66181">
      </trkpt>
      <trkpt lat="61.58512" lon="25.66165">
      </trkpt>
      <trkpt lat="61.58484" lon="25.66166">
      </trkpt>
      <trkpt lat="61.58363" lon="25.66193">
      </trkpt>
      <trkpt lat="61.5834" lon="25.66193">
      </trkpt>
      <trkpt lat="61.58304" lon="25.66181">
      </trkpt>
      <trkpt lat="61.58272" lon="25.66163">
      </trkpt>
      <trkpt lat="61.5812" lon="25.66017">
      </trkpt>
      <trkpt lat="61.58092" lon="25.65998">
      </trkpt>
      <trkpt lat="61.58053" lon="25.65984">
      </trkpt>
      <trkpt lat="61.57893" lon="25.65972">
      </trkpt>
      <trkpt lat="61.57777" lon="25.65969">
      </trkpt>
      <trkpt lat="61.57741" lon="25.6596">
      </trkpt>
      <trkpt lat="61.57698" lon="25.6593">
      </trkpt>
      <trkpt lat="61.57647" lon="25.65855">
      </trkpt>
      <trkpt lat="61.57488" lon="25.65509">
      </trkpt>
      <trkpt lat="61.57416" lon="25.65402">
      </trkpt>
      <trkpt lat="61.57247" lon="25.65249">
      </trkpt>
      <trkpt lat="61.57193" lon="25.6522">
      </trkpt>
      <trkpt lat="61.57096" lon="25.65194">
      </trkpt>
      <trkpt lat="61.5703" lon="25.6516">
      </trkpt>
      <trkpt lat="61.56987" lon="25.6513">
      </trkpt>
      <trkpt lat="61.56956" lon="25.651">
      </trkpt>
      <trkpt lat="61.56918" lon="25.65052">
      </trkpt>
      <trkpt lat="61.56825" lon="25.64879">
      </trkpt>
      <trkpt lat="61.56774" lon="25.64802">
      </trkpt>
      <trkpt lat="61.56697" lon="25.64725">
      </trkpt>
      <trkpt lat="61.56646" lon="25.64697">
      </trkpt>
      <trkpt lat="61.56576" lon="25.64673">
      </trkpt>
      <trkpt lat="61.56515" lon="25.64675">
      </trkpt>
      <trkpt lat="61.56478" lon="25.6469">
      </trkpt>
      <trkpt lat="61.56387" lon="25.64763">
      </trkpt>
      <trkpt lat="61.56341" lon="25.64787">
      </trkpt>
      <trkpt lat="61.56315" lon="25.64788">
      </trkpt>
      <trkpt lat="61.56189" lon="25.64769">
      </trkpt>
      <trkpt lat="61.56122" lon="25.6477">
      </trkpt>
      <trkpt lat="61.55818" lon="25.64822">
      </trkpt>
      <trkpt lat="61.55778" lon="25.64841">
      </trkpt>
      <trkpt lat="61.5571" lon="25.64909">
      </trkpt>
      <trkpt lat="61.55633" lon="25.64954">
      </trkpt>
      <trkpt lat="61.55599" lon="25.64979">
      </trkpt>
      <trkpt lat="61.55559" lon="25.65018">
      </trkpt>
      <trkpt lat="61.5551" lon="25.65085">
      </trkpt>
      <trkpt lat="61.55415" lon="25.65278">
      </trkpt>
      <trkpt lat="61.55361" lon="25.65373">
      </trkpt>
      <trkpt lat="61.55278" lon="25.65492">
      </trkpt>
      <trkpt lat="61.55237" lon="25.65533">
      </trkpt>
      <trkpt lat="61.55201" lon="25.6556">
      </trkpt>
      <trkpt lat="61.5517" lon="25.65576">
      </trkpt>
      <trkpt lat="61.55105" lon="25.65585">
      </trkpt>
      <trkpt lat="61.54975" lon="25.65554">
      </trkpt>
      <trkpt lat="61.54918" lon="25.65561">
      </trkpt>
      <trkpt lat="61.54896" lon="25.65571">
      </trkpt>
      <trkpt lat="61.54833" lon="25.65627">
      </trkpt>
      <trkpt lat="61.54744" lon="25.65758">
      </trkpt>
      <trkpt lat="61.54684" lon="25.65824">
      </trkpt>
      <trkpt lat="61.54626" lon="25.65857">
      </trkpt>
      <trkpt lat="61.54557" lon="25.65875">
      </trkpt>
      <trkpt lat="61.545" lon="25.65876">
      </trkpt>
      <trkpt lat="61.54435" lon="25.6587">
      </trkpt>
      <trkpt lat="61.54402" lon="25.65875">
      </trkpt>
      <trkpt lat="61.54362" lon="25.65889">
      </trkpt>
      <trkpt lat="61.54258" lon="25.65943">
      </trkpt>
      <trkpt lat="61.54231" lon="25.65967">
      </trkpt>
      <trkpt lat="61.5417" lon="25.66043">
      </trkpt>
      <trkpt lat="61.54147" lon="25.66065">
      </trkpt>
      <trkpt lat="61.54105" lon="25.66087">
      </trkpt>
      <trkpt lat="61.54029" lon="25.66107">
      </trkpt>
      <trkpt lat="61.54005" lon="25.66119">
      </trkpt>
      <trkpt lat="61.53885" lon="25.66234">
      </trkpt>
      <trkpt lat="61.53856" lon="25.66247">
      </trkpt>
      <trkpt lat="61.53813" lon="25.66256">
      </trkpt>
      <trkpt lat="61.53689" lon="25.66236">
      </trkpt>
      <trkpt lat="61.53654" lon="25.66235">
      </trkpt>
      <trkpt lat="61.53596" lon="25.66242">
      </trkpt>
      <trkpt lat="61.53548" lon="25.66233">
      </trkpt>
      <trkpt lat="61.53443" lon="25.66199">
      </trkpt>
      <trkpt lat="61.53419" lon="25.66179">
      </trkpt>
      <trkpt lat="61.53371" lon="25.66116">
      </trkpt>
      <trkpt lat="61.5328" lon="25.65955">
      </trkpt>
      <trkpt lat="61.53244" lon="25.65905">
      </trkpt>
      <trkpt lat="61.53205" lon="25.65884">
      </trkpt>
      <trkpt lat="61.53167" lon="25.65871">
      </trkpt>
      <trkpt lat="61.53136" lon="25.65871">
      </trkpt>
      <trkpt lat="61.53035" lon="25.65901">
      </trkpt>
      <trkpt lat="61.53006" lon="25.65898">
      </trkpt>
      <trkpt lat="61.52928" lon="25.65862">
      </trkpt>
      <trkpt lat="61.5291" lon="25.65858">
      </trkpt>
      <trkpt lat="61.52774" lon="25.65908">
      </trkpt>
      <trkpt lat="61.52702" lon="25.65925">
      </trkpt>
      <trkpt lat="61.52581" lon="25.65901">
      </trkpt>
      <trkpt lat="61.52524" lon="25.659">
      </trkpt>
      <trkpt lat="61.5249" lon="25.65905">
      </trkpt>
      <trkpt lat="61.52462" lon="25.65918">
      </trkpt>
      <trkpt lat="61.52373" lon="25.65985">
      </trkpt>
      <trkpt lat="61.52316" lon="25.6601">
      </trkpt>
      <trkpt lat="61.52222" lon="25.66028">
      </trkpt>
      <trkpt lat="61.52175" lon="25.66027">
      </trkpt>
      <trkpt lat="61.52076" lon="25.66001">
      </trkpt>
      <trkpt lat="61.52024" lon="25.65976">
      </trkpt>
      <trkpt lat="61.51835" lon="25.65861">
      </trkpt>
      <trkpt lat="61.51792" lon="25.65843">
      </trkpt>
      <trkpt lat="61.51604" lon="25.65805">
      </trkpt>
      <trkpt lat="61.51428" lon="25.65745">
      </trkpt>
      <trkpt lat="61.51298" lon="25.65744">
      </trkpt>
      <trkpt lat="61.51261" lon="25.65751">
      </trkpt>
      <trkpt lat="61.51228" lon="25.65767">
      </trkpt>
      <trkpt lat="61.51188" lon="25.65795">
      </trkpt>
      <trkpt lat="61.51146" lon="25.65838">
      </trkpt>
      <trkpt lat="61.51004" lon="25.66026">
      </trkpt>
      <trkpt lat="61.50975" lon="25.66061">
      </trkpt>
      <trkpt lat="61.5093" lon="25.66102">
      </trkpt>
      <trkpt lat="61.50881" lon="25.66174">
      </trkpt>
      <trkpt lat="61.50842" lon="25.66269">
      </trkpt>
      <trkpt lat="61.50835" lon="25.66263">
      </trkpt>
      <trkpt lat="61.50826" lon="25.66264">
      </trkpt>
      <trkpt lat="61.50817" lon="25.66315">
      </trkpt>
      <trkpt lat="61.50775" lon="25.66453">
      </trkpt>
      <trkpt lat="61.50732" lon="25.66552">
      </trkpt>
      <trkpt lat="61.50705" lon="25.6663">
      </trkpt>
      <trkpt lat="61.50666" lon="25.66935">
      </trkpt>
      <trkpt lat="61.50649" lon="25.66998">
      </trkpt>
      <trkpt lat="61.50633" lon="25.67038">
      </trkpt>
      <trkpt lat="61.50594" lon="25.67101">
      </trkpt>
      <trkpt lat="61.50552" lon="25.67143">
      </trkpt>
      <trkpt lat="61.50526" lon="25.67157">
      </trkpt>
      <trkpt lat="61.50464" lon="25.67168">
      </trkpt>
      <trkpt lat="61.50445" lon="25.67178">
      </trkpt>
      <trkpt lat="61.50402" lon="25.67232">
      </trkpt>
      <trkpt lat="61.50365" lon="25.67302">
      </trkpt>
      <trkpt lat="61.50326" lon="25.67448">
      </trkpt>
      <trkpt lat="61.5031" lon="25.6749">
      </trkpt>
      <trkpt lat="61.50273" lon="25.67557">
      </trkpt>
      <trkpt lat="61.50227" lon="25.67617">
      </trkpt>
      <trkpt lat="61.50208" lon="25.67657">
      </trkpt>
      <trkpt lat="61.50178" lon="25.67772">
      </trkpt>
      <trkpt lat="61.50166" lon="25.67841">
      </trkpt>
      <trkpt lat="61.50161" lon="25.67949">
      </trkpt>
      <trkpt lat="61.50183" lon="25.68389">
      </trkpt>
      <trkpt lat="61.50194" lon="25.68447">
      </trkpt>
      <trkpt lat="61.50214" lon="25.68497">
      </trkpt>
      <trkpt lat="61.50172" lon="25.68901">
      </trkpt>
      <trkpt lat="61.5013" lon="25.6907">
      </trkpt>
      <trkpt lat="61.50111" lon="25.69124">
      </trkpt>
      <trkpt lat="61.5008" lon="25.69191">
      </trkpt>
      <trkpt lat="61.50043" lon="25.69255">
      </trkpt>
      <trkpt lat="61.50053" lon="25.69282">
      </trkpt>
      <trkpt lat="61.50016" lon="25.69346">
      </trkpt>
      <trkpt lat="61.49816" lon="25.69639">
      </trkpt>
      <trkpt lat="61.49778" lon="25.69709">
      </trkpt>
      <trkpt lat="61.49659" lon="25.70038">
      </trkpt>
      <trkpt lat="61.49586" lon="25.70195">
      </trkpt>
      <trkpt lat="61.49535" lon="25.70278">
      </trkpt>
      <trkpt lat="61.49511" lon="25.70339">
      </trkpt>
      <trkpt lat="61.49475" lon="25.70452">
      </trkpt>
      <trkpt lat="61.49434" lon="25.70627">
      </trkpt>
      <trkpt lat="61.49393" lon="25.70943">
      </trkpt>
      <trkpt lat="61.49366" lon="25.71076">
      </trkpt>
      <trkpt lat="61.49329" lon="25.71199">
      </trkpt>
      <trkpt lat="61.49289" lon="25.71296">
      </trkpt>
      <trkpt lat="61.49263" lon="25.71349">
      </trkpt>
      <trkpt lat="61.49212" lon="25.71431">
      </trkpt>
      <trkpt lat="61.49101" lon="25.71552">
      </trkpt>
      <trkpt lat="61.49016" lon="25.71636">
      </trkpt>
      <trkpt lat="61.48892" lon="25.71781">
      </trkpt>
      <trkpt lat="61.48863" lon="25.71799">
      </trkpt>
      <trkpt lat="61.48838" lon="25.71804">
      </trkpt>
      <trkpt lat="61.48777" lon="25.71856">
      </trkpt>
      <trkpt lat="61.48693" lon="25.71911">
      </trkpt>
      <trkpt lat="61.48608" lon="25.71945">
      </trkpt>
      <trkpt lat="61.48554" lon="25.71959">
      </trkpt>
      <trkpt lat="61.48485" lon="25.71964">
      </trkpt>
      <trkpt lat="61.48441" lon="25.71965">
      </trkpt>
      <trkpt lat="61.48362" lon="25.71953">
      </trkpt>
      <trkpt lat="61.48319" lon="25.71939">
      </trkpt>
      <trkpt lat="61.48241" lon="25.71902">
      </trkpt>
      <trkpt lat="61.4815" lon="25.71841">
      </trkpt>
      <trkpt lat="61.48051" lon="25.71746">
      </trkpt>
      <trkpt lat="61.47945" lon="25.71615">
      </trkpt>
      <trkpt lat="61.47878" lon="25.71547">
      </trkpt>
      <trkpt lat="61.47798" lon="25.71482">
      </trkpt>
      <trkpt lat="61.4768" lon="25.71419">
      </trkpt>
      <trkpt lat="61.47613" lon="25.71396">
      </trkpt>
      <trkpt lat="61.47192" lon="25.71289">
      </trkpt>
      <trkpt lat="61.46963" lon="25.71264">
      </trkpt>
      <trkpt lat="61.46909" lon="25.71263">
      </trkpt>
      <trkpt lat="61.46783" lon="25.7128">
      </trkpt>
      <trkpt lat="61.467" lon="25.71297">
      </trkpt>
      <trkpt lat="61.46616" lon="25.71321">
      </trkpt>
      <trkpt lat="61.46544" lon="25.7135">
      </trkpt>
      <trkpt lat="61.46473" lon="25.71379">
      </trkpt>
      <trkpt lat="61.46328" lon="25.71465">
      </trkpt>
      <trkpt lat="61.46184" lon="25.71566">
      </trkpt>
      <trkpt lat="61.46031" lon="25.71701">
      </trkpt>
      <trkpt lat="61.45789" lon="25.71965">
      </trkpt>
      <trkpt lat="61.45711" lon="25.72034">
      </trkpt>
      <trkpt lat="61.45618" lon="25.72096">
      </trkpt>
      <trkpt lat="61.45509" lon="25.72153">
      </trkpt>
      <trkpt lat="61.44919" lon="25.72427">
      </trkpt>
      <trkpt lat="61.44866" lon="25.72443">
      </trkpt>
      <trkpt lat="61.44804" lon="25.72451">
      </trkpt>
      <trkpt lat="61.44735" lon="25.72447">
      </trkpt>
      <trkpt lat="61.44679" lon="25.72434">
      </trkpt>
      <trkpt lat="61.44593" lon="25.72401">
      </trkpt>
      <trkpt lat="61.44537" lon="25.72364">
      </trkpt>
      <trkpt lat="61.4444" lon="25.72274">
      </trkpt>
      <trkpt lat="61.44387" lon="25.72206">
      </trkpt>
      <trkpt lat="61.44351" lon="25.72146">
      </trkpt>
      <trkpt lat="61.44312" lon="25.72062">
      </trkpt>
      <trkpt lat="61.44205" lon="25.71807">
      </trkpt>
      <trkpt lat="61.44047" lon="25.714">
      </trkpt>
      <trkpt lat="61.43955" lon="25.71086">
      </trkpt>
      <trkpt lat="61.43909" lon="25.70853">
      </trkpt>
      <trkpt lat="61.43804" lon="25.69982">
      </trkpt>
      <trkpt lat="61.43791" lon="25.69904">
      </trkpt>
      <trkpt lat="61.43742" lon="25.69695">
      </trkpt>
      <trkpt lat="61.43678" lon="25.69495">
      </trkpt>
      <trkpt lat="61.43627" lon="25.69372">
      </trkpt>
      <trkpt lat="61.43428" lon="25.68971">
      </trkpt>
      <trkpt lat="61.43346" lon="25.68831">
      </trkpt>
      <trkpt lat="61.43272" lon="25.68743">
      </trkpt>
      <trkpt lat="61.4323" lon="25.68705">
      </trkpt>
      <trkpt lat="61.43182" lon="25.6867">
      </trkpt>
      <trkpt lat="61.4314" lon="25.68649">
      </trkpt>
      <trkpt lat="61.43071" lon="25.68625">
      </trkpt>
      <trkpt lat="61.42945" lon="25.68606">
      </trkpt>
      <trkpt lat="61.42883" lon="25.68584">
      </trkpt>
      <trkpt lat="61.42827" lon="25.68542">
      </trkpt>
      <trkpt lat="61.42795" lon="25.68514">
      </trkpt>
      <trkpt lat="61.42651" lon="25.68347">
      </trkpt>
      <trkpt lat="61.42587" lon="25.68287">
      </trkpt>
      <trkpt lat="61.42473" lon="25.68193">
      </trkpt>
      <trkpt lat="61.42432" lon="25.68151">
      </trkpt>
      <trkpt lat="61.42234" lon="25.67913">
      </trkpt>
      <trkpt lat="61.42155" lon="25.67838">
      </trkpt>
      <trkpt lat="61.42068" lon="25.67775">
      </trkpt>
      <trkpt lat="61.42021" lon="25.6775">
      </trkpt>
      <trkpt lat="61.41956" lon="25.67723">
      </trkpt>
      <trkpt lat="61.41809" lon="25.67686">
      </trkpt>
      <trkpt lat="61.4176" lon="25.67668">
      </trkpt>
      <trkpt lat="61.41697" lon="25.67629">
      </trkpt>
      <trkpt lat="61.41614" lon="25.67548">
      </trkpt>
      <trkpt lat="61.41416" lon="25.67307">
      </trkpt>
      <trkpt lat="61.41353" lon="25.67242">
      </trkpt>
      <trkpt lat="61.41303" lon="25.67197">
      </trkpt>
      <trkpt lat="61.41266" lon="25.67171">
      </trkpt>
      <trkpt lat="61.41144" lon="25.67098">
      </trkpt>
      <trkpt lat="61.41075" lon="25.67034">
      </trkpt>
      <trkpt lat="61.41039" lon="25.66986">
      </trkpt>
      <trkpt lat="61.41008" lon="25.66934">
      </trkpt>
      <trkpt lat="61.40979" lon="25.66872">
      </trkpt>
      <trkpt lat="61.40743" lon="25.66242">
      </trkpt>
      <trkpt lat="61.40676" lon="25.66091">
      </trkpt>
      <trkpt lat="61.4061" lon="25.65979">
      </trkpt>
      <trkpt lat="61.40571" lon="25.65925">
      </trkpt>
      <trkpt lat="61.4047" lon="25.65816">
      </trkpt>
      <trkpt lat="61.40395" lon="25.65761">
      </trkpt>
      <trkpt lat="61.40336" lon="25.6573">
      </trkpt>
      <trkpt lat="61.40223" lon="25.65691">
      </trkpt>
      <trkpt lat="61.40159" lon="25.65663">
      </trkpt>
      <trkpt lat="61.40084" lon="25.65607">
      </trkpt>
      <trkpt lat="61.4005" lon="25.6557">
      </trkpt>
      <trkpt lat="61.39882" lon="25.6534">
      </trkpt>
      <trkpt lat="61.39834" lon="25.65285">
      </trkpt>
      <trkpt lat="61.39789" lon="25.65246">
      </trkpt>
      <trkpt lat="61.39741" lon="25.65213">
      </trkpt>
      <trkpt lat="61.3952" lon="25.65127">
      </trkpt>
      <trkpt lat="61.39293" lon="25.6499">
      </trkpt>
      <trkpt lat="61.39229" lon="25.64958">
      </trkpt>
      <trkpt lat="61.3918" lon="25.6494">
      </trkpt>
      <trkpt lat="61.39083" lon="25.64912">
      </trkpt>
      <trkpt lat="61.39037" lon="25.64904">
      </trkpt>
      <trkpt lat="61.38929" lon="25.64898">
      </trkpt>
      <trkpt lat="61.38838" lon="25.64907">
      </trkpt>
      <trkpt lat="61.38816" lon="25.64656">
      </trkpt>
      <trkpt lat="61.38823" lon="25.6456">
      </trkpt>
      <trkpt lat="61.38838" lon="25.6446">
      </trkpt>
      <trkpt lat="61.38838" lon="25.6436">
      </trkpt>
      <trkpt lat="61.38832" lon="25.64295">
      </trkpt>
      <trkpt lat="61.38773" lon="25.63975">
      </trkpt>
      <trkpt lat="61.38767" lon="25.63914">
      </trkpt>
      <trkpt lat="61.38764" lon="25.63819">
      </trkpt>
      <trkpt lat="61.38775" lon="25.63678">
      </trkpt>
      <trkpt lat="61.38774" lon="25.63638">
      </trkpt>
      <trkpt lat="61.38757" lon="25.63475">
      </trkpt>
      <trkpt lat="61.38757" lon="25.63388">
      </trkpt>
      <trkpt lat="61.38746" lon="25.63245">
      </trkpt>
      <trkpt lat="61.38734" lon="25.63146">
      </trkpt>
      <trkpt lat="61.3863" lon="25.62803">
      </trkpt>
      <trkpt lat="61.38585" lon="25.62694">
      </trkpt>
      <trkpt lat="61.38562" lon="25.62654">
      </trkpt>
      <trkpt lat="61.38535" lon="25.62618">
      </trkpt>
      <trkpt lat="61.38479" lon="25.62559">
      </trkpt>
      <trkpt lat="61.38418" lon="25.62522">
      </trkpt>
      <trkpt lat="61.38304" lon="25.62474">
      </trkpt>
      <trkpt lat="61.38281" lon="25.62456">
      </trkpt>
      <trkpt lat="61.38254" lon="25.62421">
      </trkpt>
      <trkpt lat="61.38228" lon="25.6236">
      </trkpt>
      <trkpt lat="61.3821" lon="25.62284">
      </trkpt>
      <trkpt lat="61.38203" lon="25.62198">
      </trkpt>
      <trkpt lat="61.38203" lon="25.62057">
      </trkpt>
      <trkpt lat="61.38194" lon="25.61999">
      </trkpt>
      <trkpt lat="61.38115" lon="25.61833">
      </trkpt>
      <trkpt lat="61.38061" lon="25.61693">
      </trkpt>
      <trkpt lat="61.38032" lon="25.61599">
      </trkpt>
      <trkpt lat="61.37984" lon="25.61319">
      </trkpt>
      <trkpt lat="61.37912" lon="25.61081">
      </trkpt>
      <trkpt lat="61.37863" lon="25.60844">
      </trkpt>
      <trkpt lat="61.3783" lon="25.60614">
      </trkpt>
      <trkpt lat="61.37768" lon="25.6037">
      </trkpt>
      <trkpt lat="61.37746" lon="25.60254">
      </trkpt>
      <trkpt lat="61.37743" lon="25.6016">
      </trkpt>
      <trkpt lat="61.37797" lon="25.59881">
      </trkpt>
      <trkpt lat="61.37825" lon="25.59596">
      </trkpt>
      <trkpt lat="61.37823" lon="25.59533">
      </trkpt>
      <trkpt lat="61.37801" lon="25.59315">
      </trkpt>
      <trkpt lat="61.37785" lon="25.58803">
      </trkpt>
      <trkpt lat="61.37775" lon="25.58729">
      </trkpt>
      <trkpt lat="61.37767" lon="25.58701">
      </trkpt>
      <trkpt lat="61.3775" lon="25.58667">
      </trkpt>
      <trkpt lat="61.37699" lon="25.58608">
      </trkpt>
      <trkpt lat="61.37622" lon="25.58536">
      </trkpt>
      <trkpt lat="61.37506" lon="25.58469">
      </trkpt>
      <trkpt lat="61.37487" lon="25.5845">
      </trkpt>
      <trkpt lat="61.37436" lon="25.58363">
      </trkpt>
      <trkpt lat="61.37353" lon="25.58245">
      </trkpt>
      <trkpt lat="61.37295" lon="25.58126">
      </trkpt>
      <trkpt lat="61.37251" lon="25.5806">
      </trkpt>
      <trkpt lat="61.37183" lon="25.58005">
      </trkpt>
      <trkpt lat="61.37162" lon="25.57973">
      </trkpt>
      <trkpt lat="61.37132" lon="25.57987">
      </trkpt>
      <trkpt lat="61.37111" lon="25.5799">
      </trkpt>
      <trkpt lat="61.37088" lon="25.57985">
      </trkpt>
      <trkpt lat="61.37042" lon="25.57963">
      </trkpt>
      <trkpt lat="61.37033" lon="25.58134">
      </trkpt>
      <trkpt lat="61.37014" lon="25.58243">
      </trkpt>
      <trkpt lat="61.37006" lon="25.58254">
      </trkpt>
      <trkpt lat="61.36961" lon="25.58285">
      </trkpt>
      <trkpt lat="61.36939" lon="25.58293">
      </trkpt>
      <trkpt lat="61.36902" lon="25.58321">
      </trkpt>
      <trkpt lat="61.36806" lon="25.5843">
      </trkpt>
      <trkpt lat="61.36774" lon="25.58505">
      </trkpt>
      <trkpt lat="61.36729" lon="25.5859">
      </trkpt>
      <trkpt lat="61.36657" lon="25.58763">
      </trkpt>
      <trkpt lat="61.36647" lon="25.58794">
      </trkpt>
      <trkpt lat="61.36636" lon="25.58861">
      </trkpt>
      <trkpt lat="61.36587" lon="25.59042">
      </trkpt>
      <trkpt lat="61.36577" lon="25.59107">
      </trkpt>
      <trkpt lat="61.36578" lon="25.59148">
      </trkpt>
      <trkpt lat="61.36572" lon="25.59186">
      </trkpt>
      <trkpt lat="61.36561" lon="25.59238">
      </trkpt>
      <trkpt lat="61.36531" lon="25.59336">
      </trkpt>
      <trkpt lat="61.36522" lon="25.59429">
      </trkpt>
      <trkpt lat="61.36515" lon="25.59469">
      </trkpt>
      <trkpt lat="61.36505" lon="25.59495">
      </trkpt>
      <trkpt lat="61.36479" lon="25.59541">
      </trkpt>
      <trkpt lat="61.36445" lon="25.59638">
      </trkpt>
      <trkpt lat="61.36412" lon="25.59646">
      </trkpt>
      <trkpt lat="61.36376" lon="25.5968">
      </trkpt>
      <trkpt lat="61.36357" lon="25.59714">
      </trkpt>
      <trkpt lat="61.36319" lon="25.59838">
      </trkpt>
      <trkpt lat="61.36258" lon="25.59987">
      </trkpt>
      <trkpt lat="61.36148" lon="25.60195">
      </trkpt>
      <trkpt lat="61.36061" lon="25.60346">
      </trkpt>
      <trkpt lat="61.36035" lon="25.60376">
      </trkpt>
      <trkpt lat="61.35976" lon="25.60428">
      </trkpt>
      <trkpt lat="61.3591" lon="25.60461">
      </trkpt>
      <trkpt lat="61.35894" lon="25.60464">
      </trkpt>
      <trkpt lat="61.35659" lon="25.60394">
      </trkpt>
      <trkpt lat="61.35633" lon="25.60378">
      </trkpt>
      <trkpt lat="61.35478" lon="25.60239">
      </trkpt>
      <trkpt lat="61.35462" lon="25.60232">
      </trkpt>
      <trkpt lat="61.3538" lon="25.60233">
      </trkpt>
      <trkpt lat="61.35347" lon="25.60225">
      </trkpt>
      <trkpt lat="61.35333" lon="25.60208">
      </trkpt>
      <trkpt lat="61.35323" lon="25.60181">
      </trkpt>
      <trkpt lat="61.35292" lon="25.60067">
      </trkpt>
      <trkpt lat="61.35193" lon="25.60159">
      </trkpt>
      <trkpt lat="61.35175" lon="25.60184">
      </trkpt>
      <trkpt lat="61.35162" lon="25.60215">
      </trkpt>
      <trkpt lat="61.35068" lon="25.60537">
      </trkpt>
      <trkpt lat="61.35045" lon="25.60655">
      </trkpt>
      <trkpt lat="61.34943" lon="25.61663">
      </trkpt>
      <trkpt lat="61.34816" lon="25.61497">
      </trkpt>
      <trkpt lat="61.34748" lon="25.61383">
      </trkpt>
      <trkpt lat="61.3472" lon="25.61322">
      </trkpt>
      <trkpt lat="61.34624" lon="25.61061">
      </trkpt>
      <trkpt lat="61.34576" lon="25.60919">
      </trkpt>
      <trkpt lat="61.34555" lon="25.60841">
      </trkpt>
      <trkpt lat="61.34346" lon="25.59966">
      </trkpt>
      <trkpt lat="61.34333" lon="25.59873">
      </trkpt>
      <trkpt lat="61.34324" lon="25.59705">
      </trkpt>
      <trkpt lat="61.34309" lon="25.59624">
      </trkpt>
      <trkpt lat="61.3428" lon="25.5955">
      </trkpt>
      <trkpt lat="61.34263" lon="25.59517">
      </trkpt>
      <trkpt lat="61.34244" lon="25.59493">
      </trkpt>
      <trkpt lat="61.34218" lon="25.5947">
      </trkpt>
      <trkpt lat="61.34147" lon="25.59429">
      </trkpt>
      <trkpt lat="61.34115" lon="25.59402">
      </trkpt>
      <trkpt lat="61.34053" lon="25.59327">
      </trkpt>
      <trkpt lat="61.34023" lon="25.59273">
      </trkpt>
      <trkpt lat="61.33968" lon="25.59152">
      </trkpt>
      <trkpt lat="61.33923" lon="25.59018">
      </trkpt>
      <trkpt lat="61.33701" lon="25.58133">
      </trkpt>
      <trkpt lat="61.33674" lon="25.5805">
      </trkpt>
      <trkpt lat="61.33615" lon="25.57905">
      </trkpt>
      <trkpt lat="61.33545" lon="25.57769">
      </trkpt>
      <trkpt lat="61.33505" lon="25.57708">
      </trkpt>
      <trkpt lat="61.33431" lon="25.57614">
      </trkpt>
      <trkpt lat="61.33326" lon="25.57518">
      </trkpt>
      <trkpt lat="61.33203" lon="25.57424">
      </trkpt>
      <trkpt lat="61.33169" lon="25.57394">
      </trkpt>
      <trkpt lat="61.3314" lon="25.57359">
      </trkpt>
      <trkpt lat="61.32951" lon="25.57061">
      </trkpt>
      <trkpt lat="61.32887" lon="25.56973">
      </trkpt>
      <trkpt lat="61.32859" lon="25.56948">
      </trkpt>
      <trkpt lat="61.32822" lon="25.56929">
      </trkpt>
      <trkpt lat="61.32794" lon="25.56924">
      </trkpt>
      <trkpt lat="61.32716" lon="25.56925">
      </trkpt>
      <trkpt lat="61.32683" lon="25.56918">
      </trkpt>
      <trkpt lat="61.32629" lon="25.56892">
      </trkpt>
      <trkpt lat="61.32588" lon="25.56857">
      </trkpt>
      <trkpt lat="61.32559" lon="25.56825">
      </trkpt>
      <trkpt lat="61.32526" lon="25.56777">
      </trkpt>
      <trkpt lat="61.32493" lon="25.5672">
      </trkpt>
      <trkpt lat="61.32464" lon="25.56649">
      </trkpt>
      <trkpt lat="61.32265" lon="25.55941">
      </trkpt>
      <trkpt lat="61.32221" lon="25.55803">
      </trkpt>
      <trkpt lat="61.32175" lon="25.55711">
      </trkpt>
      <trkpt lat="61.32147" lon="25.55669">
      </trkpt>
      <trkpt lat="61.32094" lon="25.55602">
      </trkpt>
      <trkpt lat="61.32065" lon="25.55576">
      </trkpt>
      <trkpt lat="61.3203" lon="25.55555">
      </trkpt>
      <trkpt lat="61.31818" lon="25.55481">
      </trkpt>
      <trkpt lat="61.31715" lon="25.55435">
      </trkpt>
      <trkpt lat="61.31646" lon="25.55384">
      </trkpt>
      <trkpt lat="61.31599" lon="25.5534">
      </trkpt>
      <trkpt lat="61.31442" lon="25.55153">
      </trkpt>
      <trkpt lat="61.31369" lon="25.5508">
      </trkpt>
      <trkpt lat="61.31313" lon="25.5505">
      </trkpt>
      <trkpt lat="61.31155" lon="25.54999">
      </trkpt>
      <trkpt lat="61.31072" lon="25.5495">
      </trkpt>
      <trkpt lat="61.30901" lon="25.54836">
      </trkpt>
      <trkpt lat="61.30823" lon="25.54751">
      </trkpt>
      <trkpt lat="61.30642" lon="25.54481">
      </trkpt>
      <trkpt lat="61.3056" lon="25.54342">
      </trkpt>
      <trkpt lat="61.30518" lon="25.5428">
      </trkpt>
      <trkpt lat="61.3035" lon="25.54079">
      </trkpt>
      <trkpt lat="61.30265" lon="25.54012">
      </trkpt>
      <trkpt lat="61.29907" lon="25.53753">
      </trkpt>
      <trkpt lat="61.29755" lon="25.5366">
      </trkpt>
      <trkpt lat="61.29665" lon="25.53586">
      </trkpt>
      <trkpt lat="61.2952" lon="25.53444">
      </trkpt>
      <trkpt lat="61.29465" lon="25.53399">
      </trkpt>
      <trkpt lat="61.29412" lon="25.5336">
      </trkpt>
      <trkpt lat="61.292" lon="25.53231">
      </trkpt>
      <trkpt lat="61.29183" lon="25.53221">
      </trkpt>
      <trkpt lat="61.29106" lon="25.53196">
      </trkpt>
      <trkpt lat="61.28927" lon="25.53152">
      </trkpt>
      <trkpt lat="61.28868" lon="25.53145">
      </trkpt>
      <trkpt lat="61.28807" lon="25.53154">
      </trkpt>
      <trkpt lat="61.28698" lon="25.53203">
      </trkpt>
      <trkpt lat="61.28655" lon="25.53207">
      </trkpt>
      <trkpt lat="61.28632" lon="25.53201">
      </trkpt>
      <trkpt lat="61.28592" lon="25.53181">
      </trkpt>
      <trkpt lat="61.28559" lon="25.53155">
      </trkpt>
      <trkpt lat="61.28242" lon="25.52886">
      </trkpt>
      <trkpt lat="61.28167" lon="25.52843">
      </trkpt>
      <trkpt lat="61.28124" lon="25.52829">
      </trkpt>
      <trkpt lat="61.28054" lon="25.52815">
      </trkpt>
      <trkpt lat="61.27715" lon="25.52753">
      </trkpt>
      <trkpt lat="61.2768" lon="25.52741">
      </trkpt>
      <trkpt lat="61.27562" lon="25.52684">
      </trkpt>
      <trkpt lat="61.27537" lon="25.52677">
      </trkpt>
      <trkpt lat="61.27454" lon="25.52675">
      </trkpt>
      <trkpt lat="61.27367" lon="25.52683">
      </trkpt>
      <trkpt lat="61.27298" lon="25.52671">
      </trkpt>
      <trkpt lat="61.27237" lon="25.5263">
      </trkpt>
      <trkpt lat="61.2702" lon="25.52443">
      </trkpt>
      <trkpt lat="61.27021" lon="25.52434">
      </trkpt>
      <trkpt lat="61.26961" lon="25.5238">
      </trkpt>
      <trkpt lat="61.26914" lon="25.52329">
      </trkpt>
      <trkpt lat="61.26887" lon="25.52288">
      </trkpt>
      <trkpt lat="61.26744" lon="25.52146">
      </trkpt>
      <trkpt lat="61.26645" lon="25.52074">
      </trkpt>
      <trkpt lat="61.26533" lon="25.52004">
      </trkpt>
      <trkpt lat="61.26438" lon="25.51934">
      </trkpt>
      <trkpt lat="61.26404" lon="25.51914">
      </trkpt>
      <trkpt lat="61.26338" lon="25.5189">
      </trkpt>
      <trkpt lat="61.26276" lon="25.51889">
      </trkpt>
      <trkpt lat="61.26131" lon="25.51932">
      </trkpt>
      <trkpt lat="61.26058" lon="25.51935">
      </trkpt>
      <trkpt lat="61.25989" lon="25.51917">
      </trkpt>
      <trkpt lat="61.25903" lon="25.51874">
      </trkpt>
      <trkpt lat="61.25822" lon="25.51817">
      </trkpt>
      <trkpt lat="61.25787" lon="25.51786">
      </trkpt>
      <trkpt lat="61.25723" lon="25.51704">
      </trkpt>
      <trkpt lat="61.25702" lon="25.51665">
      </trkpt>
      <trkpt lat="61.25609" lon="25.51529">
      </trkpt>
      <trkpt lat="61.25326" lon="25.51145">
      </trkpt>
      <trkpt lat="61.25269" lon="25.51025">
      </trkpt>
      <trkpt lat="61.25187" lon="25.50801">
      </trkpt>
      <trkpt lat="61.25133" lon="25.50683">
      </trkpt>
      <trkpt lat="61.25023" lon="25.50407">
      </trkpt>
      <trkpt lat="61.24977" lon="25.50326">
      </trkpt>
      <trkpt lat="61.24824" lon="25.50122">
      </trkpt>
      <trkpt lat="61.24697" lon="25.49991">
      </trkpt>
      <trkpt lat="61.24421" lon="25.4964">
      </trkpt>
      <trkpt lat="61.24364" lon="25.49581">
      </trkpt>
      <trkpt lat="61.24118" lon="25.49296">
      </trkpt>
      <trkpt lat="61.23949" lon="25.49126">
      </trkpt>
      <trkpt lat="61.23865" lon="25.49054">
      </trkpt>
      <trkpt lat="61.2385" lon="25.49034">
      </trkpt>
      <trkpt lat="61.23843" lon="25.4903">
      </trkpt>
      <trkpt lat="61.23819" lon="25.4903">
      </trkpt>
      <trkpt lat="61.23719" lon="25.48993">
      </trkpt>
      <trkpt lat="61.23663" lon="25.48983">
      </trkpt>
      <trkpt lat="61.23613" lon="25.4898">
      </trkpt>
      <trkpt lat="61.23448" lon="25.49007">
      </trkpt>
      <trkpt lat="61.23328" lon="25.49078">
      </trkpt>
      <trkpt lat="61.23202" lon="25.49182">
      </trkpt>
      <trkpt lat="61.23161" lon="25.49203">
      </trkpt>
      <trkpt lat="61.2313" lon="25.49228">
      </trkpt>
      <trkpt lat="61.23027" lon="25.49278">
      </trkpt>
      <trkpt lat="61.23011" lon="25.4928">
      </trkpt>
      <trkpt lat="61.22916" lon="25.49351">
      </trkpt>
      <trkpt lat="61.22894" lon="25.49376">
      </trkpt>
      <trkpt lat="61.2286" lon="25.49397">
      </trkpt>
      <trkpt lat="61.22768" lon="25.49432">
      </trkpt>
      <trkpt lat="61.22693" lon="25.49449">
      </trkpt>
      <trkpt lat="61.22636" lon="25.49457">
      </trkpt>
      <trkpt lat="61.22554" lon="25.49457">
      </trkpt>
      <trkpt lat="61.22449" lon="25.4942">
      </trkpt>
      <trkpt lat="61.22298" lon="25.49353">
      </trkpt>
      <trkpt lat="61.22174" lon="25.49355">
      </trkpt>
      <trkpt lat="61.22012" lon="25.49265">
      </trkpt>
      <trkpt lat="61.21993" lon="25.49256">
      </trkpt>
      <trkpt lat="61.21979" lon="25.49265">
      </trkpt>
      <trkpt lat="61.21866" lon="25.49206">
      </trkpt>
      <trkpt lat="61.21785" lon="25.49155">
      </trkpt>
      <trkpt lat="61.21701" lon="25.49123">
      </trkpt>
      <trkpt lat="61.21662" lon="25.49121">
      </trkpt>
      <trkpt lat="61.21625" lon="25.49127">
      </trkpt>
      <trkpt lat="61.21547" lon="25.49118">
      </trkpt>
      <trkpt lat="61.21501" lon="25.49106">
      </trkpt>
      <trkpt lat="61.21468" lon="25.49115">
      </trkpt>
      <trkpt lat="61.21434" lon="25.49104">
      </trkpt>
      <trkpt lat="61.21322" lon="25.49036">
      </trkpt>
      <trkpt lat="61.2126" lon="25.48989">
      </trkpt>
      <trkpt lat="61.21098" lon="25.48836">
      </trkpt>
      <trkpt lat="61.20997" lon="25.48754">
      </trkpt>
      <trkpt lat="61.20953" lon="25.48727">
      </trkpt>
      <trkpt lat="61.20928" lon="25.48716">
      </trkpt>
      <trkpt lat="61.20885" lon="25.48708">
      </trkpt>
      <trkpt lat="61.20707" lon="25.48704">
      </trkpt>
      <trkpt lat="61.20663" lon="25.48698">
      </trkpt>
      <trkpt lat="61.2061" lon="25.4868">
      </trkpt>
      <trkpt lat="61.20559" lon="25.48656">
      </trkpt>
      <trkpt lat="61.20435" lon="25.48579">
      </trkpt>
      <trkpt lat="61.204" lon="25.48569">
      </trkpt>
      <trkpt lat="61.20329" lon="25.48564">
      </trkpt>
      <trkpt lat="61.20129" lon="25.4857">
      </trkpt>
      <trkpt lat="61.19952" lon="25.48648">
      </trkpt>
      <trkpt lat="61.19918" lon="25.48661">
      </trkpt>
      <trkpt lat="61.19865" lon="25.48672">
      </trkpt>
      <trkpt lat="61.19748" lon="25.48645">
      </trkpt>
      <trkpt lat="61.19652" lon="25.48666">
      </trkpt>
      <trkpt lat="61.19613" lon="25.48681">
      </trkpt>
      <trkpt lat="61.19568" lon="25.48704">
      </trkpt>
      <trkpt lat="61.19386" lon="25.48856">
      </trkpt>
      <trkpt lat="61.193" lon="25.48908">
      </trkpt>
      <trkpt lat="61.19264" lon="25.48937">
      </trkpt>
      <trkpt lat="61.19225" lon="25.48981">
      </trkpt>
      <trkpt lat="61.19116" lon="25.49135">
      </trkpt>
      <trkpt lat="61.19044" lon="25.49246">
      </trkpt>
      <trkpt lat="61.19025" lon="25.49288">
      </trkpt>
      <trkpt lat="61.18992" lon="25.49389">
      </trkpt>
      <trkpt lat="61.18894" lon="25.49854">
      </trkpt>
      <trkpt lat="61.1887" lon="25.50001">
      </trkpt>
      <trkpt lat="61.18857" lon="25.50141">
      </trkpt>
      <trkpt lat="61.18839" lon="25.50237">
      </trkpt>
      <trkpt lat="61.18744" lon="25.50595">
      </trkpt>
      <trkpt lat="61.18712" lon="25.50688">
      </trkpt>
      <trkpt lat="61.18666" lon="25.50776">
      </trkpt>
      <trkpt lat="61.1863" lon="25.50833">
      </trkpt>
      <trkpt lat="61.1851" lon="25.51001">
      </trkpt>
      <trkpt lat="61.18437" lon="25.51153">
      </trkpt>
      <trkpt lat="61.18394" lon="25.51262">
      </trkpt>
      <trkpt lat="61.18288" lon="25.51448">
      </trkpt>
      <trkpt lat="61.18254" lon="25.51502">
      </trkpt>
      <trkpt lat="61.18202" lon="25.51546">
      </trkpt>
      <trkpt lat="61.18153" lon="25.51613">
      </trkpt>
      <trkpt lat="61.18062" lon="25.5181">
      </trkpt>
      <trkpt lat="61.1804" lon="25.51869">
      </trkpt>
      <trkpt lat="61.17985" lon="25.52111">
      </trkpt>
      <trkpt lat="61.17975" lon="25.52185">
      </trkpt>
      <trkpt lat="61.17965" lon="25.52206">
      </trkpt>
      <trkpt lat="61.1796" lon="25.52243">
      </trkpt>
      <trkpt lat="61.17963" lon="25.52261">
      </trkpt>
      <trkpt lat="61.1794" lon="25.52444">
      </trkpt>
      <trkpt lat="61.17907" lon="25.52665">
      </trkpt>
      <trkpt lat="61.17848" lon="25.52958">
      </trkpt>
      <trkpt lat="61.1781" lon="25.53183">
      </trkpt>
      <trkpt lat="61.17784" lon="25.5328">
      </trkpt>
      <trkpt lat="61.17747" lon="25.53387">
      </trkpt>
      <trkpt lat="61.17721" lon="25.53437">
      </trkpt>
      <trkpt lat="61.17708" lon="25.53447">
      </trkpt>
      <trkpt lat="61.17692" lon="25.53476">
      </trkpt>
      <trkpt lat="61.1769" lon="25.53499">
      </trkpt>
      <trkpt lat="61.17577" lon="25.53718">
      </trkpt>
      <trkpt lat="61.1751" lon="25.5386">
      </trkpt>
      <trkpt lat="61.17475" lon="25.53912">
      </trkpt>
      <trkpt lat="61.17303" lon="25.54234">
      </trkpt>
      <trkpt lat="61.17254" lon="25.54394">
      </trkpt>
      <trkpt lat="61.17219" lon="25.54592">
      </trkpt>
      <trkpt lat="61.17198" lon="25.54668">
      </trkpt>
      <trkpt lat="61.17171" lon="25.54927">
      </trkpt>
      <trkpt lat="61.17119" lon="25.55251">
      </trkpt>
      <trkpt lat="61.17121" lon="25.55266">
      </trkpt>
      <trkpt lat="61.17099" lon="25.55509">
      </trkpt>
      <trkpt lat="61.17094" lon="25.55732">
      </trkpt>
      <trkpt lat="61.17102" lon="25.56125">
      </trkpt>
      <trkpt lat="61.17095" lon="25.56227">
      </trkpt>
      <trkpt lat="61.17076" lon="25.56339">
      </trkpt>
      <trkpt lat="61.1706" lon="25.56404">
      </trkpt>
      <trkpt lat="61.1699" lon="25.56648">
      </trkpt>
      <trkpt lat="61.16917" lon="25.57229">
      </trkpt>
      <trkpt lat="61.16854" lon="25.57541">
      </trkpt>
      <trkpt lat="61.1681" lon="25.57856">
      </trkpt>
      <trkpt lat="61.16705" lon="25.58323">
      </trkpt>
      <trkpt lat="61.16675" lon="25.58477">
      </trkpt>
      <trkpt lat="61.16625" lon="25.58828">
      </trkpt>
      <trkpt lat="61.16587" lon="25.58967">
      </trkpt>
      <trkpt lat="61.1648" lon="25.59287">
      </trkpt>
      <trkpt lat="61.1642" lon="25.59429">
      </trkpt>
      <trkpt lat="61.16388" lon="25.59538">
      </trkpt>
      <trkpt lat="61.16366" lon="25.59686">
      </trkpt>
      <trkpt lat="61.16351" lon="25.59925">
      </trkpt>
      <trkpt lat="61.16285" lon="25.60287">
      </trkpt>
      <trkpt lat="61.16239" lon="25.6066">
      </trkpt>
      <trkpt lat="61.1619" lon="25.60826">
      </trkpt>
      <trkpt lat="61.16163" lon="25.60887">
      </trkpt>
      <trkpt lat="61.16136" lon="25.60927">
      </trkpt>
      <trkpt lat="61.16123" lon="25.60974">
      </trkpt>
      <trkpt lat="61.16082" lon="25.61072">
      </trkpt>
      <trkpt lat="61.16029" lon="25.61266">
      </trkpt>
      <trkpt lat="61.16041" lon="25.61287">
      </trkpt>
      <trkpt lat="61.15989" lon="25.61573">
      </trkpt>
      <trkpt lat="61.15945" lon="25.61878">
      </trkpt>
      <trkpt lat="61.15924" lon="25.61979">
      </trkpt>
      <trkpt lat="61.15863" lon="25.6219">
      </trkpt>
      <trkpt lat="61.15789" lon="25.62568">
      </trkpt>
      <trkpt lat="61.15772" lon="25.62693">
      </trkpt>
      <trkpt lat="61.15766" lon="25.62785">
      </trkpt>
      <trkpt lat="61.15755" lon="25.63114">
      </trkpt>
      <trkpt lat="61.15755" lon="25.63322">
      </trkpt>
      <trkpt lat="61.15765" lon="25.63522">
      </trkpt>
      <trkpt lat="61.1576" lon="25.63618">
      </trkpt>
      <trkpt lat="61.15666" lon="25.64108">
      </trkpt>
      <trkpt lat="61.1562" lon="25.64222">
      </trkpt>
      <trkpt lat="61.15558" lon="25.64346">
      </trkpt>
      <trkpt lat="61.15459" lon="25.64489">
      </trkpt>
      <trkpt lat="61.15407" lon="25.64574">
      </trkpt>
      <trkpt lat="61.15275" lon="25.64809">
      </trkpt>
      <trkpt lat="61.15243" lon="25.64848">
      </trkpt>
      <trkpt lat="61.15205" lon="25.64882">
      </trkpt>
      <trkpt lat="61.1519" lon="25.64885">
      </trkpt>
      <trkpt lat="61.15164" lon="25.64908">
      </trkpt>
      <trkpt lat="61.15074" lon="25.64952">
      </trkpt>
      <trkpt lat="61.15034" lon="25.64978">
      </trkpt>
      <trkpt lat="61.14949" lon="25.65049">
      </trkpt>
      <trkpt lat="61.1491" lon="25.65092">
      </trkpt>
      <trkpt lat="61.14863" lon="25.65155">
      </trkpt>
      <trkpt lat="61.14746" lon="25.6535">
      </trkpt>
      <trkpt lat="61.14679" lon="25.65421">
      </trkpt>
      <trkpt lat="61.14548" lon="25.65525">
      </trkpt>
      <trkpt lat="61.14525" lon="25.65549">
      </trkpt>
      <trkpt lat="61.14473" lon="25.65613">
      </trkpt>
      <trkpt lat="61.1441" lon="25.65727">
      </trkpt>
      <trkpt lat="61.14365" lon="25.6582">
      </trkpt>
      <trkpt lat="61.14306" lon="25.65902">
      </trkpt>
      <trkpt lat="61.14283" lon="25.65944">
      </trkpt>
      <trkpt lat="61.14278" lon="25.65945">
      </trkpt>
      <trkpt lat="61.14273" lon="25.6593">
      </trkpt>
      <trkpt lat="61.14265" lon="25.65925">
      </trkpt>
      <trkpt lat="61.14208" lon="25.66049">
      </trkpt>
      <trkpt lat="61.14188" lon="25.66115">
      </trkpt>
      <trkpt lat="61.14145" lon="25.66066">
      </trkpt>
      <trkpt lat="61.14112" lon="25.66045">
      </trkpt>
      <trkpt lat="61.14093" lon="25.66026">
      </trkpt>
      <trkpt lat="61.14026" lon="25.65942">
      </trkpt>
      <trkpt lat="61.13997" lon="25.65918">
      </trkpt>
      <trkpt lat="61.13968" lon="25.65904">
      </trkpt>
      <trkpt lat="61.13939" lon="25.65899">
      </trkpt>
      <trkpt lat="61.13879" lon="25.65909">
      </trkpt>
      <trkpt lat="61.13863" lon="25.65907">
      </trkpt>
      <trkpt lat="61.1379" lon="25.65871">
      </trkpt>
      <trkpt lat="61.13758" lon="25.6586">
      </trkpt>
      <trkpt lat="61.13711" lon="25.65863">
      </trkpt>
      <trkpt lat="61.13609" lon="25.65896">
      </trkpt>
      <trkpt lat="61.13549" lon="25.65889">
      </trkpt>
      <trkpt lat="61.13528" lon="25.65877">
      </trkpt>
      <trkpt lat="61.13498" lon="25.65869">
      </trkpt>
      <trkpt lat="61.13476" lon="25.6587">
      </trkpt>
      <trkpt lat="61.13388" lon="25.65898">
      </trkpt>
      <trkpt lat="61.13349" lon="25.65903">
      </trkpt>
      <trkpt lat="61.13343" lon="25.6591">
      </trkpt>
      <trkpt lat="61.13335" lon="25.6591">
      </trkpt>
      <trkpt lat="61.13331" lon="25.65902">
      </trkpt>
      <trkpt lat="61.1328" lon="25.659">
      </trkpt>
      <trkpt lat="61.13177" lon="25.65925">
      </trkpt>
      <trkpt lat="61.13127" lon="25.65915">
      </trkpt>
      <trkpt lat="61.13062" lon="25.65922">
      </trkpt>
      <trkpt lat="61.12973" lon="25.65942">
      </trkpt>
      <trkpt lat="61.12813" lon="25.66015">
      </trkpt>
      <trkpt lat="61.12761" lon="25.66035">
      </trkpt>
      <trkpt lat="61.12738" lon="25.66037">
      </trkpt>
      <trkpt lat="61.12716" lon="25.66026">
      </trkpt>
      <trkpt lat="61.12695" lon="25.66006">
      </trkpt>
      <trkpt lat="61.12609" lon="25.65835">
      </trkpt>
      <trkpt lat="61.1256" lon="25.65766">
      </trkpt>
      <trkpt lat="61.1246" lon="25.65648">
      </trkpt>
      <trkpt lat="61.12409" lon="25.6561">
      </trkpt>
      <trkpt lat="61.12372" lon="25.65598">
      </trkpt>
      <trkpt lat="61.12302" lon="25.65598">
      </trkpt>
      <trkpt lat="61.12192" lon="25.65625">
      </trkpt>
      <trkpt lat="61.12145" lon="25.65629">
      </trkpt>
      <trkpt lat="61.12007" lon="25.65567">
      </trkpt>
      <trkpt lat="61.11929" lon="25.65515">
      </trkpt>
      <trkpt lat="61.11897" lon="25.65499">
      </trkpt>
      <trkpt lat="61.11853" lon="25.65494">
      </trkpt>
      <trkpt lat="61.1181" lon="25.65499">
      </trkpt>
      <trkpt lat="61.11789" lon="25.65496">
      </trkpt>
      <trkpt lat="61.11704" lon="25.65456">
      </trkpt>
      <trkpt lat="61.11677" lon="25.65452">
      </trkpt>
      <trkpt lat="61.11573" lon="25.65475">
      </trkpt>
      <trkpt lat="61.11551" lon="25.65476">
      </trkpt>
      <trkpt lat="61.11512" lon="25.65464">
      </trkpt>
      <trkpt lat="61.11422" lon="25.65399">
      </trkpt>
      <trkpt lat="61.11267" lon="25.65306">
      </trkpt>
      <trkpt lat="61.11197" lon="25.65238">
      </trkpt>
      <trkpt lat="61.11137" lon="25.65152">
      </trkpt>
      <trkpt lat="61.11101" lon="25.65089">
      </trkpt>
      <trkpt lat="61.11007" lon="25.64873">
      </trkpt>
      <trkpt lat="61.10854" lon="25.64544">
      </trkpt>
      <trkpt lat="61.1083" lon="25.64479">
      </trkpt>
      <trkpt lat="61.10786" lon="25.64296">
      </trkpt>
      <trkpt lat="61.10796" lon="25.6428">
      </trkpt>
      <trkpt lat="61.10789" lon="25.64245">
      </trkpt>
      <trkpt lat="61.10791" lon="25.64177">
      </trkpt>
      <trkpt lat="61.10782" lon="25.64177">
      </trkpt>
      <trkpt lat="61.10773" lon="25.64074">
      </trkpt>
      <trkpt lat="61.10752" lon="25.6398">
      </trkpt>
      <trkpt lat="61.10728" lon="25.63938">
      </trkpt>
      <trkpt lat="61.10593" lon="25.63781">
      </trkpt>
      <trkpt lat="61.10562" lon="25.63756">
      </trkpt>
      <trkpt lat="61.10514" lon="25.63725">
      </trkpt>
      <trkpt lat="61.10467" lon="25.63711">
      </trkpt>
      <trkpt lat="61.10411" lon="25.63722">
      </trkpt>
      <trkpt lat="61.10391" lon="25.63721">
      </trkpt>
      <trkpt lat="61.10239" lon="25.6369">
      </trkpt>
      <trkpt lat="61.10132" lon="25.63686">
      </trkpt>
      <trkpt lat="61.10037" lon="25.63708">
      </trkpt>
      <trkpt lat="61.10006" lon="25.6371">
      </trkpt>
      <trkpt lat="61.09913" lon="25.63685">
      </trkpt>
      <trkpt lat="61.09882" lon="25.63657">
      </trkpt>
      <trkpt lat="61.09854" lon="25.63611">
      </trkpt>
      <trkpt lat="61.09754" lon="25.63342">
      </trkpt>
      <trkpt lat="61.09728" lon="25.63285">
      </trkpt>
      <trkpt lat="61.0972" lon="25.63277">
      </trkpt>
      <trkpt lat="61.09709" lon="25.6327">
      </trkpt>
      <trkpt lat="61.09597" lon="25.63237">
      </trkpt>
      <trkpt lat="61.09563" lon="25.63221">
      </trkpt>
      <trkpt lat="61.09508" lon="25.6322">
      </trkpt>
      <trkpt lat="61.09409" lon="25.63155">
      </trkpt>
      <trkpt lat="61.09353" lon="25.63132">
      </trkpt>
      <trkpt lat="61.09321" lon="25.63142">
      </trkpt>
      <trkpt lat="61.09278" lon="25.63178">
      </trkpt>
      <trkpt lat="61.09178" lon="25.63319">
      </trkpt>
      <trkpt lat="61.0915" lon="25.63343">
      </trkpt>
      <trkpt lat="61.0912" lon="25.63355">
      </trkpt>
      <trkpt lat="61.0908" lon="25.63351">
      </trkpt>
      <trkpt lat="61.08838" lon="25.63261">
      </trkpt>
      <trkpt lat="61.08796" lon="25.63252">
      </trkpt>
      <trkpt lat="61.08584" lon="25.63264">
      </trkpt>
      <trkpt lat="61.0855" lon="25.63275">
      </trkpt>
      <trkpt lat="61.08437" lon="25.63337">
      </trkpt>
      <trkpt lat="61.08409" lon="25.63344">
      </trkpt>
      <trkpt lat="61.08385" lon="25.6334">
      </trkpt>
      <trkpt lat="61.08363" lon="25.63318">
      </trkpt>
      <trkpt lat="61.08297" lon="25.63201">
      </trkpt>
      <trkpt lat="61.08274" lon="25.63174">
      </trkpt>
      <trkpt lat="61.08247" lon="25.63156">
      </trkpt>
      <trkpt lat="61.08204" lon="25.63158">
      </trkpt>
      <trkpt lat="61.0814" lon="25.6318">
      </trkpt>
      <trkpt lat="61.08079" lon="25.63177">
      </trkpt>
      <trkpt lat="61.08049" lon="25.63149">
      </trkpt>
      <trkpt lat="61.08031" lon="25.63122">
      </trkpt>
      <trkpt lat="61.07987" lon="25.6303">
      </trkpt>
      <trkpt lat="61.07955" lon="25.62981">
      </trkpt>
      <trkpt lat="61.07908" lon="25.62927">
      </trkpt>
      <trkpt lat="61.07893" lon="25.62914">
      </trkpt>
      <trkpt lat="61.07868" lon="25.62905">
      </trkpt>
      <trkpt lat="61.07827" lon="25.62915">
      </trkpt>
      <trkpt lat="61.07748" lon="25.62961">
      </trkpt>
      <trkpt lat="61.0773" lon="25.62976">
      </trkpt>
      <trkpt lat="61.07674" lon="25.63061">
      </trkpt>
      <trkpt lat="61.07652" lon="25.63083">
      </trkpt>
      <trkpt lat="61.07542" lon="25.63105">
      </trkpt>
      <trkpt lat="61.07496" lon="25.63099">
      </trkpt>
      <trkpt lat="61.07411" lon="25.63063">
      </trkpt>
      <trkpt lat="61.07317" lon="25.6299">
      </trkpt>
      <trkpt lat="61.07277" lon="25.62971">
      </trkpt>
      <trkpt lat="61.0724" lon="25.62963">
      </trkpt>
      <trkpt lat="61.0715" lon="25.62964">
      </trkpt>
      <trkpt lat="61.07132" lon="25.62981">
      </trkpt>
      <trkpt lat="61.07009" lon="25.63224">
      </trkpt>
      <trkpt lat="61.06988" lon="25.63297">
      </trkpt>
      <trkpt lat="61.06924" lon="25.63668">
      </trkpt>
      <trkpt lat="61.06922" lon="25.63718">
      </trkpt>
      <trkpt lat="61.06933" lon="25.63874">
      </trkpt>
      <trkpt lat="61.06932" lon="25.63952">
      </trkpt>
      <trkpt lat="61.06924" lon="25.64063">
      </trkpt>
      <trkpt lat="61.069" lon="25.64219">
      </trkpt>
      <trkpt lat="61.06901" lon="25.64254">
      </trkpt>
      <trkpt lat="61.06949" lon="25.6448">
      </trkpt>
      <trkpt lat="61.06967" lon="25.64592">
      </trkpt>
      <trkpt lat="61.06973" lon="25.64669">
      </trkpt>
      <trkpt lat="61.0697" lon="25.64971">
      </trkpt>
      <trkpt lat="61.06956" lon="25.6506">
      </trkpt>
      <trkpt lat="61.06889" lon="25.65305">
      </trkpt>
      <trkpt lat="61.0687" lon="25.65411">
      </trkpt>
      <trkpt lat="61.06828" lon="25.65731">
      </trkpt>
      <trkpt lat="61.06794" lon="25.65881">
      </trkpt>
      <trkpt lat="61.06767" lon="25.65966">
      </trkpt>
      <trkpt lat="61.06762" lon="25.65955">
      </trkpt>
      <trkpt lat="61.06734" lon="25.66016">
      </trkpt>
      <trkpt lat="61.06674" lon="25.66115">
      </trkpt>
      <trkpt lat="61.06665" lon="25.66147">
      </trkpt>
      <trkpt lat="61.06591" lon="25.66327">
      </trkpt>
      <trkpt lat="61.06558" lon="25.66382">
      </trkpt>
      <trkpt lat="61.06521" lon="25.6642">
      </trkpt>
      <trkpt lat="61.06289" lon="25.66594">
      </trkpt>
      <trkpt lat="61.06265" lon="25.66609">
      </trkpt>
      <trkpt lat="61.06157" lon="25.66642">
      </trkpt>
      <trkpt lat="61.06139" lon="25.66659">
      </trkpt>
      <trkpt lat="61.06105" lon="25.66731">
      </trkpt>
      <trkpt lat="61.06057" lon="25.66876">
      </trkpt>
      <trkpt lat="61.06051" lon="25.66909">
      </trkpt>
      <trkpt lat="61.06031" lon="25.66915">
      </trkpt>
      <trkpt lat="61.05671" lon="25.66909">
      </trkpt>
      <trkpt lat="61.0564" lon="25.66904">
      </trkpt>
      <trkpt lat="61.0563" lon="25.66881">
      </trkpt>
      <trkpt lat="61.05603" lon="25.66854">
      </trkpt>
      <trkpt lat="61.05478" lon="25.66885">
      </trkpt>
      <trkpt lat="61.05441" lon="25.66892">
      </trkpt>
      <trkpt lat="61.05423" lon="25.6689">
      </trkpt>
      <trkpt lat="61.05404" lon="25.66882">
      </trkpt>
      <trkpt lat="61.05374" lon="25.66853">
      </trkpt>
      <trkpt lat="61.05316" lon="25.66756">
      </trkpt>
      <trkpt lat="61.05301" lon="25.6674">
      </trkpt>
      <trkpt lat="61.05285" lon="25.66735">
      </trkpt>
      <trkpt lat="61.0527" lon="25.66739">
      </trkpt>
      <trkpt lat="61.05229" lon="25.66773">
      </trkpt>
      <trkpt lat="61.05212" lon="25.66781">
      </trkpt>
      <trkpt lat="61.05191" lon="25.6678">
      </trkpt>
      <trkpt lat="61.05175" lon="25.66767">
      </trkpt>
      <trkpt lat="61.05167" lon="25.66747">
      </trkpt>
      <trkpt lat="61.05163" lon="25.66751">
      </trkpt>
      <trkpt lat="61.05084" lon="25.66697">
      </trkpt>
      <trkpt lat="61.05077" lon="25.66706">
      </trkpt>
      <trkpt lat="61.05071" lon="25.66671">
      </trkpt>
      <trkpt lat="61.05087" lon="25.66417">
      </trkpt>
      <trkpt lat="61.05075" lon="25.66309">
      </trkpt>
      <trkpt lat="61.05057" lon="25.66231">
      </trkpt>
      <trkpt lat="61.04949" lon="25.66026">
      </trkpt>
      <trkpt lat="61.04957" lon="25.65946">
      </trkpt>
      <trkpt lat="61.04924" lon="25.65946">
      </trkpt>
      <trkpt lat="61.0491" lon="25.65896">
      </trkpt>
      <trkpt lat="61.04881" lon="25.65835">
      </trkpt>
      <trkpt lat="61.04876" lon="25.65801">
      </trkpt>
      <trkpt lat="61.04878" lon="25.6573">
      </trkpt>
      <trkpt lat="61.04873" lon="25.65692">
      </trkpt>
      <trkpt lat="61.04863" lon="25.65661">
      </trkpt>
      <trkpt lat="61.04821" lon="25.65611">
      </trkpt>
      <trkpt lat="61.0474" lon="25.65405">
      </trkpt>
      <trkpt lat="61.04718" lon="25.65369">
      </trkpt>
      <trkpt lat="61.04695" lon="25.65368">
      </trkpt>
      <trkpt lat="61.04635" lon="25.65396">
      </trkpt>
      <trkpt lat="61.04611" lon="25.65385">
      </trkpt>
      <trkpt lat="61.04513" lon="25.65215">
      </trkpt>
      <trkpt lat="61.04452" lon="25.6512">
      </trkpt>
      <trkpt lat="61.04416" lon="25.65007">
      </trkpt>
      <trkpt lat="61.04385" lon="25.65031">
      </trkpt>
      <trkpt lat="61.04327" lon="25.6509">
      </trkpt>
      <trkpt lat="61.04249" lon="25.65179">
      </trkpt>
      <trkpt lat="61.04192" lon="25.65269">
      </trkpt>
      <trkpt lat="61.04163" lon="25.6533">
      </trkpt>
      <trkpt lat="61.04155" lon="25.65314">
      </trkpt>
      <trkpt lat="61.04153" lon="25.65294">
      </trkpt>
      <trkpt lat="61.04082" lon="25.65219">
      </trkpt>
      <trkpt lat="61.03901" lon="25.64906">
      </trkpt>
      <trkpt lat="61.03809" lon="25.64765">
      </trkpt>
      <trkpt lat="61.03789" lon="25.64742">
      </trkpt>
      <trkpt lat="61.03767" lon="25.64722">
      </trkpt>
      <trkpt lat="61.03748" lon="25.64712">
      </trkpt>
      <trkpt lat="61.03721" lon="25.64705">
      </trkpt>
      <trkpt lat="61.03652" lon="25.64703">
      </trkpt>
      <trkpt lat="61.03592" lon="25.6469">
      </trkpt>
      <trkpt lat="61.03566" lon="25.64676">
      </trkpt>
      <trkpt lat="61.03544" lon="25.64656">
      </trkpt>
      <trkpt lat="61.0346" lon="25.64566">
      </trkpt>
      <trkpt lat="61.03414" lon="25.64526">
      </trkpt>
      <trkpt lat="61.03361" lon="25.64499">
      </trkpt>
      <trkpt lat="61.03285" lon="25.64504">
      </trkpt>
      <trkpt lat="61.0327" lon="25.64485">
      </trkpt>
      <trkpt lat="61.03264" lon="25.64468">
      </trkpt>
      <trkpt lat="61.03254" lon="25.64482">
      </trkpt>
      <trkpt lat="61.03217" lon="25.64505">
      </trkpt>
      <trkpt lat="61.03168" lon="25.64555">
      </trkpt>
      <trkpt lat="61.03125" lon="25.64604">
      </trkpt>
      <trkpt lat="61.03059" lon="25.64695">
      </trkpt>
      <trkpt lat="61.03014" lon="25.64777">
      </trkpt>
      <trkpt lat="61.02917" lon="25.64995">
      </trkpt>
      <trkpt lat="61.02889" lon="25.6503">
      </trkpt>
      <trkpt lat="61.02871" lon="25.65044">
      </trkpt>
      <trkpt lat="61.02815" lon="25.65073">
      </trkpt>
      <trkpt lat="61.02739" lon="25.65134">
      </trkpt>
      <trkpt lat="61.02712" lon="25.65164">
      </trkpt>
      <trkpt lat="61.02571" lon="25.65364">
      </trkpt>
      <trkpt lat="61.02498" lon="25.65498">
      </trkpt>
      <trkpt lat="61.02484" lon="25.65516">
      </trkpt>
      <trkpt lat="61.02438" lon="25.65549">
      </trkpt>
      <trkpt lat="61.02378" lon="25.65669">
      </trkpt>
      <trkpt lat="61.02365" lon="25.65683">
      </trkpt>
      <trkpt lat="61.02239" lon="25.65773">
      </trkpt>
      <trkpt lat="61.02197" lon="25.65822">
      </trkpt>
      <trkpt lat="61.02167" lon="25.65878">
      </trkpt>
      <trkpt lat="61.02089" lon="25.661">
      </trkpt>
      <trkpt lat="61.02071" lon="25.66136">
      </trkpt>
      <trkpt lat="61.02064" lon="25.66144">
      </trkpt>
      <trkpt lat="61.02056" lon="25.66143">
      </trkpt>
      <trkpt lat="61.02039" lon="25.66095">
      </trkpt>
      <trkpt lat="61.02029" lon="25.66042">
      </trkpt>
      <trkpt lat="61.02005" lon="25.65667">
      </trkpt>
      <trkpt lat="61.02015" lon="25.65584">
      </trkpt>
      <trkpt lat="61.02103" lon="25.65315">
      </trkpt>
      <trkpt lat="61.02117" lon="25.65233">
      </trkpt>
      <trkpt lat="61.02118" lon="25.6503">
      </trkpt>
      <trkpt lat="61.02132" lon="25.64881">
      </trkpt>
      <trkpt lat="61.02123" lon="25.64873">
      </trkpt>
      <trkpt lat="61.02113" lon="25.64851">
      </trkpt>
      <trkpt lat="61.02087" lon="25.64767">
      </trkpt>
      <trkpt lat="61.02078" lon="25.64769">
      </trkpt>
      <trkpt lat="61.02037" lon="25.64799">
      </trkpt>
      <trkpt lat="61.02019" lon="25.64803">
      </trkpt>
      <trkpt lat="61.01924" lon="25.64762">
      </trkpt>
      <trkpt lat="61.01812" lon="25.6475">
      </trkpt>
      <trkpt lat="61.01793" lon="25.64753">
      </trkpt>
      <trkpt lat="61.01761" lon="25.64767">
      </trkpt>
      <trkpt lat="61.01743" lon="25.64786">
      </trkpt>
      <trkpt lat="61.01724" lon="25.64798">
      </trkpt>
      <trkpt lat="61.01686" lon="25.64814">
      </trkpt>
      <trkpt lat="61.01671" lon="25.64815">
      </trkpt>
      <trkpt lat="61.01651" lon="25.64798">
      </trkpt>
      <trkpt lat="61.01617" lon="25.64731">
      </trkpt>
      <trkpt lat="61.01623" lon="25.64679">
      </trkpt>
      <trkpt lat="61.01614" lon="25.64675">
      </trkpt>
      <trkpt lat="61.01589" lon="25.64648">
      </trkpt>
      <trkpt lat="61.01568" lon="25.64617">
      </trkpt>
      <trkpt lat="61.01502" lon="25.64476">
      </trkpt>
      <trkpt lat="61.01469" lon="25.64532">
      </trkpt>
      <trkpt lat="61.01405" lon="25.64597">
      </trkpt>
      <trkpt lat="61.01389" lon="25.64628">
      </trkpt>
      <trkpt lat="61.01372" lon="25.64617">
      </trkpt>
      <trkpt lat="61.01358" lon="25.64614">
      </trkpt>
      <trkpt lat="61.01298" lon="25.6463">
      </trkpt>
      <trkpt lat="61.01263" lon="25.64654">
      </trkpt>
      <trkpt lat="61.01248" lon="25.64673">
      </trkpt>
      <trkpt lat="61.01227" lon="25.64713">
      </trkpt>
      <trkpt lat="61.01201" lon="25.64786">
      </trkpt>
      <trkpt lat="61.01167" lon="25.64963">
      </trkpt>
      <trkpt lat="61.01126" lon="25.65082">
      </trkpt>
      <trkpt lat="61.01099" lon="25.65141">
      </trkpt>
      <trkpt lat="61.01085" lon="25.65164">
      </trkpt>
      <trkpt lat="61.01052" lon="25.65198">
      </trkpt>
      <trkpt lat="61.0092" lon="25.65304">
      </trkpt>
      <trkpt lat="61.00904" lon="25.65312">
      </trkpt>
      <trkpt lat="61.0088" lon="25.65315">
      </trkpt>
      <trkpt lat="61.00684" lon="25.65296">
      </trkpt>
      <trkpt lat="61.00642" lon="25.65275">
      </trkpt>
      <trkpt lat="61.00493" lon="25.65139">
      </trkpt>
      <trkpt lat="61.00404" lon="25.6499">
      </trkpt>
      <trkpt lat="61.00375" lon="25.64957">
      </trkpt>
      <trkpt lat="61.00353" lon="25.64946">
      </trkpt>
      <trkpt lat="61.00311" lon="25.64945">
      </trkpt>
      <trkpt lat="61.00293" lon="25.64955">
      </trkpt>
      <trkpt lat="61.00262" lon="25.64988">
      </trkpt>
      <trkpt lat="61.00232" lon="25.65041">
      </trkpt>
      <trkpt lat="61.0022" lon="25.65041">
      </trkpt>
      <trkpt lat="61.00205" lon="25.65056">
      </trkpt>
      <trkpt lat="61.00195" lon="25.64915">
      </trkpt>
      <trkpt lat="61.00186" lon="25.64912">
      </trkpt>
      <trkpt lat="61.0017" lon="25.6488">
      </trkpt>
      <trkpt lat="61.00141" lon="25.64803">
      </trkpt>
      <trkpt lat="61.00123" lon="25.64792">
      </trkpt>
      <trkpt lat="61.00112" lon="25.64798">
      </trkpt>
      <trkpt lat="61.00099" lon="25.64797">
      </trkpt>
      <trkpt lat="61.00072" lon="25.6477">
      </trkpt>
      <trkpt lat="61.00056" lon="25.64765">
      </trkpt>
      <trkpt lat="61.00038" lon="25.64766">
      </trkpt>
      <trkpt lat="61.00015" lon="25.64779">
      </trkpt>
      <trkpt lat="61.00005" lon="25.6479">
      </trkpt>
      <trkpt lat="60.99978" lon="25.64886">
      </trkpt>
      <trkpt lat="60.99957" lon="25.64932">
      </trkpt>
      <trkpt lat="60.99933" lon="25.64974">
      </trkpt>
      <trkpt lat="60.99889" lon="25.65018">
      </trkpt>
      <trkpt lat="60.99865" lon="25.65032">
      </trkpt>
      <trkpt lat="60.9984" lon="25.65039">
      </trkpt>
      <trkpt lat="60.99803" lon="25.65038">
      </trkpt>
      <trkpt lat="60.99789" lon="25.65034">
      </trkpt>
      <trkpt lat="60.99729" lon="25.64994">
      </trkpt>
      <trkpt lat="60.99642" lon="25.65136">
      </trkpt>
      <trkpt lat="60.99587" lon="25.65169">
      </trkpt>
      <trkpt lat="60.99565" lon="25.65115">
      </trkpt>
      <trkpt lat="60.99545" lon="25.65128">
      </trkpt>
      <trkpt lat="60.99533" lon="25.65105">
      </trkpt>
      <trkpt lat="60.99445" lon="25.64886">
      </trkpt>
      <trkpt lat="60.99428" lon="25.64825">
      </trkpt>
      <trkpt lat="60.99389" lon="25.64857">
      </trkpt>
      <trkpt lat="60.99376" lon="25.64862">
      </trkpt>
      <trkpt lat="60.99355" lon="25.6476">
      </trkpt>
      <trkpt lat="60.9929" lon="25.64625">
      </trkpt>
      <trkpt lat="60.99081" lon="25.64445">
      </trkpt>
      <trkpt lat="60.98718" lon="25.64097">
      </trkpt>
      <trkpt lat="60.98337" lon="25.63743">
      </trkpt>
      <trkpt lat="60.98298" lon="25.63924">
      </trkpt>
      <trkpt lat="60.98283" lon="25.63956">
      </trkpt>
      <trkpt lat="60.9827" lon="25.63965">
      </trkpt>
      <trkpt lat="60.98262" lon="25.63989">
      </trkpt>
      <trkpt lat="60.98262" lon="25.64006">
      </trkpt>
      <trkpt lat="60.9828" lon="25.64067">
      </trkpt>
      <trkpt lat="60.9829" lon="25.6413">
      </trkpt>
      <trkpt lat="60.98344" lon="25.64581">
      </trkpt>
      <trkpt lat="60.98365" lon="25.6457">
      </trkpt>
      <trkpt lat="60.98391" lon="25.64792">
      </trkpt>
      <trkpt lat="60.98363" lon="25.64801">
      </trkpt>
      <trkpt lat="60.98355" lon="25.64911">
      </trkpt>
      <trkpt lat="60.98316" lon="25.6495">
      </trkpt>
      <trkpt lat="60.98315" lon="25.6496">
      </trkpt>
      <trkpt lat="60.98352" lon="25.6511">
      </trkpt>
      <trkpt lat="60.98302" lon="25.65689">
      </trkpt>
      <trkpt lat="60.98259" lon="25.66107">
      </trkpt>
      <trkpt lat="60.97982" lon="25.66002">
      </trkpt>
      <trkpt lat="60.97863" lon="25.65888">
      </trkpt>
      <trkpt lat="60.978" lon="25.65836">
      </trkpt>
      <trkpt lat="60.9779" lon="25.65851">
      </trkpt>
      <trkpt lat="60.97757" lon="25.6586">
      </trkpt>
      <trkpt lat="60.97667" lon="25.65862">
      </trkpt>
      <trkpt lat="60.9761" lon="25.65848">
      </trkpt>
      <trkpt lat="60.97561" lon="25.65825">
      </trkpt>
      <trkpt lat="60.97549" lon="25.65815">
      </trkpt>
      <trkpt lat="60.97542" lon="25.65879">
      </trkpt>
      <trkpt lat="60.97454" lon="25.65844">
      </trkpt>
      <trkpt lat="60.97437" lon="25.65842">
      </trkpt>
      <trkpt lat="60.9732" lon="25.65801">
      </trkpt>
      <trkpt lat="60.97203" lon="25.65776">
      </trkpt>
      <trkpt lat="60.96759" lon="25.65638">
      </trkpt>
      <trkpt lat="60.96697" lon="25.65666">
      </trkpt>
      <trkpt lat="60.96684" lon="25.65678">
      </trkpt>
      <trkpt lat="60.9662" lon="25.65776">
      </trkpt>
      <trkpt lat="60.96612" lon="25.65778">
      </trkpt>
      <trkpt lat="60.9659" lon="25.65769">
      </trkpt>
      <trkpt lat="60.96562" lon="25.66055">
      </trkpt>
      <trkpt lat="60.96553" lon="25.66093">
      </trkpt>
      <trkpt lat="60.96459" lon="25.65987">
      </trkpt>
      <trkpt lat="60.96416" lon="25.65945">
      </trkpt>
      <trkpt lat="60.96408" lon="25.65983">
      </trkpt>
      <trkpt lat="60.96392" lon="25.65997">
      </trkpt>
      <trkpt lat="60.96367" lon="25.65956">
      </trkpt>
      <trkpt lat="60.96314" lon="25.65921">
      </trkpt>
      <trkpt lat="60.96291" lon="25.65913">
      </trkpt>
      <trkpt lat="60.96252" lon="25.65913">
      </trkpt>
      <trkpt lat="60.962" lon="25.65888">
      </trkpt>
      <trkpt lat="60.96173" lon="25.65884">
      </trkpt>
      <trkpt lat="60.96109" lon="25.65889">
      </trkpt>
      <trkpt lat="60.96077" lon="25.65879">
      </trkpt>
      <trkpt lat="60.96045" lon="25.65879">
      </trkpt>
      <trkpt lat="60.95939" lon="25.65893">
      </trkpt>
      <trkpt lat="60.95869" lon="25.65891">
      </trkpt>
      <trkpt lat="60.9584" lon="25.65884">
      </trkpt>
      <trkpt lat="60.95841" lon="25.65818">
      </trkpt>
      <trkpt lat="60.95853" lon="25.65794">
      </trkpt>
      <trkpt lat="60.95858" lon="25.656">
      </trkpt>
      <trkpt lat="60.95856" lon="25.65461">
      </trkpt>
      <trkpt lat="60.95843" lon="25.65396">
      </trkpt>
      <trkpt lat="60.95831" lon="25.65364">
      </trkpt>
      <trkpt lat="60.95817" lon="25.65344">
      </trkpt>
      <trkpt lat="60.95795" lon="25.6533">
      </trkpt>
      <trkpt lat="60.9577" lon="25.65325">
      </trkpt>
      <trkpt lat="60.95751" lon="25.65315">
      </trkpt>
      <trkpt lat="60.95741" lon="25.65302">
      </trkpt>
      <trkpt lat="60.95638" lon="25.65221">
      </trkpt>
      <trkpt lat="60.95593" lon="25.65198">
      </trkpt>
      <trkpt lat="60.95485" lon="25.65092">
      </trkpt>
      <trkpt lat="60.95467" lon="25.65087">
      </trkpt>
      <trkpt lat="60.95449" lon="25.65075">
      </trkpt>
      <trkpt lat="60.95428" lon="25.65052">
      </trkpt>
      <trkpt lat="60.95406" lon="25.65016">
      </trkpt>
      <trkpt lat="60.95283" lon="25.64913">
      </trkpt>
      <trkpt lat="60.95258" lon="25.64895">
      </trkpt>
      <trkpt lat="60.95152" lon="25.64843">
      </trkpt>
      <trkpt lat="60.95048" lon="25.64771">
      </trkpt>
      <trkpt lat="60.94998" lon="25.64746">
      </trkpt>
      <trkpt lat="60.9485" lon="25.64698">
      </trkpt>
      <trkpt lat="60.94658" lon="25.64665">
      </trkpt>
      <trkpt lat="60.94593" lon="25.64662">
      </trkpt>
      <trkpt lat="60.9458" lon="25.64665">
      </trkpt>
      <trkpt lat="60.94518" lon="25.64711">
      </trkpt>
      <trkpt lat="60.945" lon="25.64743">
      </trkpt>
      <trkpt lat="60.94491" lon="25.64735">
      </trkpt>
      <trkpt lat="60.94429" lon="25.64634">
      </trkpt>
      <trkpt lat="60.94369" lon="25.64567">
      </trkpt>
      <trkpt lat="60.94267" lon="25.64478">
      </trkpt>
      <trkpt lat="60.94233" lon="25.64437">
      </trkpt>
      <trkpt lat="60.94147" lon="25.6431">
      </trkpt>
      <trkpt lat="60.9413" lon="25.64295">
      </trkpt>
      <trkpt lat="60.94107" lon="25.64285">
      </trkpt>
      <trkpt lat="60.93985" lon="25.64256">
      </trkpt>
      <trkpt lat="60.93919" lon="25.64288">
      </trkpt>
      <trkpt lat="60.93837" lon="25.64341">
      </trkpt>
      <trkpt lat="60.93756" lon="25.6437">
      </trkpt>
      <trkpt lat="60.93751" lon="25.64365">
      </trkpt>
      <trkpt lat="60.93723" lon="25.64378">
      </trkpt>
      <trkpt lat="60.93668" lon="25.64413">
      </trkpt>
      <trkpt lat="60.93592" lon="25.64471">
      </trkpt>
      <trkpt lat="60.93555" lon="25.64508">
      </trkpt>
      <trkpt lat="60.93476" lon="25.64601">
      </trkpt>
      <trkpt lat="60.93351" lon="25.64812">
      </trkpt>
      <trkpt lat="60.93328" lon="25.64859">
      </trkpt>
      <trkpt lat="60.93317" lon="25.64868">
      </trkpt>
      <trkpt lat="60.93309" lon="25.64845">
      </trkpt>
      <trkpt lat="60.93212" lon="25.65013">
      </trkpt>
      <trkpt lat="60.93182" lon="25.65089">
      </trkpt>
      <trkpt lat="60.93157" lon="25.65173">
      </trkpt>
      <trkpt lat="60.93135" lon="25.6527">
      </trkpt>
      <trkpt lat="60.93089" lon="25.65554">
      </trkpt>
      <trkpt lat="60.93093" lon="25.65697">
      </trkpt>
      <trkpt lat="60.9314" lon="25.65963">
      </trkpt>
      <trkpt lat="60.93158" lon="25.66119">
      </trkpt>
      <trkpt lat="60.93161" lon="25.66268">
      </trkpt>
      <trkpt lat="60.93157" lon="25.66351">
      </trkpt>
      <trkpt lat="60.93146" lon="25.66398">
      </trkpt>
      <trkpt lat="60.93103" lon="25.6687">
      </trkpt>
      <trkpt lat="60.93092" lon="25.66948">
      </trkpt>
      <trkpt lat="60.93062" lon="25.67107">
      </trkpt>
      <trkpt lat="60.93028" lon="25.67203">
      </trkpt>
      <trkpt lat="60.92875" lon="25.67483">
      </trkpt>
      <trkpt lat="60.92762" lon="25.67584">
      </trkpt>
      <trkpt lat="60.92718" lon="25.67638">
      </trkpt>
      <trkpt lat="60.92674" lon="25.67712">
      </trkpt>
      <trkpt lat="60.92649" lon="25.67778">
      </trkpt>
      <trkpt lat="60.92616" lon="25.67903">
      </trkpt>
      <trkpt lat="60.92551" lon="25.68106">
      </trkpt>
      <trkpt lat="60.92532" lon="25.68156">
      </trkpt>
      <trkpt lat="60.92505" lon="25.68207">
      </trkpt>
      <trkpt lat="60.92442" lon="25.6827">
      </trkpt>
      <trkpt lat="60.92315" lon="25.68357">
      </trkpt>
      <trkpt lat="60.92278" lon="25.68368">
      </trkpt>
      <trkpt lat="60.92238" lon="25.68368">
      </trkpt>
      <trkpt lat="60.92217" lon="25.68363">
      </trkpt>
      <trkpt lat="60.92209" lon="25.68349">
      </trkpt>
      <trkpt lat="60.92181" lon="25.68356">
      </trkpt>
      <trkpt lat="60.9214" lon="25.68352">
      </trkpt>
      <trkpt lat="60.921" lon="25.68371">
      </trkpt>
      <trkpt lat="60.92057" lon="25.68424">
      </trkpt>
      <trkpt lat="60.91985" lon="25.68597">
      </trkpt>
      <trkpt lat="60.91952" lon="25.68654">
      </trkpt>
      <trkpt lat="60.919" lon="25.6872">
      </trkpt>
      <trkpt lat="60.9188" lon="25.68734">
      </trkpt>
      <trkpt lat="60.91703" lon="25.6878">
      </trkpt>
      <trkpt lat="60.91647" lon="25.68788">
      </trkpt>
      <trkpt lat="60.91573" lon="25.68812">
      </trkpt>
      <trkpt lat="60.91537" lon="25.68815">
      </trkpt>
      <trkpt lat="60.91508" lon="25.68806">
      </trkpt>
      <trkpt lat="60.9138" lon="25.68698">
      </trkpt>
      <trkpt lat="60.91354" lon="25.68688">
      </trkpt>
      <trkpt lat="60.91327" lon="25.68688">
      </trkpt>
      <trkpt lat="60.91231" lon="25.68728">
      </trkpt>
      <trkpt lat="60.91149" lon="25.68795">
      </trkpt>
      <trkpt lat="60.91122" lon="25.68809">
      </trkpt>
      <trkpt lat="60.91073" lon="25.68818">
      </trkpt>
      <trkpt lat="60.91044" lon="25.68814">
      </trkpt>
      <trkpt lat="60.90983" lon="25.68839">
      </trkpt>
      <trkpt lat="60.90917" lon="25.68901">
      </trkpt>
      <trkpt lat="60.90896" lon="25.68935">
      </trkpt>
      <trkpt lat="60.90804" lon="25.69038">
      </trkpt>
      <trkpt lat="60.90761" lon="25.69094">
      </trkpt>
      <trkpt lat="60.90673" lon="25.69246">
      </trkpt>
      <trkpt lat="60.90668" lon="25.69251">
      </trkpt>
      <trkpt lat="60.90665" lon="25.69248">
      </trkpt>
      <trkpt lat="60.90653" lon="25.69268">
      </trkpt>
      <trkpt lat="60.90645" lon="25.6929">
      </trkpt>
      <trkpt lat="60.90594" lon="25.69369">
      </trkpt>
      <trkpt lat="60.90569" lon="25.69427">
      </trkpt>
      <trkpt lat="60.90547" lon="25.6946">
      </trkpt>
      <trkpt lat="60.90439" lon="25.69531">
      </trkpt>
      <trkpt lat="60.90327" lon="25.69656">
      </trkpt>
      <trkpt lat="60.90254" lon="25.69723">
      </trkpt>
      <trkpt lat="60.90234" lon="25.69731">
      </trkpt>
      <trkpt lat="60.90138" lon="25.69749">
      </trkpt>
      <trkpt lat="60.90006" lon="25.69737">
      </trkpt>
      <trkpt lat="60.89867" lon="25.69775">
      </trkpt>
      <trkpt lat="60.89835" lon="25.69793">
      </trkpt>
      <trkpt lat="60.89807" lon="25.6983">
      </trkpt>
      <trkpt lat="60.89751" lon="25.69944">
      </trkpt>
      <trkpt lat="60.89669" lon="25.70043">
      </trkpt>
      <trkpt lat="60.89588" lon="25.70186">
      </trkpt>
      <trkpt lat="60.89558" lon="25.7022">
      </trkpt>
      <trkpt lat="60.89513" lon="25.70258">
      </trkpt>
      <trkpt lat="60.89457" lon="25.70289">
      </trkpt>
      <trkpt lat="60.89453" lon="25.7032">
      </trkpt>
      <trkpt lat="60.89419" lon="25.70317">
      </trkpt>
      <trkpt lat="60.89357" lon="25.70278">
      </trkpt>
      <trkpt lat="60.89322" lon="25.70289">
      </trkpt>
      <trkpt lat="60.893" lon="25.70308">
      </trkpt>
      <trkpt lat="60.89293" lon="25.70302">
      </trkpt>
      <trkpt lat="60.89282" lon="25.70305">
      </trkpt>
      <trkpt lat="60.89242" lon="25.70332">
      </trkpt>
      <trkpt lat="60.89201" lon="25.70328">
      </trkpt>
      <trkpt lat="60.89156" lon="25.70302">
      </trkpt>
      <trkpt lat="60.89095" lon="25.70231">
      </trkpt>
      <trkpt lat="60.8905" lon="25.70163">
      </trkpt>
      <trkpt lat="60.89006" lon="25.70128">
      </trkpt>
      <trkpt lat="60.8897" lon="25.70118">
      </trkpt>
      <trkpt lat="60.88941" lon="25.70097">
      </trkpt>
      <trkpt lat="60.88828" lon="25.69926">
      </trkpt>
      <trkpt lat="60.88792" lon="25.6989">
      </trkpt>
      <trkpt lat="60.88753" lon="25.69867">
      </trkpt>
      <trkpt lat="60.88715" lon="25.69834">
      </trkpt>
      <trkpt lat="60.88687" lon="25.69798">
      </trkpt>
      <trkpt lat="60.88652" lon="25.69741">
      </trkpt>
      <trkpt lat="60.88635" lon="25.69704">
      </trkpt>
      <trkpt lat="60.88562" lon="25.69479">
      </trkpt>
      <trkpt lat="60.88542" lon="25.69372">
      </trkpt>
      <trkpt lat="60.88521" lon="25.69164">
      </trkpt>
      <trkpt lat="60.88198" lon="25.69275">
      </trkpt>
      <trkpt lat="60.8806" lon="25.69339">
      </trkpt>
      <trkpt lat="60.87939" lon="25.69416">
      </trkpt>
      <trkpt lat="60.87796" lon="25.69522">
      </trkpt>
      <trkpt lat="60.87552" lon="25.69768">
      </trkpt>
      <trkpt lat="60.87404" lon="25.69941">
      </trkpt>
      <trkpt lat="60.87247" lon="25.70106">
      </trkpt>
      <trkpt lat="60.87021" lon="25.70363">
      </trkpt>
      <trkpt lat="60.86978" lon="25.70456">
      </trkpt>
      <trkpt lat="60.86963" lon="25.70477">
      </trkpt>
      <trkpt lat="60.86928" lon="25.70506">
      </trkpt>
      <trkpt lat="60.86867" lon="25.70542">
      </trkpt>
      <trkpt lat="60.86784" lon="25.70651">
      </trkpt>
      <trkpt lat="60.86773" lon="25.70657">
      </trkpt>
      <trkpt lat="60.86736" lon="25.70654">
      </trkpt>
      <trkpt lat="60.86716" lon="25.70659">
      </trkpt>
      <trkpt lat="60.8654" lon="25.70798">
      </trkpt>
      <trkpt lat="60.86455" lon="25.70857">
      </trkpt>
      <trkpt lat="60.86215" lon="25.71007">
      </trkpt>
      <trkpt lat="60.86145" lon="25.71069">
      </trkpt>
      <trkpt lat="60.86118" lon="25.71076">
      </trkpt>
      <trkpt lat="60.86029" lon="25.71118">
      </trkpt>
      <trkpt lat="60.85985" lon="25.71133">
      </trkpt>
      <trkpt lat="60.85889" lon="25.71154">
      </trkpt>
      <trkpt lat="60.85822" lon="25.71174">
      </trkpt>
      <trkpt lat="60.85666" lon="25.71201">
      </trkpt>
      <trkpt lat="60.85409" lon="25.71213">
      </trkpt>
      <trkpt lat="60.85362" lon="25.7122">
      </trkpt>
      <trkpt lat="60.85344" lon="25.71231">
      </trkpt>
      <trkpt lat="60.85327" lon="25.71256">
      </trkpt>
      <trkpt lat="60.8531" lon="25.71305">
      </trkpt>
      <trkpt lat="60.85294" lon="25.71324">
      </trkpt>
      <trkpt lat="60.85273" lon="25.71333">
      </trkpt>
      <trkpt lat="60.85266" lon="25.71327">
      </trkpt>
      <trkpt lat="60.85206" lon="25.71367">
      </trkpt>
      <trkpt lat="60.85158" lon="25.71392">
      </trkpt>
      <trkpt lat="60.85088" lon="25.71419">
      </trkpt>
      <trkpt lat="60.8486" lon="25.71541">
      </trkpt>
      <trkpt lat="60.84774" lon="25.71575">
      </trkpt>
      <trkpt lat="60.84723" lon="25.71578">
      </trkpt>
      <trkpt lat="60.84644" lon="25.71564">
      </trkpt>
      <trkpt lat="60.84599" lon="25.71547">
      </trkpt>
      <trkpt lat="60.84516" lon="25.71497">
      </trkpt>
      <trkpt lat="60.84392" lon="25.71507">
      </trkpt>
      <trkpt lat="60.84266" lon="25.7149">
      </trkpt>
      <trkpt lat="60.84166" lon="25.71469">
      </trkpt>
      <trkpt lat="60.84101" lon="25.71464">
      </trkpt>
      <trkpt lat="60.84035" lon="25.71469">
      </trkpt>
      <trkpt lat="60.83971" lon="25.71482">
      </trkpt>
      <trkpt lat="60.839" lon="25.7151">
      </trkpt>
      <trkpt lat="60.83832" lon="25.71547">
      </trkpt>
      <trkpt lat="60.83685" lon="25.71653">
      </trkpt>
      <trkpt lat="60.83281" lon="25.71958">
      </trkpt>
      <trkpt lat="60.83159" lon="25.72064">
      </trkpt>
      <trkpt lat="60.83079" lon="25.72151">
      </trkpt>
      <trkpt lat="60.8301" lon="25.72236">
      </trkpt>
      <trkpt lat="60.82704" lon="25.72636">
      </trkpt>
      <trkpt lat="60.82668" lon="25.72678">
      </trkpt>
      <trkpt lat="60.82561" lon="25.72778">
      </trkpt>
      <trkpt lat="60.82483" lon="25.72834">
      </trkpt>
      <trkpt lat="60.82428" lon="25.72866">
      </trkpt>
      <trkpt lat="60.82133" lon="25.72987">
      </trkpt>
      <trkpt lat="60.82086" lon="25.72998">
      </trkpt>
      <trkpt lat="60.82057" lon="25.72999">
      </trkpt>
      <trkpt lat="60.81989" lon="25.7303">
      </trkpt>
      <trkpt lat="60.81954" lon="25.7304">
      </trkpt>
      <trkpt lat="60.81944" lon="25.73053">
      </trkpt>
      <trkpt lat="60.81854" lon="25.73059">
      </trkpt>
      <trkpt lat="60.81587" lon="25.73044">
      </trkpt>
      <trkpt lat="60.81516" lon="25.7303">
      </trkpt>
      <trkpt lat="60.81452" lon="25.73037">
      </trkpt>
      <trkpt lat="60.81379" lon="25.73026">
      </trkpt>
      <trkpt lat="60.81186" lon="25.72978">
      </trkpt>
      <trkpt lat="60.81072" lon="25.72957">
      </trkpt>
      <trkpt lat="60.81061" lon="25.72963">
      </trkpt>
      <trkpt lat="60.81059" lon="25.72909">
      </trkpt>
      <trkpt lat="60.8105" lon="25.72878">
      </trkpt>
      <trkpt lat="60.81046" lon="25.72832">
      </trkpt>
      <trkpt lat="60.81051" lon="25.7252">
      </trkpt>
      <trkpt lat="60.81038" lon="25.72258">
      </trkpt>
      <trkpt lat="60.80996" lon="25.7182">
      </trkpt>
      <trkpt lat="60.80988" lon="25.71822">
      </trkpt>
      <trkpt lat="60.80972" lon="25.71632">
      </trkpt>
      <trkpt lat="60.80967" lon="25.71496">
      </trkpt>
      <trkpt lat="60.80984" lon="25.70828">
      </trkpt>
      <trkpt lat="60.80981" lon="25.70552">
      </trkpt>
      <trkpt lat="60.80968" lon="25.7031">
      </trkpt>
      <trkpt lat="60.80967" lon="25.70202">
      </trkpt>
      <trkpt lat="60.81013" lon="25.69387">
      </trkpt>
      <trkpt lat="60.81006" lon="25.69284">
      </trkpt>
      <trkpt lat="60.80966" lon="25.68963">
      </trkpt>
      <trkpt lat="60.8096" lon="25.68832">
      </trkpt>
      <trkpt lat="60.80987" lon="25.68625">
      </trkpt>
      <trkpt lat="60.81021" lon="25.68512">
      </trkpt>
      <trkpt lat="60.8104" lon="25.68419">
      </trkpt>
      <trkpt lat="60.81045" lon="25.68323">
      </trkpt>
      <trkpt lat="60.81043" lon="25.68262">
      </trkpt>
      <trkpt lat="60.81027" lon="25.68159">
      </trkpt>
      <trkpt lat="60.81024" lon="25.68078">
      </trkpt>
      <trkpt lat="60.81036" lon="25.67869">
      </trkpt>
      <trkpt lat="60.81052" lon="25.67778">
      </trkpt>
      <trkpt lat="60.81094" lon="25.67649">
      </trkpt>
      <trkpt lat="60.81141" lon="25.67442">
      </trkpt>
      <trkpt lat="60.8119" lon="25.67102">
      </trkpt>
      <trkpt lat="60.81201" lon="25.66484">
      </trkpt>
      <trkpt lat="60.81212" lon="25.66317">
      </trkpt>
      <trkpt lat="60.81233" lon="25.66106">
      </trkpt>
      <trkpt lat="60.81253" lon="25.65959">
      </trkpt>
      <trkpt lat="60.81282" lon="25.65809">
      </trkpt>
      <trkpt lat="60.81347" lon="25.656">
      </trkpt>
      <trkpt lat="60.81374" lon="25.65493">
      </trkpt>
      <trkpt lat="60.81382" lon="25.6544">
      </trkpt>
      <trkpt lat="60.81387" lon="25.65256">
      </trkpt>
      <trkpt lat="60.81397" lon="25.65157">
      </trkpt>
      <trkpt lat="60.81403" lon="25.64971">
      </trkpt>
      <trkpt lat="60.81426" lon="25.6462">
      </trkpt>
      <trkpt lat="60.81435" lon="25.64216">
      </trkpt>
      <trkpt lat="60.81441" lon="25.64147">
      </trkpt>
      <trkpt lat="60.81456" lon="25.64058">
      </trkpt>
      <trkpt lat="60.81502" lon="25.63825">
      </trkpt>
      <trkpt lat="60.81488" lon="25.63807">
      </trkpt>
      <trkpt lat="60.81431" lon="25.63756">
      </trkpt>
      <trkpt lat="60.81411" lon="25.63718">
      </trkpt>
      <trkpt lat="60.81371" lon="25.63535">
      </trkpt>
      <trkpt lat="60.81334" lon="25.63322">
      </trkpt>
      <trkpt lat="60.81324" lon="25.63127">
      </trkpt>
      <trkpt lat="60.81336" lon="25.63018">
      </trkpt>
      <trkpt lat="60.81325" lon="25.62901">
      </trkpt>
      <trkpt lat="60.8133" lon="25.62775">
      </trkpt>
      <trkpt lat="60.81313" lon="25.62165">
      </trkpt>
      <trkpt lat="60.81309" lon="25.62133">
      </trkpt>
      <trkpt lat="60.81292" lon="25.62076">
      </trkpt>
      <trkpt lat="60.81258" lon="25.62004">
      </trkpt>
      <trkpt lat="60.81222" lon="25.61908">
      </trkpt>
      <trkpt lat="60.8121" lon="25.61889">
      </trkpt>
      <trkpt lat="60.81159" lon="25.6185">
      </trkpt>
      <trkpt lat="60.81146" lon="25.61834">
      </trkpt>
      <trkpt lat="60.81115" lon="25.61744">
      </trkpt>
      <trkpt lat="60.80953" lon="25.61554">
      </trkpt>
      <trkpt lat="60.8093" lon="25.61516">
      </trkpt>
      <trkpt lat="60.80922" lon="25.61491">
      </trkpt>
      <trkpt lat="60.80915" lon="25.6145">
      </trkpt>
      <trkpt lat="60.80901" lon="25.61262">
      </trkpt>
      <trkpt lat="60.80899" lon="25.61055">
      </trkpt>
      <trkpt lat="60.80886" lon="25.60994">
      </trkpt>
      <trkpt lat="60.8086" lon="25.60929">
      </trkpt>
      <trkpt lat="60.80848" lon="25.60918">
      </trkpt>
      <trkpt lat="60.80807" lon="25.60898">
      </trkpt>
      <trkpt lat="60.80784" lon="25.60866">
      </trkpt>
      <trkpt lat="60.80641" lon="25.60357">
      </trkpt>
      <trkpt lat="60.80593" lon="25.602">
      </trkpt>
      <trkpt lat="60.80548" lon="25.60078">
      </trkpt>
      <trkpt lat="60.80456" lon="25.59563">
      </trkpt>
      <trkpt lat="60.80424" lon="25.59426">
      </trkpt>
      <trkpt lat="60.80387" lon="25.59299">
      </trkpt>
      <trkpt lat="60.80275" lon="25.58973">
      </trkpt>
      <trkpt lat="60.80205" lon="25.58722">
      </trkpt>
      <trkpt lat="60.802" lon="25.5866">
      </trkpt>
      <trkpt lat="60.80211" lon="25.58543">
      </trkpt>
      <trkpt lat="60.80204" lon="25.58487">
      </trkpt>
      <trkpt lat="60.80192" lon="25.58458">
      </trkpt>
      <trkpt lat="60.80146" lon="25.584">
      </trkpt>
      <trkpt lat="60.80095" lon="25.58313">
      </trkpt>
      <trkpt lat="60.8008" lon="25.58271">
      </trkpt>
      <trkpt lat="60.80051" lon="25.58143">
      </trkpt>
      <trkpt lat="60.80017" lon="25.58029">
      </trkpt>
      <trkpt lat="60.79992" lon="25.57895">
      </trkpt>
      <trkpt lat="60.79576" lon="25.57447">
      </trkpt>
      <trkpt lat="60.79523" lon="25.57356">
      </trkpt>
      <trkpt lat="60.79298" lon="25.56932">
      </trkpt>
      <trkpt lat="60.79265" lon="25.56895">
      </trkpt>
      <trkpt lat="60.79171" lon="25.56836">
      </trkpt>
      <trkpt lat="60.79123" lon="25.56779">
      </trkpt>
      <trkpt lat="60.79099" lon="25.56729">
      </trkpt>
      <trkpt lat="60.79081" lon="25.56668">
      </trkpt>
      <trkpt lat="60.79067" lon="25.56599">
      </trkpt>
      <trkpt lat="60.79062" lon="25.56525">
      </trkpt>
      <trkpt lat="60.79063" lon="25.56452">
      </trkpt>
      <trkpt lat="60.79076" lon="25.56281">
      </trkpt>
      <trkpt lat="60.79103" lon="25.55938">
      </trkpt>
      <trkpt lat="60.79113" lon="25.55859">
      </trkpt>
      <trkpt lat="60.7932" lon="25.54802">
      </trkpt>
      <trkpt lat="60.794" lon="25.54416">
      </trkpt>
      <trkpt lat="60.79453" lon="25.542">
      </trkpt>
      <trkpt lat="60.79463" lon="25.54141">
      </trkpt>
      <trkpt lat="60.79471" lon="25.54016">
      </trkpt>
      <trkpt lat="60.79462" lon="25.53895">
      </trkpt>
      <trkpt lat="60.79462" lon="25.53834">
      </trkpt>
      <trkpt lat="60.79482" lon="25.53663">
      </trkpt>
      <trkpt lat="60.79495" lon="25.53467">
      </trkpt>
      <trkpt lat="60.79508" lon="25.53406">
      </trkpt>
      <trkpt lat="60.79536" lon="25.53321">
      </trkpt>
      <trkpt lat="60.79558" lon="25.53275">
      </trkpt>
      <trkpt lat="60.79585" lon="25.53247">
      </trkpt>
      <trkpt lat="60.79645" lon="25.53201">
      </trkpt>
      <trkpt lat="60.79693" lon="25.53131">
      </trkpt>
      <trkpt lat="60.79706" lon="25.53087">
      </trkpt>
      <trkpt lat="60.79727" lon="25.52945">
      </trkpt>
      <trkpt lat="60.79754" lon="25.52811">
      </trkpt>
      <trkpt lat="60.79785" lon="25.52718">
      </trkpt>
      <trkpt lat="60.79804" lon="25.52688">
      </trkpt>
      <trkpt lat="60.79856" lon="25.52653">
      </trkpt>
      <trkpt lat="60.79943" lon="25.52565">
      </trkpt>
      <trkpt lat="60.79969" lon="25.52529">
      </trkpt>
      <trkpt lat="60.79991" lon="25.52482">
      </trkpt>
      <trkpt lat="60.80061" lon="25.52197">
      </trkpt>
      <trkpt lat="60.80106" lon="25.5206">
      </trkpt>
      <trkpt lat="60.80149" lon="25.51835">
      </trkpt>
      <trkpt lat="60.80152" lon="25.51735">
      </trkpt>
      <trkpt lat="60.80143" lon="25.51575">
      </trkpt>
      <trkpt lat="60.8015" lon="25.51482">
      </trkpt>
      <trkpt lat="60.80185" lon="25.51342">
      </trkpt>
      <trkpt lat="60.80248" lon="25.51157">
      </trkpt>
      <trkpt lat="60.80262" lon="25.51102">
      </trkpt>
      <trkpt lat="60.80265" lon="25.51038">
      </trkpt>
      <trkpt lat="60.80261" lon="25.50937">
      </trkpt>
      <trkpt lat="60.80248" lon="25.50844">
      </trkpt>
      <trkpt lat="60.80218" lon="25.50736">
      </trkpt>
      <trkpt lat="60.80144" lon="25.50535">
      </trkpt>
      <trkpt lat="60.80119" lon="25.50485">
      </trkpt>
      <trkpt lat="60.80078" lon="25.50421">
      </trkpt>
      <trkpt lat="60.80045" lon="25.50341">
      </trkpt>
      <trkpt lat="60.79957" lon="25.50072">
      </trkpt>
      <trkpt lat="60.79945" lon="25.50015">
      </trkpt>
      <trkpt lat="60.79932" lon="25.49921">
      </trkpt>
      <trkpt lat="60.79929" lon="25.49819">
      </trkpt>
      <trkpt lat="60.79958" lon="25.49458">
      </trkpt>
      <trkpt lat="60.79954" lon="25.49383">
      </trkpt>
      <trkpt lat="60.79948" lon="25.49384">
      </trkpt>
      <trkpt lat="60.79945" lon="25.49378">
      </trkpt>
      <trkpt lat="60.79924" lon="25.49237">
      </trkpt>
      <trkpt lat="60.79923" lon="25.49173">
      </trkpt>
      <trkpt lat="60.79948" lon="25.48932">
      </trkpt>
      <trkpt lat="60.79958" lon="25.48905">
      </trkpt>
      <trkpt lat="60.80037" lon="25.48765">
      </trkpt>
      <trkpt lat="60.80057" lon="25.48718">
      </trkpt>
      <trkpt lat="60.80092" lon="25.48552">
      </trkpt>
      <trkpt lat="60.80107" lon="25.48515">
      </trkpt>
      <trkpt lat="60.80222" lon="25.4837">
      </trkpt>
      <trkpt lat="60.80236" lon="25.48358">
      </trkpt>
      <trkpt lat="60.80364" lon="25.48317">
      </trkpt>
      <trkpt lat="60.80381" lon="25.48306">
      </trkpt>
      <trkpt lat="60.80397" lon="25.48284">
      </trkpt>
      <trkpt lat="60.80421" lon="25.48193">
      </trkpt>
      <trkpt lat="60.80426" lon="25.48197">
      </trkpt>
      <trkpt lat="60.80435" lon="25.48143">
      </trkpt>
      <trkpt lat="60.8045" lon="25.47846">
      </trkpt>
      <trkpt lat="60.80455" lon="25.47774">
      </trkpt>
      <trkpt lat="60.80461" lon="25.4775">
      </trkpt>
      <trkpt lat="60.79596" lon="25.46893">
      </trkpt>
      <trkpt lat="60.79497" lon="25.46822">
      </trkpt>
      <trkpt lat="60.7938" lon="25.46753">
      </trkpt>
      <trkpt lat="60.7925" lon="25.46658">
      </trkpt>
      <trkpt lat="60.78341" lon="25.45944">
      </trkpt>
      <trkpt lat="60.78125" lon="25.45782">
      </trkpt>
      <trkpt lat="60.77865" lon="25.45566">
      </trkpt>
      <trkpt lat="60.77345" lon="25.45193">
      </trkpt>
      <trkpt lat="60.76692" lon="25.44737">
      </trkpt>
      <trkpt lat="60.76593" lon="25.44659">
      </trkpt>
      <trkpt lat="60.76501" lon="25.44571">
      </trkpt>
      <trkpt lat="60.76401" lon="25.44455">
      </trkpt>
      <trkpt lat="60.75631" lon="25.43605">
      </trkpt>
      <trkpt lat="60.75355" lon="25.43305">
      </trkpt>
      <trkpt lat="60.75298" lon="25.4325">
      </trkpt>
      <trkpt lat="60.75231" lon="25.43205">
      </trkpt>
      <trkpt lat="60.75174" lon="25.43183">
      </trkpt>
      <trkpt lat="60.75113" lon="25.43178">
      </trkpt>
      <trkpt lat="60.75047" lon="25.4318">
      </trkpt>
      <trkpt lat="60.74868" lon="25.43217">
      </trkpt>
      <trkpt lat="60.74834" lon="25.4322">
      </trkpt>
      <trkpt lat="60.74789" lon="25.43217">
      </trkpt>
      <trkpt lat="60.74751" lon="25.43205">
      </trkpt>
      <trkpt lat="60.74683" lon="25.43171">
      </trkpt>
      <trkpt lat="60.74579" lon="25.43108">
      </trkpt>
      <trkpt lat="60.74406" lon="25.42973">
      </trkpt>
      <trkpt lat="60.74317" lon="25.42915">
      </trkpt>
      <trkpt lat="60.74095" lon="25.42794">
      </trkpt>
      <trkpt lat="60.74027" lon="25.42778">
      </trkpt>
      <trkpt lat="60.73983" lon="25.42774">
      </trkpt>
      <trkpt lat="60.73888" lon="25.42782">
      </trkpt>
      <trkpt lat="60.73808" lon="25.42777">
      </trkpt>
      <trkpt lat="60.73774" lon="25.42767">
      </trkpt>
      <trkpt lat="60.7372" lon="25.42739">
      </trkpt>
      <trkpt lat="60.73683" lon="25.42709">
      </trkpt>
      <trkpt lat="60.73608" lon="25.42644">
      </trkpt>
      <trkpt lat="60.73538" lon="25.42574">
      </trkpt>
      <trkpt lat="60.72899" lon="25.41845">
      </trkpt>
      <trkpt lat="60.7273" lon="25.41695">
      </trkpt>
      <trkpt lat="60.72673" lon="25.41657">
      </trkpt>
      <trkpt lat="60.72623" lon="25.41638">
      </trkpt>
      <trkpt lat="60.72524" lon="25.41616">
      </trkpt>
      <trkpt lat="60.72497" lon="25.41604">
      </trkpt>
      <trkpt lat="60.72449" lon="25.4157">
      </trkpt>
      <trkpt lat="60.724" lon="25.41519">
      </trkpt>
      <trkpt lat="60.72357" lon="25.41455">
      </trkpt>
      <trkpt lat="60.7233" lon="25.41405">
      </trkpt>
      <trkpt lat="60.72308" lon="25.41351">
      </trkpt>
      <trkpt lat="60.72288" lon="25.41294">
      </trkpt>
      <trkpt lat="60.72212" lon="25.41012">
      </trkpt>
      <trkpt lat="60.72195" lon="25.40962">
      </trkpt>
      <trkpt lat="60.72163" lon="25.40892">
      </trkpt>
      <trkpt lat="60.72075" lon="25.4075">
      </trkpt>
      <trkpt lat="60.71823" lon="25.40371">
      </trkpt>
      <trkpt lat="60.71744" lon="25.40259">
      </trkpt>
      <trkpt lat="60.71642" lon="25.40139">
      </trkpt>
      <trkpt lat="60.71503" lon="25.40028">
      </trkpt>
      <trkpt lat="60.70919" lon="25.39661">
      </trkpt>
      <trkpt lat="60.70528" lon="25.39348">
      </trkpt>
      <trkpt lat="60.70312" lon="25.39164">
      </trkpt>
      <trkpt lat="60.70228" lon="25.39081">
      </trkpt>
      <trkpt lat="60.69931" lon="25.38756">
      </trkpt>
      <trkpt lat="60.69676" lon="25.38515">
      </trkpt>
      <trkpt lat="60.69715" lon="25.38376">
      </trkpt>
      <trkpt lat="60.6964" lon="25.38278">
      </trkpt>
      <trkpt lat="60.69521" lon="25.38175">
      </trkpt>
      <trkpt lat="60.69594" lon="25.37946">
      </trkpt>
      <trkpt lat="60.69599" lon="25.37899">
      </trkpt>
      <trkpt lat="60.6958" lon="25.37738">
      </trkpt>
      <trkpt lat="60.69572" lon="25.37609">
      </trkpt>
      <trkpt lat="60.69573" lon="25.3754">
      </trkpt>
      <trkpt lat="60.6959" lon="25.37379">
      </trkpt>
      <trkpt lat="60.69545" lon="25.37124">
      </trkpt>
      <trkpt lat="60.69533" lon="25.37079">
      </trkpt>
      <trkpt lat="60.69517" lon="25.3705">
      </trkpt>
      <trkpt lat="60.6946" lon="25.36979">
      </trkpt>
      <trkpt lat="60.69437" lon="25.36923">
      </trkpt>
      <trkpt lat="60.69402" lon="25.36794">
      </trkpt>
      <trkpt lat="60.69374" lon="25.36639">
      </trkpt>
      <trkpt lat="60.69359" lon="25.36603">
      </trkpt>
      <trkpt lat="60.69347" lon="25.36547">
      </trkpt>
      <trkpt lat="60.69331" lon="25.36414">
      </trkpt>
      <trkpt lat="60.69335" lon="25.36323">
      </trkpt>
      <trkpt lat="60.6933" lon="25.3619">
      </trkpt>
      <trkpt lat="60.69334" lon="25.36132">
      </trkpt>
      <trkpt lat="60.69377" lon="25.35936">
      </trkpt>
      <trkpt lat="60.69379" lon="25.35813">
      </trkpt>
      <trkpt lat="60.69389" lon="25.35764">
      </trkpt>
      <trkpt lat="60.69435" lon="25.35666">
      </trkpt>
      <trkpt lat="60.6947" lon="25.35616">
      </trkpt>
      <trkpt lat="60.69531" lon="25.35575">
      </trkpt>
      <trkpt lat="60.69547" lon="25.35554">
      </trkpt>
      <trkpt lat="60.69563" lon="25.35513">
      </trkpt>
      <trkpt lat="60.69577" lon="25.35448">
      </trkpt>
      <trkpt lat="60.69609" lon="25.35078">
      </trkpt>
      <trkpt lat="60.69629" lon="25.34952">
      </trkpt>
      <trkpt lat="60.69677" lon="25.34751">
      </trkpt>
      <trkpt lat="60.69693" lon="25.34586">
      </trkpt>
      <trkpt lat="60.69718" lon="25.34472">
      </trkpt>
      <trkpt lat="60.69726" lon="25.34354">
      </trkpt>
      <trkpt lat="60.69717" lon="25.343">
      </trkpt>
      <trkpt lat="60.69652" lon="25.34062">
      </trkpt>
      <trkpt lat="60.69643" lon="25.34008">
      </trkpt>
      <trkpt lat="60.6963" lon="25.33817">
      </trkpt>
      <trkpt lat="60.69637" lon="25.33767">
      </trkpt>
      <trkpt lat="60.69647" lon="25.33723">
      </trkpt>
      <trkpt lat="60.69693" lon="25.33608">
      </trkpt>
      <trkpt lat="60.69708" lon="25.33557">
      </trkpt>
      <trkpt lat="60.69714" lon="25.33508">
      </trkpt>
      <trkpt lat="60.69712" lon="25.33355">
      </trkpt>
      <trkpt lat="60.69721" lon="25.33287">
      </trkpt>
      <trkpt lat="60.69737" lon="25.33224">
      </trkpt>
      <trkpt lat="60.69763" lon="25.33163">
      </trkpt>
      <trkpt lat="60.69954" lon="25.32825">
      </trkpt>
      <trkpt lat="60.69981" lon="25.32761">
      </trkpt>
      <trkpt lat="60.70003" lon="25.32693">
      </trkpt>
      <trkpt lat="60.70038" lon="25.32556">
      </trkpt>
      <trkpt lat="60.70128" lon="25.31976">
      </trkpt>
      <trkpt lat="60.70234" lon="25.31452">
      </trkpt>
      <trkpt lat="60.70247" lon="25.31362">
      </trkpt>
      <trkpt lat="60.70251" lon="25.31301">
      </trkpt>
      <trkpt lat="60.70252" lon="25.30928">
      </trkpt>
      <trkpt lat="60.70245" lon="25.30862">
      </trkpt>
      <trkpt lat="60.7023" lon="25.30797">
      </trkpt>
      <trkpt lat="60.70213" lon="25.30749">
      </trkpt>
      <trkpt lat="60.70187" lon="25.30704">
      </trkpt>
      <trkpt lat="60.70071" lon="25.30556">
      </trkpt>
      <trkpt lat="60.69897" lon="25.3036">
      </trkpt>
      <trkpt lat="60.6965" lon="25.30113">
      </trkpt>
      <trkpt lat="60.69515" lon="25.3001">
      </trkpt>
      <trkpt lat="60.69486" lon="25.29983">
      </trkpt>
      <trkpt lat="60.69465" lon="25.29948">
      </trkpt>
      <trkpt lat="60.69451" lon="25.29906">
      </trkpt>
      <trkpt lat="60.69433" lon="25.29811">
      </trkpt>
      <trkpt lat="60.69409" lon="25.29622">
      </trkpt>
      <trkpt lat="60.69405" lon="25.29525">
      </trkpt>
      <trkpt lat="60.69391" lon="25.29421">
      </trkpt>
      <trkpt lat="60.69331" lon="25.29094">
      </trkpt>
      <trkpt lat="60.69307" lon="25.2893">
      </trkpt>
      <trkpt lat="60.69303" lon="25.2886">
      </trkpt>
      <trkpt lat="60.69304" lon="25.28614">
      </trkpt>
      <trkpt lat="60.69292" lon="25.28558">
      </trkpt>
      <trkpt lat="60.69271" lon="25.28514">
      </trkpt>
      <trkpt lat="60.69215" lon="25.28433">
      </trkpt>
      <trkpt lat="60.69176" lon="25.28359">
      </trkpt>
      <trkpt lat="60.69137" lon="25.28269">
      </trkpt>
      <trkpt lat="60.69081" lon="25.2812">
      </trkpt>
      <trkpt lat="60.69058" lon="25.28039">
      </trkpt>
      <trkpt lat="60.69033" lon="25.27974">
      </trkpt>
      <trkpt lat="60.68966" lon="25.27867">
      </trkpt>
      <trkpt lat="60.68938" lon="25.27799">
      </trkpt>
      <trkpt lat="60.68896" lon="25.27547">
      </trkpt>
      <trkpt lat="60.68902" lon="25.2744">
      </trkpt>
      <trkpt lat="60.6894" lon="25.27122">
      </trkpt>
      <trkpt lat="60.68938" lon="25.27054">
      </trkpt>
      <trkpt lat="60.68916" lon="25.26961">
      </trkpt>
      <trkpt lat="60.68819" lon="25.26682">
      </trkpt>
      <trkpt lat="60.68758" lon="25.26551">
      </trkpt>
      <trkpt lat="60.68742" lon="25.26532">
      </trkpt>
      <trkpt lat="60.68697" lon="25.26496">
      </trkpt>
      <trkpt lat="60.68597" lon="25.26457">
      </trkpt>
      <trkpt lat="60.68502" lon="25.26437">
      </trkpt>
      <trkpt lat="60.68475" lon="25.26426">
      </trkpt>
      <trkpt lat="60.6844" lon="25.26402">
      </trkpt>
      <trkpt lat="60.68367" lon="25.26335">
      </trkpt>
      <trkpt lat="60.68348" lon="25.26302">
      </trkpt>
      <trkpt lat="60.68302" lon="25.26183">
      </trkpt>
      <trkpt lat="60.68291" lon="25.2617">
      </trkpt>
      <trkpt lat="60.68278" lon="25.26164">
      </trkpt>
      <trkpt lat="60.68264" lon="25.26241">
      </trkpt>
      <trkpt lat="60.6825" lon="25.26289">
      </trkpt>
      <trkpt lat="60.68167" lon="25.26519">
      </trkpt>
      <trkpt lat="60.68141" lon="25.26579">
      </trkpt>
      <trkpt lat="60.68118" lon="25.26611">
      </trkpt>
      <trkpt lat="60.68103" lon="25.26621">
      </trkpt>
      <trkpt lat="60.68017" lon="25.26653">
      </trkpt>
      <trkpt lat="60.67972" lon="25.26681">
      </trkpt>
      <trkpt lat="60.67954" lon="25.26706">
      </trkpt>
      <trkpt lat="60.67891" lon="25.26823">
      </trkpt>
      <trkpt lat="60.67812" lon="25.26928">
      </trkpt>
      <trkpt lat="60.67721" lon="25.27033">
      </trkpt>
      <trkpt lat="60.67602" lon="25.27276">
      </trkpt>
      <trkpt lat="60.67522" lon="25.275">
      </trkpt>
      <trkpt lat="60.67499" lon="25.27547">
      </trkpt>
      <trkpt lat="60.67482" lon="25.2757">
      </trkpt>
      <trkpt lat="60.67449" lon="25.27598">
      </trkpt>
      <trkpt lat="60.67415" lon="25.27616">
      </trkpt>
      <trkpt lat="60.66814" lon="25.27857">
      </trkpt>
      <trkpt lat="60.66628" lon="25.2794">
      </trkpt>
      <trkpt lat="60.66539" lon="25.27987">
      </trkpt>
      <trkpt lat="60.6651" lon="25.28007">
      </trkpt>
      <trkpt lat="60.66483" lon="25.28036">
      </trkpt>
      <trkpt lat="60.66467" lon="25.28062">
      </trkpt>
      <trkpt lat="60.66346" lon="25.28305">
      </trkpt>
      <trkpt lat="60.66313" lon="25.28345">
      </trkpt>
      <trkpt lat="60.66251" lon="25.2838">
      </trkpt>
      <trkpt lat="60.66194" lon="25.28375">
      </trkpt>
      <trkpt lat="60.66153" lon="25.2838">
      </trkpt>
      <trkpt lat="60.66117" lon="25.28392">
      </trkpt>
      <trkpt lat="60.66085" lon="25.28409">
      </trkpt>
      <trkpt lat="60.65999" lon="25.28489">
      </trkpt>
      <trkpt lat="60.65929" lon="25.28629">
      </trkpt>
      <trkpt lat="60.65912" lon="25.28652">
      </trkpt>
      <trkpt lat="60.65889" lon="25.28669">
      </trkpt>
      <trkpt lat="60.65809" lon="25.28704">
      </trkpt>
      <trkpt lat="60.65758" lon="25.28761">
      </trkpt>
      <trkpt lat="60.65735" lon="25.28797">
      </trkpt>
      <trkpt lat="60.65719" lon="25.28834">
      </trkpt>
      <trkpt lat="60.65615" lon="25.29104">
      </trkpt>
      <trkpt lat="60.65588" lon="25.29147">
      </trkpt>
      <trkpt lat="60.65572" lon="25.29164">
      </trkpt>
      <trkpt lat="60.65504" lon="25.29206">
      </trkpt>
      <trkpt lat="60.65463" lon="25.29267">
      </trkpt>
      <trkpt lat="60.65454" lon="25.29287">
      </trkpt>
      <trkpt lat="60.65461" lon="25.29299">
      </trkpt>
      <trkpt lat="60.65404" lon="25.29472">
      </trkpt>
      <trkpt lat="60.65343" lon="25.29594">
      </trkpt>
      <trkpt lat="60.6532" lon="25.29613">
      </trkpt>
      <trkpt lat="60.65231" lon="25.29641">
      </trkpt>
      <trkpt lat="60.65196" lon="25.29661">
      </trkpt>
      <trkpt lat="60.65132" lon="25.29719">
      </trkpt>
      <trkpt lat="60.65117" lon="25.29742">
      </trkpt>
      <trkpt lat="60.65083" lon="25.29813">
      </trkpt>
      <trkpt lat="60.65055" lon="25.29889">
      </trkpt>
      <trkpt lat="60.65" lon="25.3006">
      </trkpt>
      <trkpt lat="60.64988" lon="25.30074">
      </trkpt>
      <trkpt lat="60.6497" lon="25.30049">
      </trkpt>
      <trkpt lat="60.64965" lon="25.30048">
      </trkpt>
      <trkpt lat="60.64961" lon="25.30054">
      </trkpt>
      <trkpt lat="60.64887" lon="25.30278">
      </trkpt>
      <trkpt lat="60.64849" lon="25.30362">
      </trkpt>
      <trkpt lat="60.64829" lon="25.30385">
      </trkpt>
      <trkpt lat="60.64825" lon="25.30386">
      </trkpt>
      <trkpt lat="60.64812" lon="25.30372">
      </trkpt>
      <trkpt lat="60.64799" lon="25.30381">
      </trkpt>
      <trkpt lat="60.64793" lon="25.30406">
      </trkpt>
      <trkpt lat="60.64739" lon="25.30444">
      </trkpt>
      <trkpt lat="60.64701" lon="25.30478">
      </trkpt>
      <trkpt lat="60.64629" lon="25.3057">
      </trkpt>
      <trkpt lat="60.64569" lon="25.30616">
      </trkpt>
      <trkpt lat="60.64451" lon="25.30657">
      </trkpt>
      <trkpt lat="60.64427" lon="25.30656">
      </trkpt>
      <trkpt lat="60.644" lon="25.30662">
      </trkpt>
      <trkpt lat="60.64361" lon="25.30679">
      </trkpt>
      <trkpt lat="60.64264" lon="25.30708">
      </trkpt>
      <trkpt lat="60.64237" lon="25.30703">
      </trkpt>
      <trkpt lat="60.64181" lon="25.30672">
      </trkpt>
      <trkpt lat="60.64162" lon="25.30671">
      </trkpt>
      <trkpt lat="60.64126" lon="25.30705">
      </trkpt>
      <trkpt lat="60.64065" lon="25.30718">
      </trkpt>
      <trkpt lat="60.63989" lon="25.30758">
      </trkpt>
      <trkpt lat="60.63858" lon="25.30855">
      </trkpt>
      <trkpt lat="60.63766" lon="25.30909">
      </trkpt>
      <trkpt lat="60.63719" lon="25.30947">
      </trkpt>
      <trkpt lat="60.63687" lon="25.30981">
      </trkpt>
      <trkpt lat="60.63598" lon="25.31091">
      </trkpt>
      <trkpt lat="60.63406" lon="25.31357">
      </trkpt>
      <trkpt lat="60.634" lon="25.31357">
      </trkpt>
      <trkpt lat="60.63113" lon="25.30943">
      </trkpt>
      <trkpt lat="60.63088" lon="25.30894">
      </trkpt>
      <trkpt lat="60.63007" lon="25.30786">
      </trkpt>
      <trkpt lat="60.62913" lon="25.30572">
      </trkpt>
      <trkpt lat="60.62694" lon="25.29968">
      </trkpt>
      <trkpt lat="60.62671" lon="25.3">
      </trkpt>
      <trkpt lat="60.62502" lon="25.29538">
      </trkpt>
      <trkpt lat="60.62361" lon="25.29128">
      </trkpt>
      <trkpt lat="60.62149" lon="25.28544">
      </trkpt>
      <trkpt lat="60.62079" lon="25.28375">
      </trkpt>
      <trkpt lat="60.61953" lon="25.28089">
      </trkpt>
      <trkpt lat="60.61854" lon="25.27893">
      </trkpt>
      <trkpt lat="60.61795" lon="25.27788">
      </trkpt>
      <trkpt lat="60.61686" lon="25.27624">
      </trkpt>
      <trkpt lat="60.61574" lon="25.27481">
      </trkpt>
      <trkpt lat="60.61436" lon="25.27337">
      </trkpt>
      <trkpt lat="60.61442" lon="25.27312">
      </trkpt>
      <trkpt lat="60.60481" lon="25.26302">
      </trkpt>
      <trkpt lat="60.60358" lon="25.26159">
      </trkpt>
      <trkpt lat="60.60243" lon="25.26013">
      </trkpt>
      <trkpt lat="60.59888" lon="25.25492">
      </trkpt>
      <trkpt lat="60.59589" lon="25.25032">
      </trkpt>
      <trkpt lat="60.58888" lon="25.23978">
      </trkpt>
      <trkpt lat="60.58538" lon="25.23483">
      </trkpt>
      <trkpt lat="60.5835" lon="25.23242">
      </trkpt>
      <trkpt lat="60.58033" lon="25.22856">
      </trkpt>
      <trkpt lat="60.57807" lon="25.22599">
      </trkpt>
      <trkpt lat="60.57519" lon="25.22301">
      </trkpt>
      <trkpt lat="60.56572" lon="25.21369">
      </trkpt>
      <trkpt lat="60.56362" lon="25.21155">
      </trkpt>
      <trkpt lat="60.55065" lon="25.19664">
      </trkpt>
      <trkpt lat="60.54726" lon="25.19295">
      </trkpt>
      <trkpt lat="60.54534" lon="25.19101">
      </trkpt>
      <trkpt lat="60.54219" lon="25.18808">
      </trkpt>
      <trkpt lat="60.51903" lon="25.16779">
      </trkpt>
      <trkpt lat="60.51905" lon="25.16748">
      </trkpt>
      <trkpt lat="60.5139" lon="25.16301">
      </trkpt>
      <trkpt lat="60.51214" lon="25.16154">
      </trkpt>
      <trkpt lat="60.51176" lon="25.16106">
      </trkpt>
      <trkpt lat="60.51102" lon="25.16063">
      </trkpt>
      <trkpt lat="60.51051" lon="25.16025">
      </trkpt>
      <trkpt lat="60.50997" lon="25.16001">
      </trkpt>
      <trkpt lat="60.50862" lon="25.15909">
      </trkpt>
      <trkpt lat="60.50402" lon="25.15691">
      </trkpt>
      <trkpt lat="60.50358" lon="25.15645">
      </trkpt>
      <trkpt lat="60.50324" lon="25.15645">
      </trkpt>
      <trkpt lat="60.50303" lon="25.15666">
      </trkpt>
      <trkpt lat="60.49965" lon="25.15498">
      </trkpt>
      <trkpt lat="60.49582" lon="25.15277">
      </trkpt>
      <trkpt lat="60.49326" lon="25.15111">
      </trkpt>
      <trkpt lat="60.49108" lon="25.14953">
      </trkpt>
      <trkpt lat="60.48587" lon="25.1454">
      </trkpt>
      <trkpt lat="60.48439" lon="25.14453">
      </trkpt>
      <trkpt lat="60.48313" lon="25.14402">
      </trkpt>
      <trkpt lat="60.48225" lon="25.1438">
      </trkpt>
      <trkpt lat="60.47196" lon="25.14195">
      </trkpt>
      <trkpt lat="60.47196" lon="25.14156">
      </trkpt>
      <trkpt lat="60.47183" lon="25.14149">
      </trkpt>
      <trkpt lat="60.47067" lon="25.14118">
      </trkpt>
      <trkpt lat="60.47044" lon="25.14107">
      </trkpt>
      <trkpt lat="60.47038" lon="25.14091">
      </trkpt>
      <trkpt lat="60.47016" lon="25.13836">
      </trkpt>
      <trkpt lat="60.46972" lon="25.13519">
      </trkpt>
      <trkpt lat="60.46935" lon="25.13345">
      </trkpt>
      <trkpt lat="60.46925" lon="25.13278">
      </trkpt>
      <trkpt lat="60.46908" lon="25.13224">
      </trkpt>
      <trkpt lat="60.46838" lon="25.13062">
      </trkpt>
      <trkpt lat="60.46815" lon="25.12993">
      </trkpt>
      <trkpt lat="60.46775" lon="25.12931">
      </trkpt>
      <trkpt lat="60.46656" lon="25.12637">
      </trkpt>
      <trkpt lat="60.46547" lon="25.1235">
      </trkpt>
      <trkpt lat="60.46523" lon="25.1224">
      </trkpt>
      <trkpt lat="60.46519" lon="25.1218">
      </trkpt>
      <trkpt lat="60.46525" lon="25.12004">
      </trkpt>
      <trkpt lat="60.46518" lon="25.11784">
      </trkpt>
      <trkpt lat="60.46526" lon="25.11763">
      </trkpt>
      <trkpt lat="60.46528" lon="25.1171">
      </trkpt>
      <trkpt lat="60.46519" lon="25.11677">
      </trkpt>
      <trkpt lat="60.4652" lon="25.11372">
      </trkpt>
      <trkpt lat="60.46474" lon="25.10551">
      </trkpt>
      <trkpt lat="60.46475" lon="25.10485">
      </trkpt>
      <trkpt lat="60.46468" lon="25.10433">
      </trkpt>
      <trkpt lat="60.46467" lon="25.10174">
      </trkpt>
      <trkpt lat="60.46475" lon="25.09876">
      </trkpt>
      <trkpt lat="60.46468" lon="25.09751">
      </trkpt>
      <trkpt lat="60.46477" lon="25.09733">
      </trkpt>
      <trkpt lat="60.46473" lon="25.09689">
      </trkpt>
      <trkpt lat="60.46458" lon="25.09672">
      </trkpt>
      <trkpt lat="60.46448" lon="25.09642">
      </trkpt>
      <trkpt lat="60.46278" lon="25.08704">
      </trkpt>
      <trkpt lat="60.46288" lon="25.08684">
      </trkpt>
      <trkpt lat="60.46292" lon="25.08603">
      </trkpt>
      <trkpt lat="60.46271" lon="25.08584">
      </trkpt>
      <trkpt lat="60.46249" lon="25.08586">
      </trkpt>
      <trkpt lat="60.46213" lon="25.08574">
      </trkpt>
      <trkpt lat="60.46192" lon="25.08593">
      </trkpt>
      <trkpt lat="60.46169" lon="25.08604">
      </trkpt>
      <trkpt lat="60.46145" lon="25.086">
      </trkpt>
      <trkpt lat="60.46012" lon="25.08553">
      </trkpt>
      <trkpt lat="60.45988" lon="25.08541">
      </trkpt>
      <trkpt lat="60.45948" lon="25.08497">
      </trkpt>
      <trkpt lat="60.45899" lon="25.08463">
      </trkpt>
      <trkpt lat="60.45759" lon="25.08393">
      </trkpt>
      <trkpt lat="60.45678" lon="25.08346">
      </trkpt>
      <trkpt lat="60.45655" lon="25.08315">
      </trkpt>
      <trkpt lat="60.4564" lon="25.08316">
      </trkpt>
      <trkpt lat="60.45635" lon="25.08311">
      </trkpt>
      <trkpt lat="60.45612" lon="25.08252">
      </trkpt>
      <trkpt lat="60.45592" lon="25.08236">
      </trkpt>
      <trkpt lat="60.45548" lon="25.08245">
      </trkpt>
      <trkpt lat="60.45498" lon="25.08246">
      </trkpt>
      <trkpt lat="60.45457" lon="25.08239">
      </trkpt>
      <trkpt lat="60.45431" lon="25.08229">
      </trkpt>
      <trkpt lat="60.45409" lon="25.08216">
      </trkpt>
      <trkpt lat="60.45349" lon="25.08156">
      </trkpt>
      <trkpt lat="60.45313" lon="25.08104">
      </trkpt>
      <trkpt lat="60.45212" lon="25.08041">
      </trkpt>
      <trkpt lat="60.45067" lon="25.07901">
      </trkpt>
      <trkpt lat="60.44987" lon="25.0785">
      </trkpt>
      <trkpt lat="60.44928" lon="25.07821">
      </trkpt>
      <trkpt lat="60.44831" lon="25.07791">
      </trkpt>
      <trkpt lat="60.44781" lon="25.07783">
      </trkpt>
      <trkpt lat="60.44634" lon="25.07783">
      </trkpt>
      <trkpt lat="60.44602" lon="25.07778">
      </trkpt>
      <trkpt lat="60.44472" lon="25.07711">
      </trkpt>
      <trkpt lat="60.4438" lon="25.07571">
      </trkpt>
      <trkpt lat="60.4434" lon="25.07551">
      </trkpt>
      <trkpt lat="60.44283" lon="25.07493">
      </trkpt>
      <trkpt lat="60.43952" lon="25.07094">
      </trkpt>
      <trkpt lat="60.43828" lon="25.06917">
      </trkpt>
      <trkpt lat="60.436" lon="25.06569">
      </trkpt>
      <trkpt lat="60.43299" lon="25.05963">
      </trkpt>
      <trkpt lat="60.43215" lon="25.05812">
      </trkpt>
      <trkpt lat="60.43099" lon="25.05632">
      </trkpt>
      <trkpt lat="60.43062" lon="25.05583">
      </trkpt>
      <trkpt lat="60.42993" lon="25.05504">
      </trkpt>
      <trkpt lat="60.42952" lon="25.05469">
      </trkpt>
      <trkpt lat="60.42903" lon="25.05436">
      </trkpt>
      <trkpt lat="60.42849" lon="25.05408">
      </trkpt>
      <trkpt lat="60.42806" lon="25.05392">
      </trkpt>
      <trkpt lat="60.42754" lon="25.05379">
      </trkpt>
      <trkpt lat="60.42638" lon="25.05368">
      </trkpt>
      <trkpt lat="60.42523" lon="25.0535">
      </trkpt>
      <trkpt lat="60.42472" lon="25.05315">
      </trkpt>
      <trkpt lat="60.42463" lon="25.05316">
      </trkpt>
      <trkpt lat="60.42429" lon="25.05336">
      </trkpt>
      <trkpt lat="60.42238" lon="25.05312">
      </trkpt>
      <trkpt lat="60.42195" lon="25.05311">
      </trkpt>
      <trkpt lat="60.42045" lon="25.05285">
      </trkpt>
      <trkpt lat="60.41975" lon="25.05283">
      </trkpt>
      <trkpt lat="60.41962" lon="25.05276">
      </trkpt>
      <trkpt lat="60.418" lon="25.05241">
      </trkpt>
      <trkpt lat="60.41769" lon="25.05239">
      </trkpt>
      <trkpt lat="60.41708" lon="25.05223">
      </trkpt>
      <trkpt lat="60.41541" lon="25.05104">
      </trkpt>
      <trkpt lat="60.41517" lon="25.05061">
      </trkpt>
      <trkpt lat="60.41488" lon="25.04976">
      </trkpt>
      <trkpt lat="60.41458" lon="25.05031">
      </trkpt>
      <trkpt lat="60.41451" lon="25.05091">
      </trkpt>
      <trkpt lat="60.41443" lon="25.05084">
      </trkpt>
      <trkpt lat="60.41368" lon="25.04991">
      </trkpt>
      <trkpt lat="60.41283" lon="25.04858">
      </trkpt>
      <trkpt lat="60.41246" lon="25.04791">
      </trkpt>
      <trkpt lat="60.4117" lon="25.04623">
      </trkpt>
      <trkpt lat="60.41094" lon="25.04415">
      </trkpt>
      <trkpt lat="60.41079" lon="25.04348">
      </trkpt>
      <trkpt lat="60.41041" lon="25.04268">
      </trkpt>
      <trkpt lat="60.40992" lon="25.04144">
      </trkpt>
      <trkpt lat="60.40926" lon="25.04019">
      </trkpt>
      <trkpt lat="60.40872" lon="25.03932">
      </trkpt>
      <trkpt lat="60.40828" lon="25.03874">
      </trkpt>
      <trkpt lat="60.40732" lon="25.03775">
      </trkpt>
      <trkpt lat="60.40637" lon="25.03707">
      </trkpt>
      <trkpt lat="60.40575" lon="25.03656">
      </trkpt>
      <trkpt lat="60.40517" lon="25.03596">
      </trkpt>
      <trkpt lat="60.40383" lon="25.03432">
      </trkpt>
      <trkpt lat="60.40269" lon="25.03315">
      </trkpt>
      <trkpt lat="60.40249" lon="25.0319">
      </trkpt>
      <trkpt lat="60.40233" lon="25.0315">
      </trkpt>
      <trkpt lat="60.40165" lon="25.03017">
      </trkpt>
      <trkpt lat="60.40098" lon="25.02846">
      </trkpt>
      <trkpt lat="60.40029" lon="25.02531">
      </trkpt>
      <trkpt lat="60.40016" lon="25.02503">
      </trkpt>
      <trkpt lat="60.39956" lon="25.02412">
      </trkpt>
      <trkpt lat="60.39823" lon="25.02275">
      </trkpt>
      <trkpt lat="60.39803" lon="25.02272">
      </trkpt>
      <trkpt lat="60.39768" lon="25.02255">
      </trkpt>
      <trkpt lat="60.39604" lon="25.022">
      </trkpt>
      <trkpt lat="60.39575" lon="25.02203">
      </trkpt>
      <trkpt lat="60.39555" lon="25.0223">
      </trkpt>
      <trkpt lat="60.39545" lon="25.02212">
      </trkpt>
      <trkpt lat="60.39532" lon="25.02208">
      </trkpt>
      <trkpt lat="60.39491" lon="25.02181">
      </trkpt>
      <trkpt lat="60.39352" lon="25.02239">
      </trkpt>
      <trkpt lat="60.39288" lon="25.02287">
      </trkpt>
      <trkpt lat="60.39176" lon="25.02341">
      </trkpt>
      <trkpt lat="60.39158" lon="25.02353">
      </trkpt>
      <trkpt lat="60.39144" lon="25.02374">
      </trkpt>
      <trkpt lat="60.39128" lon="25.02387">
      </trkpt>
      <trkpt lat="60.39124" lon="25.02399">
      </trkpt>
      <trkpt lat="60.39119" lon="25.02393">
      </trkpt>
      <trkpt lat="60.39102" lon="25.024">
      </trkpt>
      <trkpt lat="60.39078" lon="25.02397">
      </trkpt>
      <trkpt lat="60.38906" lon="25.025">
      </trkpt>
      <trkpt lat="60.38878" lon="25.02511">
      </trkpt>
      <trkpt lat="60.3882" lon="25.02513">
      </trkpt>
      <trkpt lat="60.38686" lon="25.0255">
      </trkpt>
      <trkpt lat="60.38595" lon="25.02565">
      </trkpt>
      <trkpt lat="60.38454" lon="25.02579">
      </trkpt>
      <trkpt lat="60.38417" lon="25.02592">
      </trkpt>
      <trkpt lat="60.38371" lon="25.02598">
      </trkpt>
      <trkpt lat="60.38342" lon="25.02601">
      </trkpt>
      <trkpt lat="60.38337" lon="25.02592">
      </trkpt>
      <trkpt lat="60.38333" lon="25.02601">
      </trkpt>
      <trkpt lat="60.38267" lon="25.0259">
      </trkpt>
      <trkpt lat="60.38188" lon="25.02557">
      </trkpt>
      <trkpt lat="60.38114" lon="25.02517">
      </trkpt>
      <trkpt lat="60.37917" lon="25.02376">
      </trkpt>
      <trkpt lat="60.37886" lon="25.0235">
      </trkpt>
      <trkpt lat="60.37647" lon="25.02095">
      </trkpt>
      <trkpt lat="60.37603" lon="25.02056">
      </trkpt>
      <trkpt lat="60.37573" lon="25.02033">
      </trkpt>
      <trkpt lat="60.37407" lon="25.01939">
      </trkpt>
      <trkpt lat="60.37309" lon="25.01862">
      </trkpt>
      <trkpt lat="60.3725" lon="25.01803">
      </trkpt>
      <trkpt lat="60.37184" lon="25.01725">
      </trkpt>
      <trkpt lat="60.37146" lon="25.01671">
      </trkpt>
      <trkpt lat="60.37066" lon="25.01538">
      </trkpt>
      <trkpt lat="60.36958" lon="25.01406">
      </trkpt>
      <trkpt lat="60.36823" lon="25.01253">
      </trkpt>
      <trkpt lat="60.36808" lon="25.01197">
      </trkpt>
      <trkpt lat="60.36752" lon="25.01119">
      </trkpt>
      <trkpt lat="60.36674" lon="25.0103">
      </trkpt>
      <trkpt lat="60.36619" lon="25.01001">
      </trkpt>
      <trkpt lat="60.36593" lon="25.0098">
      </trkpt>
      <trkpt lat="60.36511" lon="25.00897">
      </trkpt>
      <trkpt lat="60.36495" lon="25.00908">
      </trkpt>
      <trkpt lat="60.36385" lon="25.01034">
      </trkpt>
      <trkpt lat="60.36335" lon="25.01069">
      </trkpt>
      <trkpt lat="60.36215" lon="25.01174">
      </trkpt>
      <trkpt lat="60.36163" lon="25.01213">
      </trkpt>
      <trkpt lat="60.36073" lon="25.01266">
      </trkpt>
      <trkpt lat="60.36027" lon="25.01276">
      </trkpt>
      <trkpt lat="60.35973" lon="25.01274">
      </trkpt>
      <trkpt lat="60.35956" lon="25.0127">
      </trkpt>
      <trkpt lat="60.35905" lon="25.01235">
      </trkpt>
      <trkpt lat="60.35818" lon="25.01187">
      </trkpt>
      <trkpt lat="60.3577" lon="25.01173">
      </trkpt>
      <trkpt lat="60.35661" lon="25.01093">
      </trkpt>
      <trkpt lat="60.35601" lon="25.01032">
      </trkpt>
      <trkpt lat="60.35556" lon="25.01">
      </trkpt>
      <trkpt lat="60.34974" lon="25.00646">
      </trkpt>
      <trkpt lat="60.34888" lon="25.00587">
      </trkpt>
      <trkpt lat="60.34802" lon="25.00512">
      </trkpt>
      <trkpt lat="60.34695" lon="25.00372">
      </trkpt>
      <trkpt lat="60.34667" lon="25.00343">
      </trkpt>
      <trkpt lat="60.34618" lon="25.00303">
      </trkpt>
      <trkpt lat="60.3456" lon="25.00276">
      </trkpt>
      <trkpt lat="60.34503" lon="25.00268">
      </trkpt>
      <trkpt lat="60.34437" lon="25.00289">
      </trkpt>
      <trkpt lat="60.34391" lon="25.00291">
      </trkpt>
      <trkpt lat="60.34301" lon="25.0032">
      </trkpt>
      <trkpt lat="60.34281" lon="25.00343">
      </trkpt>
      <trkpt lat="60.34269" lon="25.00341">
      </trkpt>
      <trkpt lat="60.34258" lon="25.00348">
      </trkpt>
      <trkpt lat="60.34245" lon="25.00335">
      </trkpt>
      <trkpt lat="60.34193" lon="25.00341">
      </trkpt>
      <trkpt lat="60.34035" lon="25.00389">
      </trkpt>
      <trkpt lat="60.34023" lon="25.00402">
      </trkpt>
      <trkpt lat="60.33957" lon="25.00424">
      </trkpt>
      <trkpt lat="60.33909" lon="25.00431">
      </trkpt>
      <trkpt lat="60.33647" lon="25.00429">
      </trkpt>
      <trkpt lat="60.33539" lon="25.00412">
      </trkpt>
      <trkpt lat="60.33325" lon="25.004">
      </trkpt>
      <trkpt lat="60.33238" lon="25.00386">
      </trkpt>
      <trkpt lat="60.33207" lon="25.00386">
      </trkpt>
      <trkpt lat="60.3312" lon="25.0036">
      </trkpt>
      <trkpt lat="60.33039" lon="25.00329">
      </trkpt>
      <trkpt lat="60.32981" lon="25.00289">
      </trkpt>
      <trkpt lat="60.32947" lon="25.00273">
      </trkpt>
      <trkpt lat="60.3294" lon="25.00274">
      </trkpt>
      <trkpt lat="60.32914" lon="25.00257">
      </trkpt>
      <trkpt lat="60.32676" lon="25.00137">
      </trkpt>
      <trkpt lat="60.3263" lon="25.00121">
      </trkpt>
      <trkpt lat="60.32533" lon="25.00103">
      </trkpt>
      <trkpt lat="60.32418" lon="25.001">
      </trkpt>
      <trkpt lat="60.32398" lon="25.00111">
      </trkpt>
      <trkpt lat="60.32357" lon="25.00121">
      </trkpt>
      <trkpt lat="60.32322" lon="25.0012">
      </trkpt>
      <trkpt lat="60.32245" lon="25.0013">
      </trkpt>
      <trkpt lat="60.32134" lon="25.00126">
      </trkpt>
      <trkpt lat="60.32" lon="25.0009">
      </trkpt>
      <trkpt lat="60.31933" lon="25.00065">
      </trkpt>
      <trkpt lat="60.31897" lon="25.00066">
      </trkpt>
      <trkpt lat="60.31641" lon="24.99974">
      </trkpt>
      <trkpt lat="60.31618" lon="24.99957">
      </trkpt>
      <trkpt lat="60.31587" lon="24.99955">
      </trkpt>
      <trkpt lat="60.31495" lon="24.9992">
      </trkpt>
      <trkpt lat="60.31424" lon="24.99899">
      </trkpt>
      <trkpt lat="60.31329" lon="24.99888">
      </trkpt>
      <trkpt lat="60.31208" lon="24.99899">
      </trkpt>
      <trkpt lat="60.31098" lon="24.99918">
      </trkpt>
      <trkpt lat="60.30991" lon="24.99929">
      </trkpt>
      <trkpt lat="60.30968" lon="24.99927">
      </trkpt>
      <trkpt lat="60.30905" lon="24.99909">
      </trkpt>
      <trkpt lat="60.3083" lon="24.99931">
      </trkpt>
      <trkpt lat="60.30809" lon="24.99944">
      </trkpt>
      <trkpt lat="60.30773" lon="24.99999">
      </trkpt>
      <trkpt lat="60.30759" lon="25.00013">
      </trkpt>
      <trkpt lat="60.30686" lon="24.99988">
      </trkpt>
      <trkpt lat="60.30679" lon="24.9998">
      </trkpt>
      <trkpt lat="60.30655" lon="24.99902">
      </trkpt>
      <trkpt lat="60.3062" lon="24.99827">
      </trkpt>
      <trkpt lat="60.30561" lon="24.99618">
      </trkpt>
      <trkpt lat="60.30533" lon="24.99571">
      </trkpt>
      <trkpt lat="60.30424" lon="24.99415">
      </trkpt>
      <trkpt lat="60.30265" lon="24.99248">
      </trkpt>
      <trkpt lat="60.30151" lon="24.99155">
      </trkpt>
      <trkpt lat="60.3002" lon="24.99022">
      </trkpt>
      <trkpt lat="60.30007" lon="24.99014">
      </trkpt>
      <trkpt lat="60.29984" lon="24.99056">
      </trkpt>
      <trkpt lat="60.29973" lon="24.99046">
      </trkpt>
      <trkpt lat="60.29886" lon="24.98911">
      </trkpt>
      <trkpt lat="60.29702" lon="24.98671">
      </trkpt>
      <trkpt lat="60.2953" lon="24.98511">
      </trkpt>
      <trkpt lat="60.29391" lon="24.98415">
      </trkpt>
      <trkpt lat="60.29292" lon="24.98356">
      </trkpt>
      <trkpt lat="60.29207" lon="24.98315">
      </trkpt>
      <trkpt lat="60.29106" lon="24.98268">
      </trkpt>
      <trkpt lat="60.29067" lon="24.98261">
      </trkpt>
      <trkpt lat="60.29016" lon="24.98272">
      </trkpt>
      <trkpt lat="60.28988" lon="24.98289">
      </trkpt>
      <trkpt lat="60.28961" lon="24.98312">
      </trkpt>
      <trkpt lat="60.28877" lon="24.98422">
      </trkpt>
      <trkpt lat="60.28851" lon="24.9844">
      </trkpt>
      <trkpt lat="60.28809" lon="24.98449">
      </trkpt>
      <trkpt lat="60.28746" lon="24.98442">
      </trkpt>
      <trkpt lat="60.28694" lon="24.9842">
      </trkpt>
      <trkpt lat="60.28667" lon="24.98399">
      </trkpt>
      <trkpt lat="60.28641" lon="24.9837">
      </trkpt>
      <trkpt lat="60.28601" lon="24.98294">
      </trkpt>
      <trkpt lat="60.28517" lon="24.9833">
      </trkpt>
      <trkpt lat="60.28489" lon="24.98334">
      </trkpt>
      <trkpt lat="60.28476" lon="24.98351">
      </trkpt>
      <trkpt lat="60.2847" lon="24.98346">
      </trkpt>
      <trkpt lat="60.28459" lon="24.98362">
      </trkpt>
      <trkpt lat="60.28434" lon="24.98353">
      </trkpt>
      <trkpt lat="60.2837" lon="24.98345">
      </trkpt>
      <trkpt lat="60.28313" lon="24.98397">
      </trkpt>
      <trkpt lat="60.28303" lon="24.98403">
      </trkpt>
      <trkpt lat="60.28279" lon="24.984">
      </trkpt>
      <trkpt lat="60.28243" lon="24.98362">
      </trkpt>
      <trkpt lat="60.2822" lon="24.98345">
      </trkpt>
      <trkpt lat="60.28151" lon="24.98263">
      </trkpt>
      <trkpt lat="60.28094" lon="24.98211">
      </trkpt>
      <trkpt lat="60.28076" lon="24.98207">
      </trkpt>
      <trkpt lat="60.27922" lon="24.98063">
      </trkpt>
      <trkpt lat="60.27897" lon="24.98026">
      </trkpt>
      <trkpt lat="60.27876" lon="24.97967">
      </trkpt>
      <trkpt lat="60.2785" lon="24.97922">
      </trkpt>
      <trkpt lat="60.27796" lon="24.97852">
      </trkpt>
      <trkpt lat="60.27754" lon="24.97819">
      </trkpt>
      <trkpt lat="60.27427" lon="24.97649">
      </trkpt>
      <trkpt lat="60.2738" lon="24.9763">
      </trkpt>
      <trkpt lat="60.27187" lon="24.97571">
      </trkpt>
      <trkpt lat="60.27095" lon="24.97529">
      </trkpt>
      <trkpt lat="60.27082" lon="24.97527">
      </trkpt>
      <trkpt lat="60.2696" lon="24.97463">
      </trkpt>
      <trkpt lat="60.26932" lon="24.97466">
      </trkpt>
      <trkpt lat="60.26868" lon="24.9749">
      </trkpt>
      <trkpt lat="60.26809" lon="24.97496">
      </trkpt>
      <trkpt lat="60.26769" lon="24.97489">
      </trkpt>
      <trkpt lat="60.26743" lon="24.97467">
      </trkpt>
      <trkpt lat="60.26721" lon="24.97433">
      </trkpt>
      <trkpt lat="60.26683" lon="24.97351">
      </trkpt>
      <trkpt lat="60.26639" lon="24.97337">
      </trkpt>
      <trkpt lat="60.26561" lon="24.97327">
      </trkpt>
      <trkpt lat="60.26525" lon="24.97302">
      </trkpt>
      <trkpt lat="60.26496" lon="24.97268">
      </trkpt>
      <trkpt lat="60.26449" lon="24.97234">
      </trkpt>
      <trkpt lat="60.26427" lon="24.97208">
      </trkpt>
      <trkpt lat="60.26367" lon="24.97117">
      </trkpt>
      <trkpt lat="60.26319" lon="24.97201">
      </trkpt>
      <trkpt lat="60.26265" lon="24.97238">
      </trkpt>
      <trkpt lat="60.26192" lon="24.97323">
      </trkpt>
      <trkpt lat="60.2615" lon="24.97341">
      </trkpt>
      <trkpt lat="60.26088" lon="24.97389">
      </trkpt>
      <trkpt lat="60.26045" lon="24.97411">
      </trkpt>
      <trkpt lat="60.25975" lon="24.97473">
      </trkpt>
      <trkpt lat="60.25864" lon="24.97524">
      </trkpt>
      <trkpt lat="60.25791" lon="24.97551">
      </trkpt>
      <trkpt lat="60.25727" lon="24.97589">
      </trkpt>
      <trkpt lat="60.25677" lon="24.97588">
      </trkpt>
      <trkpt lat="60.25649" lon="24.97612">
      </trkpt>
      <trkpt lat="60.25635" lon="24.97613">
      </trkpt>
      <trkpt lat="60.25613" lon="24.97581">
      </trkpt>
      <trkpt lat="60.25602" lon="24.97571">
      </trkpt>
      <trkpt lat="60.25596" lon="24.97571">
      </trkpt>
      <trkpt lat="60.25587" lon="24.97581">
      </trkpt>
      <trkpt lat="60.25573" lon="24.97649">
      </trkpt>
      <trkpt lat="60.25564" lon="24.97664">
      </trkpt>
      <trkpt lat="60.25505" lon="24.97697">
      </trkpt>
      <trkpt lat="60.25437" lon="24.97746">
      </trkpt>
      <trkpt lat="60.25374" lon="24.97769">
      </trkpt>
      <trkpt lat="60.25343" lon="24.97775">
      </trkpt>
      <trkpt lat="60.25297" lon="24.97776">
      </trkpt>
      <trkpt lat="60.25265" lon="24.97767">
      </trkpt>
      <trkpt lat="60.2521" lon="24.97734">
      </trkpt>
      <trkpt lat="60.25136" lon="24.97667">
      </trkpt>
      <trkpt lat="60.25098" lon="24.97611">
      </trkpt>
      <trkpt lat="60.25044" lon="24.97501">
      </trkpt>
      <trkpt lat="60.25012" lon="24.97459">
      </trkpt>
      <trkpt lat="60.24985" lon="24.97434">
      </trkpt>
      <trkpt lat="60.24893" lon="24.97377">
      </trkpt>
      <trkpt lat="60.24821" lon="24.97322">
      </trkpt>
      <trkpt lat="60.24772" lon="24.97255">
      </trkpt>
      <trkpt lat="60.24752" lon="24.97237">
      </trkpt>
      <trkpt lat="60.24678" lon="24.97214">
      </trkpt>
      <trkpt lat="60.24637" lon="24.9721">
      </trkpt>
      <trkpt lat="60.24562" lon="24.97221">
      </trkpt>
      <trkpt lat="60.24538" lon="24.97231">
      </trkpt>
      <trkpt lat="60.24485" lon="24.97228">
      </trkpt>
      <trkpt lat="60.24465" lon="24.97237">
      </trkpt>
      <trkpt lat="60.24445" lon="24.97239">
      </trkpt>
      <trkpt lat="60.24394" lon="24.97233">
      </trkpt>
      <trkpt lat="60.24379" lon="24.97225">
      </trkpt>
      <trkpt lat="60.2434" lon="24.97183">
      </trkpt>
      <trkpt lat="60.24306" lon="24.97127">
      </trkpt>
      <trkpt lat="60.24284" lon="24.97107">
      </trkpt>
      <trkpt lat="60.24252" lon="24.97096">
      </trkpt>
      <trkpt lat="60.2422" lon="24.97105">
      </trkpt>
      <trkpt lat="60.24185" lon="24.97127">
      </trkpt>
      <trkpt lat="60.24145" lon="24.97164">
      </trkpt>
      <trkpt lat="60.24017" lon="24.97385">
      </trkpt>
      <trkpt lat="60.23986" lon="24.97466">
      </trkpt>
      <trkpt lat="60.23926" lon="24.9769">
      </trkpt>
      <trkpt lat="60.23915" lon="24.97695">
      </trkpt>
      <trkpt lat="60.239" lon="24.9768">
      </trkpt>
      <trkpt lat="60.23891" lon="24.97693">
      </trkpt>
      <trkpt lat="60.23865" lon="24.97704">
      </trkpt>
      <trkpt lat="60.23846" lon="24.97729">
      </trkpt>
      <trkpt lat="60.23836" lon="24.9777">
      </trkpt>
      <trkpt lat="60.23821" lon="24.9795">
      </trkpt>
      <trkpt lat="60.23821" lon="24.97972">
      </trkpt>
      <trkpt lat="60.23845" lon="24.98111">
      </trkpt>
      <trkpt lat="60.23845" lon="24.98159">
      </trkpt>
      <trkpt lat="60.23835" lon="24.982">
      </trkpt>
      <trkpt lat="60.23759" lon="24.98388">
      </trkpt>
      <trkpt lat="60.23731" lon="24.98442">
      </trkpt>
      <trkpt lat="60.23711" lon="24.98466">
      </trkpt>
      <trkpt lat="60.23673" lon="24.9834">
      </trkpt>
      <trkpt lat="60.23556" lon="24.98108">
      </trkpt>
      <trkpt lat="60.23105" lon="24.9724">
      </trkpt>
      <trkpt lat="60.23018" lon="24.9709">
      </trkpt>
      <trkpt lat="60.22523" lon="24.9612">
      </trkpt>
      <trkpt lat="60.22459" lon="24.95969">
      </trkpt>
      <trkpt lat="60.22333" lon="24.95635">
      </trkpt>
      <trkpt lat="60.22307" lon="24.9559">
      </trkpt>
      <trkpt lat="60.22274" lon="24.95572">
      </trkpt>
      <trkpt lat="60.22263" lon="24.95556">
      </trkpt>
      <trkpt lat="60.22251" lon="24.95469">
      </trkpt>
      <trkpt lat="60.22204" lon="24.9536">
      </trkpt>
      <trkpt lat="60.22182" lon="24.95259">
      </trkpt>
      <trkpt lat="60.22163" lon="24.95201">
      </trkpt>
      <trkpt lat="60.22144" lon="24.95163">
      </trkpt>
      <trkpt lat="60.22137" lon="24.95138">
      </trkpt>
      <trkpt lat="60.22138" lon="24.9512">
      </trkpt>
      <trkpt lat="60.22132" lon="24.951">
      </trkpt>
      <trkpt lat="60.22123" lon="24.95096">
      </trkpt>
      <trkpt lat="60.22106" lon="24.9501">
      </trkpt>
      <trkpt lat="60.22096" lon="24.9498">
      </trkpt>
      <trkpt lat="60.22083" lon="24.94959">
      </trkpt>
      <trkpt lat="60.22086" lon="24.94938">
      </trkpt>
      <trkpt lat="60.2208" lon="24.94891">
      </trkpt>
      <trkpt lat="60.2196" lon="24.94572">
      </trkpt>
      <trkpt lat="60.21891" lon="24.94411">
      </trkpt>
      <trkpt lat="60.21842" lon="24.94362">
      </trkpt>
      <trkpt lat="60.21804" lon="24.94312">
      </trkpt>
      <trkpt lat="60.21753" lon="24.94215">
      </trkpt>
      <trkpt lat="60.21717" lon="24.94115">
      </trkpt>
      <trkpt lat="60.21671" lon="24.94044">
      </trkpt>
      <trkpt lat="60.21632" lon="24.93994">
      </trkpt>
      <trkpt lat="60.21458" lon="24.93799">
      </trkpt>
      <trkpt lat="60.21391" lon="24.9375">
      </trkpt>
      <trkpt lat="60.21361" lon="24.9372">
      </trkpt>
      <trkpt lat="60.21214" lon="24.93628">
      </trkpt>
      <trkpt lat="60.21049" lon="24.93533">
      </trkpt>
      <trkpt lat="60.2101" lon="24.93523">
      </trkpt>
      <trkpt lat="60.20919" lon="24.93477">
      </trkpt>
      <trkpt lat="60.20817" lon="24.93436">
      </trkpt>
      <trkpt lat="60.20701" lon="24.9333">
      </trkpt>
      <trkpt lat="60.20679" lon="24.93316">
      </trkpt>
      <trkpt lat="60.20621" lon="24.933">
      </trkpt>
      <trkpt lat="60.20584" lon="24.93283">
      </trkpt>
      <trkpt lat="60.2051" lon="24.93264">
      </trkpt>
      <trkpt lat="60.20391" lon="24.93249">
      </trkpt>
      <trkpt lat="60.20352" lon="24.93251">
      </trkpt>
      <trkpt lat="60.20287" lon="24.93275">
      </trkpt>
      <trkpt lat="60.20209" lon="24.93295">
      </trkpt>
      <trkpt lat="60.2014" lon="24.93321">
      </trkpt>
      <trkpt lat="60.19869" lon="24.93449">
      </trkpt>
      <trkpt lat="60.19859" lon="24.93446">
      </trkpt>
      <trkpt lat="60.19821" lon="24.93458">
      </trkpt>
      <trkpt lat="60.19779" lon="24.93453">
      </trkpt>
      <trkpt lat="60.19698" lon="24.93464">
      </trkpt>
      <trkpt lat="60.19668" lon="24.93482">
      </trkpt>
      <trkpt lat="60.19626" lon="24.93467">
      </trkpt>
      <trkpt lat="60.19582" lon="24.93464">
      </trkpt>
      <trkpt lat="60.19339" lon="24.934">
      </trkpt>
      <trkpt lat="60.19266" lon="24.93401">
      </trkpt>
      <trkpt lat="60.19252" lon="24.93405">
      </trkpt>
      <trkpt lat="60.1922" lon="24.93428">
      </trkpt>
      <trkpt lat="60.19192" lon="24.93441">
      </trkpt>
      <trkpt lat="60.19147" lon="24.93452">
      </trkpt>
      <trkpt lat="60.19097" lon="24.93487">
      </trkpt>
      <trkpt lat="60.18909" lon="24.93542">
      </trkpt>
      <trkpt lat="60.18521" lon="24.93721">
      </trkpt>
      <trkpt lat="60.18518" lon="24.93723">
      </trkpt>
      <trkpt lat="60.18534" lon="24.93776">
      </trkpt>
      <trkpt lat="60.1854" lon="24.93775">
      </trkpt>
      <trkpt lat="60.18462" lon="24.93243">
      </trkpt>
      <trkpt lat="60.1845" lon="24.93225">
      </trkpt>
      <trkpt lat="60.18402" lon="24.93204">
      </trkpt>
      <trkpt lat="60.18309" lon="24.93151">
      </trkpt>
      <trkpt lat="60.18288" lon="24.93121">
      </trkpt>
      <trkpt lat="60.18264" lon="24.93055">
      </trkpt>
      <trkpt lat="60.18251" lon="24.93057">
      </trkpt>
      <trkpt lat="60.18214" lon="24.93047">
      </trkpt>
      <trkpt lat="60.18156" lon="24.93118">
      </trkpt>
      <trkpt lat="60.18148" lon="24.93121">
      </trkpt>
      <trkpt lat="60.18101" lon="24.9311">
      </trkpt>
      <trkpt lat="60.17932" lon="24.93102">
      </trkpt>
      <trkpt lat="60.17878" lon="24.9308">
      </trkpt>
      <trkpt lat="60.17856" lon="24.93079">
      </trkpt>
      <trkpt lat="60.17817" lon="24.93098">
      </trkpt>
      <trkpt lat="60.17773" lon="24.93127">
      </trkpt>
      <trkpt lat="60.17754" lon="24.93157">
      </trkpt>
      <trkpt lat="60.17713" lon="24.93113">
      </trkpt>
      <trkpt lat="60.17703" lon="24.9311">
      </trkpt>
      <trkpt lat="60.17676" lon="24.93144">
      </trkpt>
      <trkpt lat="60.17656" lon="24.93143">
      </trkpt>
      <trkpt lat="60.1764" lon="24.93135">
      </trkpt>
      <trkpt lat="60.17627" lon="24.93092">
      </trkpt>
      <trkpt lat="60.17621" lon="24.93099">
      </trkpt>
      <trkpt lat="60.17615" lon="24.93096">
      </trkpt>
      <trkpt lat="60.17545" lon="24.93176">
      </trkpt>
      <trkpt lat="60.17434" lon="24.93285">
      </trkpt>
      <trkpt lat="60.17412" lon="24.93296">
      </trkpt>
      <trkpt lat="60.17354" lon="24.9335">
      </trkpt>
      <trkpt lat="60.17334" lon="24.93377">
      </trkpt>
      <trkpt lat="60.17243" lon="24.93468">
      </trkpt>
      <trkpt lat="60.17224" lon="24.93449">
      </trkpt>
      <trkpt lat="60.17196" lon="24.93399">
      </trkpt>
      <trkpt lat="60.17114" lon="24.93189">
      </trkpt>
      <trkpt lat="60.1709" lon="24.93114">
      </trkpt>
    </trkseg>
  </trk>
</gpx>