{
  "type": "Feature",
  "properties": {
    "id": "eurovelo-11-east-europe-route",
    "km": [
      0.0,
      2.158,
      5.79,
      7.207,
      9.589,
      10.898,
      16.341,
      18.987,
      19.479,
      21.919,
      23.858,
      26.647,
      28.052,
      29.371,
      31.333,
      33.525,
      36.458,
      38.375,
      41.026,
      42.318,
      44.516,
      46.482,
      48.075,
      50.598,
      52.395,
      55.295,
      58.568,
      59.65,
      60.462,
      61.186,
      61.606,
      61.987,
      62.242,
      62.488,
      63.37,
      64.73,
      66.135,
      66.668,
      67.318,
      67.902,
      69.793,
      71.68,
      72.086,
      73.164,
      74.729,
      76.182,
      77.192,
      79.383,
      79.849,
      80.918,
      82.575,
      84.698,
      85.477,
      86.526,
      87.836,
      89.699,
      91.655,
      92.064,
      92.572,
      93.118,
      93.571,
      94.715,
      95.64,
      96.464,
      97.35,
      99.52,
      100.604,
      101.605,
      104.192,
      105.623,
      106.643,
      108.404,
      108.756,
      109.183,
      109.621,
      112.385,
      113.892,
      114.464,
      114.962,
      115.683,
      116.935,
      117.593,
      119.157,
      120.184,
      120.966,
      121.921,
      122.353,
      123.467,
      125.24,
      128.008,
      130.017,
      131.653,
      133.965,
      135.22,
      136.031,
      136.699,
      137.439,
      138.029,
      138.978,
      139.971,
      140.777,
      142.034,
      143.222,
      144.962,
      147.049,
      148.459,
      149.436,
      150.474,
      152.423,
      153.62,
      154.786,
      155.552,
      156.449,
      157.281,
      158.127,
      159.591,
      162.057,
      163.508,
      164.173,
      164.462,
      165.745,
      168.904,
      170.225,
      170.843,
      171.522,
      173.502,
      175.627,
      179.569,
      183.26,
      185.597,
      186.52,
      189.278,
      190.076,
      191.985,
      192.398,
      192.817,
      193.136,
      193.338,
      194.335,
      197.031,
      198.956,
      201.546,
      202.921,
      205.368,
      208.579,
      210.847,
      214.317,
      217.652,
      218.82,
      219.968,
      221.337,
      222.711,
      225.041,
      226.188,
      227.348,
      228.596,
      229.618,
      230.391,
      231.488,
      233.066,
      234.605,
      236.292,
      237.479,
      238.128,
      238.562,
      240.342,
      242.394,
      243.314,
      247.634,
      249.012,
      252.719,
      254.24,
      255.546,
      259.908,
      260.751,
      263.996,
      266.605,
      270.055,
      273.893,
      274.867,
      276.35,
      277.478,
      278.329,
      279.434,
      280.261,
      281.237,
      282.167,
      283.086,
      285.988,
      287.393,
      289.837,
      290.125,
      290.421,
      291.72,
      292.795,
      294.768,
      295.932,
      299.044,
      300.771,
      301.964,
      302.962,
      305.066,
      306.356,
      307.754,
      308.971,
      310.861,
      312.268,
      315.806,
      316.518,
      316.892,
      317.852,
      318.35,
      323.072,
      327.261,
      329.721,
      330.657,
      332.072,
      336.18,
      337.258,
      341.147,
      342.883,
      344.164,
      345.359,
      350.107,
      351.246,
      352.065,
      353.506,
      355.196,
      356.795,
      357.532,
      360.492,
      362.321,
      364.071,
      366.753,
      368.843,
      372.121,
      373.576,
      376.224,
      376.965,
      378.319,
      379.86,
      380.596,
      381.455,
      382.901,
      383.862,
      384.956,
      387.785,
      390.159,
      391.746,
      393.121,
      393.438,
      395.59,
      398.566,
      401.603,
      404.702,
      406.584,
      407.375,
      408.307,
      409.295,
      409.808,
      410.49,
      410.922,
      411.664,
      412.43,
      413.026,
      413.872,
      414.681,
      415.693,
      415.849,
      416.174,
      416.655,
      417.062,
      417.752,
      418.311,
      418.728,
      420.279,
      421.347,
      421.903,
      422.17,
      422.35,
      423.446,
      424.329,
      426.134,
      426.708,
      427.856,
      429.947,
      432.122,
      432.495,
      433.721,
      434.941,
      435.462,
      436.098,
      437.289,
      438.528,
      439.043,
      439.19,
      439.305,
      439.559,
      439.685,
      440.238,
      441.858,
      443.31,
      444.33,
      444.728,
      447.078,
      447.378,
      448.989,
      449.624,
      450.068,
      450.206,
      451.128,
      451.405,
      451.945,
      452.922,
      453.15,
      456.214,
      459.57,
      462.3,
      464.355,
      465.103,
      466.152,
      467.862,
      470.417,
      471.947,
      475.384,
      476.525,
      477.125,
      478.578,
      481.163,
      482.35,
      483.531,
      484.72,
      486.031,
      487.297,
      488.599,
      489.363,
      492.228,
      495.673,
      500.325,
      501.732,
      502.349,
      503.421,
      505.174,
      506.65,
      510.273,
      510.94,
      511.261,
      512.172,
      513.764,
      515.477,
      516.697,
      519.703,
      525.471,
      527.478,
      528.972,
      530.933,
      532.554,
      532.682,
      533.447,
      534.869,
      535.549,
      536.12,
      536.773,
      536.865,
      536.911,
      537.203,
      537.246,
      537.345,
      537.735,
      537.784,
      537.904,
      537.999,
      538.16,
      538.195,
      538.231,
      538.317,
      538.438,
      538.493,
      538.555,
      538.759,
      538.874,
      538.931,
      538.977,
      539.08,
      539.085,
      539.106,
      539.234,
      539.256,
      539.287,
      539.51,
      539.582,
      539.631,
      539.67,
      539.774,
      540.0,
      540.011,
      540.022,
      540.056,
      540.081,
      540.088,
      540.174,
      540.258,
      540.298,
      540.344,
      540.371,
      540.478,
      540.608,
      540.719,
      540.793,
      541.46,
      541.652,
      541.7,
      541.772,
      541.786,
      541.861,
      541.874,
      541.92,
      541.935,
      541.964,
      542.364,
      542.414,
      542.613,
      543.074,
      543.272,
      543.378,
      543.406,
      543.48,
      543.501,
      543.63,
      543.658,
      543.668,
      543.696,
      543.746,
      543.827,
      543.85,
      543.883,
      543.919,
      544.011,
      544.058,
      544.098,
      544.194,
      544.287,
      544.305,
      544.613,
      544.705,
      544.758,
      544.826,
      545.101,
      545.151,
      545.202,
      545.233,
      545.338,
      545.447,
      545.473,
      545.517,
      545.57,
      545.739,
      545.752,
      545.787,
      545.867,
      545.936,
      545.982,
      545.992,
      546.009,
      546.021,
      546.065,
      546.146,
      546.155,
      546.352,
      546.364,
      546.5,
      546.542,
      546.785,
      546.835,
      546.862,
      546.874,
      546.905,
      546.978,
      547.072,
      547.088,
      547.136,
      547.146,
      547.156,
      547.202,
      548.5,
      548.836,
      550.559,
      553.837,
      554.073,
      554.286,
      555.786,
      556.959,
      558.186,
      558.339,
      560.603,
      560.867,
      561.977,
      562.805,
      565.774,
      566.449,
      566.846,
      567.793,
      568.466,
      569.232,
      569.732,
      570.557,
      570.816,
      571.608,
      572.031,
      573.191,
      573.724,
      574.945,
      575.336,
      577.996,
      578.656,
      579.612,
      580.174,
      581.464,
      582.957,
      583.496,
      583.841,
      584.341,
      585.011,
      585.395,
      585.857,
      586.555,
      587.718,
      589.768,
      590.182,
      591.346,
      592.623,
      593.237,
      593.85,
      594.651,
      594.946,
      595.888,
      596.302,
      596.584,
      597.804,
      600.092,
      600.837,
      601.914,
      602.645,
      602.821,
      603.185,
      603.567,
      604.121,
      605.683,
      608.124,
      609.404,
      610.936,
      611.747,
      612.654,
      612.927,
      613.167,
      613.83,
      614.168,
      615.618,
      616.333,
      617.255,
      617.54,
      618.741,
      619.623,
      620.176,
      620.558,
      621.508,
      623.862,
      625.459,
      627.008,
      628.362,
      629.115,
      629.592,
      630.696,
      631.684,
      634.745,
      639.208,
      642.495,
      643.479,
      644.673,
      645.994,
      647.704,
      648.969,
      652.935,
      653.551,
      654.395,
      656.852,
      660.698,
      661.945,
      662.852,
      663.729,
      664.713,
      664.978,
      665.311,
      666.198,
      666.654,
      667.035,
      667.129,
      667.136,
      667.26,
      667.291,
      667.404,
      667.834,
      668.843,
      670.159,
      671.347,
      673.419,
      673.601,
      675.712,
      676.887,
      677.749,
      679.285,
      680.148,
      681.149,
      682.508,
      684.192,
      686.172,
      687.586,
      687.854,
      688.502,
      688.94,
      690.13,
      692.019,
      693.714,
      695.089,
      697.584,
      698.827,
      700.117,
      700.918,
      703.449,
      704.167,
      705.14,
      706.933,
      708.168,
      710.264,
      711.437,
      712.561,
      714.085,
      715.575,
      716.246,
      717.764,
      718.933,
      719.892,
      720.715,
      721.603,
      722.095,
      723.301,
      723.983,
      724.722,
      725.111,
      726.141,
      726.389,
      727.294,
      727.516,
      727.902,
      729.745,
      733.267,
      734.799,
      736.217,
      737.758,
      739.206,
      741.366,
      742.935,
      744.968,
      746.372,
      749.069,
      751.503,
      752.06,
      755.153,
      755.336,
      757.544,
      758.622,
      760.692,
      761.486,
      763.378,
      764.808,
      765.859,
      766.297,
      767.2,
      768.124,
      768.76,
      770.858,
      770.968,
      771.392,
      771.963,
      772.567,
      773.725,
      775.337,
      775.848,
      778.312,
      781.239,
      781.698,
      783.205,
      787.118,
      788.141,
      789.093,
      793.885,
      795.231,
      797.551,
      799.701,
      802.086,
      803.298,
      805.323,
      806.897,
      809.096,
      813.206,
      813.954,
      814.073,
      814.837,
      815.014,
      816.008,
      817.01,
      818.265,
      818.757,
      819.085,
      822.307,
      824.68,
      825.694,
      826.649,
      827.328,
      831.489,
      832.511,
      835.093,
      836.326,
      841.089,
      842.754,
      845.603,
      848.372,
      849.655,
      850.932,
      851.543,
      852.071,
      853.516,
      854.188,
      855.823,
      862.728,
      863.234,
      863.554,
      863.917,
      864.415,
      865.046,
      865.38,
      865.953,
      867.576,
      870.064,
      873.698,
      876.806,
      877.994,
      879.743,
      883.463,
      887.453,
      890.169,
      891.595,
      893.972,
      896.944,
      899.913,
      902.398,
      902.986,
      904.692,
      905.147,
      905.599,
      909.061,
      911.158,
      918.15,
      918.841,
      920.014,
      920.871,
      923.37,
      925.445,
      927.126,
      928.726,
      931.209,
      936.078,
      936.589,
      937.973,
      939.893,
      940.694,
      943.294,
      944.923,
      945.933,
      947.292,
      948.829,
      950.181,
      951.436,
      952.967,
      954.147,
      956.965,
      958.064,
      962.2,
      962.708,
      964.192,
      964.618,
      966.428,
      969.043,
      970.716,
      972.321,
      973.242,
      973.726,
      974.525,
      975.283,
      976.37,
      977.02,
      977.441,
      978.63,
      979.829,
      981.464,
      982.526,
      983.614,
      985.101,
      986.021,
      987.26,
      988.301,
      988.852,
      989.633,
      990.146,
      990.684,
      991.319,
      992.696,
      994.194,
      996.601,
      997.326,
      998.493,
      999.64,
      1000.73,
      1002.686,
      1003.724,
      1005.044,
      1006.617,
      1008.097,
      1009.037,
      1009.739,
      1010.34,
      1011.281,
      1013.469,
      1016.59,
      1017.454,
      1018.369,
      1020.07,
      1021.105,
      1022.926,
      1024.13,
      1024.597,
      1025.114,
      1025.945,
      1027.809,
      1029.371,
      1030.204,
      1031.975,
      1032.628,
      1033.505,
      1035.055,
      1037.317,
      1037.728,
      1037.987,
      1038.602,
      1039.946,
      1040.969,
      1041.141,
      1041.907,
      1042.856,
      1043.042,
      1043.368,
      1044.442,
      1045.284,
      1046.332,
      1047.75,
      1049.227,
      1050.23,
      1051.536,
      1052.423,
      1054.322,
      1054.908,
      1055.379,
      1056.152,
      1056.768,
      1057.509,
      1058.877,
      1059.393,
      1059.819,
      1061.429,
      1061.83,
      1062.826,
      1063.265,
      1064.734,
      1065.291,
      1067.755,
      1069.754,
      1071.267,
      1073.88,
      1074.895,
      1075.733,
      1077.8,
      1079.226,
      1080.97,
      1082.798,
      1085.146,
      1086.174,
      1088.244,
      1089.46,
      1091.465,
      1091.995,
      1093.087,
      1094.4,
      1097.827,
      1100.004,
      1101.154,
      1102.593,
      1102.951,
      1103.902,
      1108.229,
      1111.583,
      1113.18,
      1114.593,
      1116.564,
      1117.836,
      1118.343,
      1118.875,
      1119.755,
      1120.171,
      1121.183,
      1122.027,
      1123.351,
      1125.759,
      1126.983,
      1127.609,
      1130.042,
      1133.373,
      1134.766,
      1135.803,
      1136.814,
      1137.677,
      1138.213,
      1138.55,
      1139.834,
      1140.581,
      1143.608,
      1144.665,
      1146.058,
      1146.726,
      1148.741,
      1151.42,
      1153.214,
      1154.853,
      1154.857,
      1154.919,
      1155.023,
      1155.456,
      1155.513,
      1155.757,
      1155.949,
      1156.05,
      1156.113,
      1156.183,
      1156.673,
      1156.752,
      1156.816,
      1156.924,
      1157.075,
      1157.164,
      1157.251,
      1157.309,
      1157.347,
      1157.43,
      1157.473,
      1157.524,
      1157.985,
      1158.205,
      1158.279,
      1158.445,
      1159.022,
      1159.254,
      1159.309,
      1159.386,
      1159.952,
      1160.093,
      1160.246,
      1160.351,
      1160.474,
      1160.645,
      1160.732,
      1161.098,
      1161.379,
      1161.468,
      1161.938,
      1162.037,
      1162.148,
      1162.271,
      1162.38,
      1162.502,
      1162.566,
      1162.608,
      1162.846,
      1163.008,
      1163.535,
      1163.738,
      1164.12,
      1164.199,
      1164.351,
      1165.059,
      1165.411,
      1165.853,
      1166.342,
      1167.15,
      1167.424,
      1167.523,
      1167.631,
      1168.005,
      1168.187,
      1168.322,
      1168.482,
      1168.651,
      1168.781,
      1169.118,
      1169.174,
      1169.454,
      1169.779,
      1169.949,
      1170.064,
      1170.323,
      1170.417,
      1170.484,
      1170.546,
      1170.602,
      1170.661,
      1170.714,
      1170.784,
      1170.913,
      1170.971,
      1171.038,
      1171.112,
      1171.17,
      1171.246,
      1171.351,
      1171.589,
      1171.647,
      1171.74,
      1172.058,
      1172.145,
      1172.253,
      1172.392,
      1172.526,
      1172.724,
      1172.908,
      1173.059,
      1173.255,
      1173.43,
      1173.74,
      1173.924,
      1174.028,
      1174.043,
      1174.053,
      1174.2,
      1174.24,
      1174.327,
      1174.408,
      1174.487,
      1174.63,
      1175.144,
      1175.318,
      1175.401,
      1175.54,
      1175.584,
      1175.675,
      1175.843,
      1175.903,
      1176.027,
      1176.082,
      1176.231,
      1176.253,
      1176.345,
      1176.4,
      1176.435,
      1176.637,
      1176.721,
      1176.894,
      1176.91,
      1177.004,
      1177.073,
      1177.152,
      1177.232,
      1177.3,
      1177.397,
      1177.464,
      1177.579,
      1177.607,
      1177.627,
      1177.934,
      1178.032,
      1178.135,
      1178.204,
      1178.336,
      1178.428,
      1178.543,
      1178.704,
      1178.804,
      1179.101,
      1179.337,
      1179.474,
      1179.782,
      1179.9,
      1179.983,
      1180.144,
      1180.386,
      1180.636,
      1180.843,
      1180.971,
      1181.245,
      1181.405,
      1181.73,
      1181.918,
      1182.106,
      1182.441,
      1182.644,
      1182.803,
      1182.871,
      1182.892,
      1182.912,
      1182.975,
      1183.126,
      1183.201,
      1183.269,
      1183.338,
      1183.455,
      1183.482,
      1183.504,
      1183.623,
      1183.835,
      1183.957,
      1184.112,
      1184.249,
      1184.331,
      1184.451,
      1184.575,
      1184.787,
      1184.853,
      1185.014,
      1185.126,
      1185.252,
      1185.874,
      1186.022,
      1186.099,
      1186.224,
      1186.31,
      1186.413,
      1186.569,
      1186.622,
      1186.676,
      1186.805,
      1186.936,
      1187.233,
      1187.373,
      1187.508,
      1187.582,
      1187.66,
      1187.771,
      1187.87,
      1187.968,
      1188.088,
      1188.288,
      1188.408,
      1188.474,
      1188.588,
      1188.669,
      1188.816,
      1189.237,
      1189.491,
      1190.03,
      1190.23,
      1190.769,
      1190.88,
      1190.935,
      1190.961,
      1191.718,
      1191.802,
      1192.012,
      1192.121,
      1192.291,
      1192.379,
      1192.451,
      1192.492,
      1192.602,
      1192.663,
      1192.715,
      1192.795,
      1192.881,
      1192.927,
      1193.0,
      1193.072,
      1193.11,
      1193.181,
      1193.264,
      1193.352,
      1193.402,
      1193.452,
      1193.558,
      1193.688,
      1194.098,
      1194.149,
      1194.362,
      1194.663,
      1194.734,
      1194.827,
      1194.983,
      1195.066,
      1195.143,
      1195.219,
      1195.306,
      1195.689,
      1195.746,
      1195.781,
      1195.816,
      1195.849,
      1195.991,
      1196.018,
      1196.07,
      1196.12,
      1196.141,
      1196.172,
      1196.307,
      1196.409,
      1196.466,
      1196.519,
      1196.672,
      1196.759,
      1196.847,
      1197.033,
      1197.09,
      1197.147,
      1197.227,
      1197.357,
      1197.401,
      1197.441,
      1197.495,
      1197.542,
      1197.671,
      1197.861,
      1197.927,
      1197.989,
      1198.317,
      1198.421,
      1198.527,
      1198.74,
      1198.829,
      1198.887,
      1198.944,
      1199.004,
      1199.058,
      1199.371,
      1199.544,
      1199.632,
      1199.777,
      1199.851,
      1199.919,
      1199.995,
      1200.586,
      1200.641,
      1200.698,
      1200.755,
      1200.799,
      1200.975,
      1201.708,
      1201.791,
      1201.922,
      1201.998,
      1202.038,
      1202.095,
      1202.134,
      1202.196,
      1202.365,
      1202.411,
      1202.504,
      1202.673,
      1202.926,
      1203.031,
      1203.08,
      1203.208,
      1203.272,
      1203.426,
      1203.569,
      1203.633,
      1203.97,
      1204.034,
      1204.079,
      1204.166,
      1204.213,
      1204.277,
      1204.349,
      1204.385,
      1204.531,
      1204.57,
      1204.76,
      1204.94,
      1204.998,
      1205.042,
      1205.142,
      1205.211,
      1205.287,
      1205.334,
      1205.374,
      1205.432,
      1205.488,
      1205.796,
      1205.932,
      1206.019,
      1206.126,
      1206.255,
      1206.31,
      1206.645,
      1206.653,
      1206.679,
      1206.72,
      1206.782,
      1206.8,
      1206.81,
      1206.928,
      1207.091,
      1207.132,
      1207.273,
      1207.371,
      1207.45,
      1207.934,
      1207.954,
      1207.969,
      1208.055,
      1208.141,
      1208.214,
      1208.29,
      1208.334,
      1208.436,
      1208.495,
      1208.554,
      1208.599,
      1208.641,
      1208.676,
      1208.753,
      1208.838,
      1209.021,
      1209.073,
      1209.148,
      1209.692,
      1209.797,
      1209.931,
      1209.987,
      1210.143,
      1210.209,
      1210.336,
      1210.492,
      1210.885,
      1210.965,
      1210.979,
      1210.994,
      1211.015,
      1211.029,
      1211.112,
      1211.18,
      1211.234,
      1211.341,
      1211.45,
      1211.769,
      1211.872,
      1211.968,
      1212.038,
      1212.33,
      1212.51,
      1212.563,
      1212.592,
      1212.639,
      1212.782,
      1212.883,
      1212.955,
      1213.02,
      1213.115,
      1213.14,
      1213.154,
      1213.177,
      1213.192,
      1213.203,
      1213.296,
      1213.467,
      1213.504,
      1213.515,
      1213.609,
      1213.629,
      1213.82,
      1213.95,
      1214.055,
      1214.122,
      1214.383,
      1214.422,
      1214.532,
      1214.616,
      1214.73,
      1214.855,
      1214.899,
      1214.939,
      1215.154,
      1215.205,
      1215.216,
      1215.225,
      1215.237,
      1215.342,
      1215.37,
      1215.45,
      1215.466,
      1215.541,
      1215.648,
      1215.663,
      1215.739,
      1215.847,
      1215.924,
      1216.028,
      1216.109,
      1216.138,
      1216.234,
      1216.267,
      1216.336,
      1216.357,
      1216.464,
      1216.477,
      1216.507,
      1216.526,
      1216.592,
      1216.616,
      1216.629,
      1216.761,
      1216.941,
      1217.054,
      1217.094,
      1217.121,
      1217.16,
      1217.206,
      1217.249,
      1217.432,
      1217.611,
      1217.671,
      1217.739,
      1217.801,
      1217.852,
      1217.99,
      1218.035,
      1218.094,
      1218.225,
      1218.266,
      1218.33,
      1218.442,
      1218.479,
      1218.506,
      1218.549,
      1218.778,
      1218.952,
      1218.994,
      1219.041,
      1219.136,
      1219.178,
      1219.235,
      1219.278,
      1219.359,
      1219.409,
      1219.46,
      1219.769,
      1219.801,
      1219.866,
      1219.888,
      1219.913,
      1219.939,
      1220.0,
      1220.046,
      1220.085,
      1220.146,
      1220.176,
      1220.199,
      1220.286,
      1220.324,
      1220.566,
      1220.646,
      1220.684,
      1220.806,
      1220.829,
      1220.862,
      1221.05,
      1221.101,
      1221.159,
      1221.305,
      1221.43,
      1221.45,
      1221.529,
      1221.611,
      1221.706,
      1221.745,
      1222.471,
      1222.519,
      1222.659,
      1222.704,
      1222.74,
      1222.819,
      1222.909,
      1222.94,
      1223.018,
      1223.151,
      1223.167,
      1223.181,
      1223.218,
      1223.269,
      1223.322,
      1223.353,
      1223.367,
      1223.573,
      1223.734,
      1224.286,
      1224.328,
      1224.365,
      1224.409,
      1224.832,
      1225.031,
      1225.184,
      1225.587,
      1225.689,
      1225.812,
      1226.008,
      1226.527,
      1226.844,
      1226.981,
      1227.315,
      1227.417,
      1227.54,
      1227.574,
      1227.601,
      1227.722,
      1227.772,
      1227.956,
      1228.097,
      1228.234,
      1228.551,
      1228.808,
      1228.918,
      1229.085,
      1229.319,
      1229.382,
      1229.439,
      1229.464,
      1229.508,
      1229.599,
      1229.665,
      1229.717,
      1229.802,
      1229.868,
      1230.01,
      1230.026,
      1230.038,
      1230.077,
      1230.091,
      1230.122,
      1230.276,
      1230.41,
      1230.517,
      1230.62,
      1230.645,
      1230.695,
      1230.705,
      1230.724,
      1230.766,
      1230.782,
      1230.79,
      1230.844,
      1230.86,
      1230.9,
      1230.915,
      1230.957,
      1230.994,
      1231.122,
      1231.214,
      1231.367,
      1231.476,
      1231.73,
      1231.888,
      1232.011,
      1232.04,
      1232.069,
      1232.088,
      1232.232,
      1232.303,
      1232.357,
      1232.414,
      1232.478,
      1232.513,
      1232.568,
      1232.617,
      1232.651,
      1232.68,
      1232.71,
      1232.739,
      1232.761,
      1232.799,
      1232.947,
      1232.993,
      1233.042,
      1233.099,
      1233.162,
      1233.211,
      1233.273,
      1233.581,
      1233.747,
      1234.295,
      1234.307,
      1234.325,
      1234.345,
      1234.355,
      1234.381,
      1235.07,
      1235.371,
      1235.47,
      1235.483,
      1235.694,
      1235.799,
      1235.849,
      1236.034,
      1236.169,
      1236.367,
      1236.406,
      1236.421,
      1236.563,
      1236.587,
      1236.607,
      1236.62,
      1236.857,
      1236.889,
      1236.939,
      1237.006,
      1237.068,
      1237.154,
      1237.19,
      1237.205,
      1237.453,
      1237.495,
      1237.514,
      1237.625,
      1237.689,
      1237.744,
      1237.801,
      1237.866,
      1237.909,
      1237.927,
      1237.994,
      1238.035,
      1238.048,
      1238.096,
      1238.241,
      1238.257,
      1238.425,
      1238.445,
      1238.491,
      1238.528,
      1238.625,
      1238.666,
      1238.744,
      1238.836,
      1238.941,
      1238.953,
      1238.997,
      1239.016,
      1239.076,
      1239.117,
      1239.167,
      1239.285,
      1239.327,
      1239.384,
      1239.534,
      1239.644,
      1239.679,
      1239.705,
      1239.817,
      1239.842,
      1239.936,
      1239.946,
      1240.001,
      1240.128,
      1240.16,
      1240.19,
      1240.199,
      1240.258,
      1240.272,
      1240.334,
      1240.35,
      1240.385,
      1240.418,
      1240.5,
      1240.583,
      1240.733,
      1240.777,
      1240.811,
      1240.823,
      1240.898,
      1240.964,
      1240.995,
      1241.017,
      1241.103,
      1241.118,
      1241.186,
      1241.355,
      1241.372,
      1241.605,
      1241.633,
      1241.793,
      1241.824,
      1241.84,
      1241.874,
      1242.041,
      1242.049,
      1242.056,
      1242.06,
      1242.129,
      1242.149,
      1242.297,
      1242.322,
      1242.408,
      1242.444,
      1242.482,
      1242.615,
      1242.632,
      1242.657,
      1242.702,
      1242.736,
      1242.814,
      1242.964,
      1242.979,
      1242.994,
      1243.094,
      1243.235,
      1243.259,
      1243.281,
      1243.296,
      1243.31,
      1243.335,
      1243.371,
      1243.38,
      1243.42,
      1243.46,
      1243.605,
      1243.851,
      1243.895,
      1243.91,
      1243.951,
      1244.032,
      1244.067,
      1244.098,
      1244.155,
      1244.232,
      1244.274,
      1244.308,
      1244.334,
      1244.344,
      1244.392,
      1244.415,
      1244.445,
      1244.491,
      1244.503,
      1244.521,
      1244.653,
      1244.72,
      1244.771,
      1244.862,
      1244.9,
      1244.943,
      1245.133,
      1245.163,
      1245.19,
      1245.212,
      1245.271,
      1245.309,
      1245.389,
      1245.44,
      1245.544,
      1245.572,
      1245.595,
      1245.632,
      1245.741,
      1245.778,
      1245.802,
      1245.828,
      1245.88,
      1245.923,
      1245.936,
      1245.992,
      1246.05,
      1246.279,
      1246.289,
      1246.345,
      1246.423,
      1246.48,
      1246.52,
      1246.607,
      1246.69,
      1246.746,
      1246.835,
      1246.844,
      1246.858,
      1247.124,
      1247.191,
      1247.507,
      1247.586,
      1247.599,
      1247.782,
      1247.932,
      1247.946,
      1247.973,
      1248.013,
      1248.051,
      1248.256,
      1248.383,
      1248.425,
      1248.528,
      1248.571,
      1248.638,
      1248.866,
      1248.977,
      1249.03,
      1249.164,
      1249.299,
      1249.367,
      1249.382,
      1249.391,
      1249.418,
      1249.448,
      1249.489,
      1249.592,
      1249.949,
      1250.016,
      1250.06,
      1250.208,
      1250.262,
      1250.479,
      1250.604,
      1250.678,
      1250.733,
      1251.125,
      1251.734,
      1251.788,
      1251.8,
      1252.017,
      1252.162,
      1252.308,
      1252.347,
      1252.438,
      1252.444,
      1252.473,
      1252.487,
      1252.501,
      1252.831,
      1252.945,
      1253.467,
      1253.566,
      1253.663,
      1253.773,
      1253.952,
      1253.975,
      1254.154,
      1254.257,
      1254.291,
      1254.322,
      1254.468,
      1254.507,
      1254.529,
      1254.555,
      1254.832,
      1254.909,
      1254.95,
      1254.972,
      1254.993,
      1255.064,
      1255.136,
      1255.217,
      1255.266,
      1255.329,
      1256.335,
      1256.46,
      1256.492,
      1256.532,
      1256.567,
      1256.603,
      1256.739,
      1256.789,
      1256.847,
      1256.869,
      1256.916,
      1256.943,
      1256.987,
      1257.058,
      1257.108,
      1257.254,
      1257.363,
      1257.49,
      1257.59,
      1257.675,
      1257.823,
      1258.001,
      1258.068,
      1258.356,
      1258.571,
      1258.647,
      1258.738,
      1258.777,
      1258.899,
      1258.976,
      1259.044,
      1259.08,
      1259.216,
      1259.248,
      1259.318,
      1259.385,
      1259.438,
      1259.49,
      1259.565,
      1259.605,
      1259.708,
      1259.769,
      1259.826,
      1259.929,
      1260.007,
      1260.031,
      1260.154,
      1260.185,
      1260.222,
      1260.271,
      1260.431,
      1260.488,
      1260.519,
      1260.547,
      1260.633,
      1260.689,
      1260.839,
      1260.874,
      1261.012,
      1261.042,
      1261.112,
      1261.204,
      1261.298,
      1261.442,
      1261.724,
      1261.809,
      1261.831,
      1261.919,
      1262.028,
      1262.056,
      1262.12,
      1262.153,
      1262.193,
      1262.231,
      1262.423,
      1262.52,
      1262.612,
      1262.649,
      1262.692,
      1262.978,
      1263.051,
      1263.085,
      1263.112,
      1263.144,
      1263.245,
      1263.457,
      1263.572,
      1263.681,
      1263.72,
      1263.763,
      1263.798,
      1263.875,
      1263.92,
      1263.928,
      1263.966,
      1264.022,
      1264.086,
      1264.188,
      1264.214,
      1264.354,
      1264.41,
      1264.977,
      1265.215,
      1265.259,
      1265.3,
      1265.569,
      1265.795,
      1265.883,
      1265.934,
      1266.066,
      1266.119,
      1266.315,
      1266.404,
      1266.506,
      1266.546,
      1266.593,
      1266.706,
      1266.729,
      1266.778,
      1266.811,
      1266.927,
      1267.119,
      1267.166,
      1267.204,
      1267.34,
      1267.396,
      1267.46,
      1267.532,
      1267.565,
      1267.596,
      1267.639,
      1267.682,
      1267.738,
      1267.875,
      1267.938,
      1267.967,
      1267.992,
      1268.027,
      1268.115,
      1268.131,
      1268.145,
      1268.17,
      1268.24,
      1268.298,
      1268.335,
      1268.365,
      1268.414,
      1268.434,
      1268.491,
      1268.521,
      1268.571,
      1268.615,
      1268.7,
      1268.734,
      1268.78,
      1268.803,
      1268.845,
      1268.898,
      1268.961,
      1268.986,
      1269.004,
      1269.07,
      1269.112,
      1269.238,
      1269.279,
      1269.311,
      1269.382,
      1269.475,
      1269.57,
      1269.623,
      1269.642,
      1269.693,
      1269.946,
      1270.187,
      1270.282,
      1270.384,
      1270.416,
      1270.475,
      1270.523,
      1270.714,
      1270.876,
      1271.001,
      1271.087,
      1271.158,
      1271.219,
      1271.257,
      1271.297,
      1271.346,
      1271.403,
      1271.516,
      1271.576,
      1271.775,
      1271.946,
      1271.99,
      1272.109,
      1272.158,
      1272.192,
      1272.353,
      1272.406,
      1272.448,
      1272.521,
      1272.613,
      1272.732,
      1272.814,
      1273.108,
      1273.169,
      1273.295,
      1273.358,
      1273.543,
      1273.622,
      1274.615,
      1274.692,
      1274.783,
      1274.82,
      1275.092,
      1275.223,
      1275.276,
      1275.343,
      1275.403,
      1275.451,
      1275.532,
      1275.619,
      1275.672,
      1275.76,
      1275.866,
      1275.923,
      1275.999,
      1276.151,
      1276.181,
      1276.247,
      1276.343,
      1276.447,
      1276.609,
      1276.636,
      1276.713,
      1276.792,
      1276.909,
      1277.012,
      1277.101,
      1277.193,
      1277.342,
      1277.367,
      1277.623,
      1277.701,
      1277.743,
      1277.777,
      1277.8,
      1277.859,
      1277.897,
      1277.924,
      1277.969,
      1278.111,
      1278.191,
      1278.54,
      1278.607,
      1278.917,
      1278.999,
      1279.592,
      1279.634,
      1279.707,
      1279.753,
      1279.801,
      1279.828,
      1279.881,
      1279.932,
      1279.997,
      1280.068,
      1280.073,
      1280.119,
      1280.172,
      1280.224,
      1280.735,
      1280.867,
      1280.899,
      1281.012,
      1281.143,
      1281.195,
      1281.249,
      1281.256,
      1281.338,
      1281.441,
      1281.535,
      1282.085,
      1282.309,
      1282.394,
      1282.437,
      1282.514,
      1282.672,
      1282.721,
      1282.812,
      1283.297,
      1283.371,
      1283.513,
      1283.757,
      1283.899,
      1283.932,
      1284.251,
      1284.308,
      1284.339,
      1284.483,
      1284.656,
      1284.738,
      1284.791,
      1284.847,
      1284.968,
      1285.099,
      1285.136,
      1285.18,
      1285.285,
      1285.548,
      1285.595,
      1285.752,
      1285.79,
      1285.838,
      1285.89,
      1285.933,
      1286.021,
      1286.106,
      1286.166,
      1286.257,
      1286.327,
      1286.544,
      1286.63,
      1287.048,
      1287.182,
      1287.269,
      1287.393,
      1287.449,
      1288.192,
      1288.283,
      1288.421,
      1288.522,
      1288.623,
      1288.714,
      1288.848,
      1288.951,
      1289.048,
      1289.145,
      1289.28,
      1289.373,
      1289.506,
      1289.674,
      1289.854,
      1289.999,
      1290.173,
      1290.249,
      1290.327,
      1290.403,
      1290.485,
      1290.555,
      1290.627,
      1290.716,
      1290.808,
      1290.891,
      1290.962,
      1291.046,
      1291.17,
      1291.244,
      1291.293,
      1291.395,
      1291.499,
      1291.737,
      1291.872,
      1291.923,
      1292.022,
      1292.072,
      1292.109,
      1292.113,
      1292.241,
      1292.296,
      1292.364,
      1292.396,
      1292.491,
      1292.591,
      1292.623,
      1292.761,
      1292.81,
      1292.861,
      1292.924,
      1293.006,
      1293.075,
      1293.189,
      1293.236,
      1293.287,
      1293.319,
      1293.648,
      1293.684,
      1293.741,
      1293.779,
      1293.824,
      1293.892,
      1294.431,
      1294.471,
      1294.598,
      1294.86,
      1294.936,
      1294.97,
      1295.022,
      1295.378,
      1295.464,
      1295.532,
      1295.586,
      1295.64,
      1295.843,
      1295.884,
      1295.949,
      1296.015,
      1296.075,
      1296.169,
      1296.248,
      1296.288,
      1297.078,
      1297.138,
      1297.2,
      1297.252,
      1297.315,
      1297.399,
      1297.461,
      1297.522,
      1297.836,
      1297.907,
      1297.944,
      1297.981,
      1298.02,
      1298.115,
      1298.189,
      1298.306,
      1298.375,
      1298.428,
      1298.59,
      1298.772,
      1298.893,
      1299.012,
      1299.325,
      1299.422,
      1299.511,
      1299.598,
      1299.629,
      1299.703,
      1299.742,
      1299.783,
      1299.855,
      1300.339,
      1300.468,
      1300.774,
      1300.841,
      1300.885,
      1300.918,
      1300.998,
      1301.208,
      1301.249,
      1301.304,
      1301.374,
      1301.44,
      1301.54,
      1301.645,
      1301.677,
      1301.871,
      1301.909,
      1301.949,
      1302.04,
      1302.368,
      1302.408,
      1302.537,
      1302.568,
      1302.841,
      1302.872,
      1303.044,
      1303.411,
      1303.556,
      1303.683,
      1303.769,
      1303.857,
      1303.894,
      1303.945,
      1304.023,
      1304.058,
      1304.151,
      1304.277,
      1304.333,
      1304.425,
      1304.457,
      1304.489,
      1304.606,
      1304.652,
      1304.713,
      1304.978,
      1305.024,
      1305.186,
      1305.33,
      1305.401,
      1305.439,
      1305.464,
      1305.539,
      1305.57,
      1305.645,
      1305.689,
      1305.865,
      1306.048,
      1306.119,
      1306.207,
      1306.305,
      1306.467,
      1306.577,
      1306.645,
      1306.72,
      1306.927,
      1307.043,
      1307.156,
      1307.224,
      1307.287,
      1307.322,
      1307.361,
      1307.401,
      1307.684,
      1308.038,
      1308.092,
      1308.163,
      1308.206,
      1308.246,
      1308.281,
      1308.334,
      1308.565,
      1308.643,
      1308.794,
      1309.128,
      1309.207,
      1309.379,
      1309.47,
      1309.538,
      1309.574,
      1309.762,
      1309.796,
      1309.907,
      1309.957,
      1310.071,
      1310.149,
      1310.184,
      1310.636,
      1310.653,
      1310.666,
      1310.801,
      1311.138,
      1311.246,
      1311.303,
      1311.36,
      1311.412,
      1311.525,
      1311.554,
      1311.742,
      1311.771,
      1311.839,
      1311.872,
      1311.928,
      1311.985,
      1312.287,
      1312.381,
      1312.528,
      1312.571,
      1312.654,
      1312.985,
      1313.14,
      1313.204,
      1313.259,
      1313.456,
      1313.534,
      1313.594,
      1313.877,
      1313.926,
      1314.058,
      1314.143,
      1314.208,
      1314.248,
      1314.36,
      1314.411,
      1314.484,
      1314.542,
      1314.576,
      1314.718,
      1314.812,
      1314.89,
      1315.114,
      1315.172,
      1315.452,
      1315.768,
      1315.875,
      1316.084,
      1316.129,
      1316.189,
      1316.274,
      1316.494,
      1316.55,
      1317.205,
      1317.403,
      1317.459,
      1317.549,
      1317.762,
      1317.822,
      1317.997,
      1318.026,
      1318.115,
      1318.348,
      1318.4,
      1318.445,
      1318.502,
      1318.536,
      1318.583,
      1318.658,
      1318.891,
      1318.942,
      1318.973,
      1319.032,
      1319.069,
      1319.103,
      1319.143,
      1319.18,
      1319.246,
      1319.72,
      1319.789,
      1319.856,
      1319.959,
      1320.481,
      1320.542,
      1320.594,
      1320.624,
      1320.653,
      1320.801,
      1320.864,
      1320.91,
      1320.954,
      1321.556,
      1321.705,
      1321.74,
      1321.814,
      1321.857,
      1321.922,
      1322.114,
      1322.149,
      1322.223,
      1322.26,
      1322.3,
      1322.883,
      1322.965,
      1323.038,
      1323.08,
      1323.275,
      1323.367,
      1323.415,
      1323.766,
      1323.833,
      1323.894,
      1323.927,
      1323.98,
      1324.031,
      1324.278,
      1324.333,
      1324.415,
      1325.224,
      1325.753,
      1326.063,
      1326.262,
      1326.327,
      1326.39,
      1326.74,
      1326.871,
      1327.028,
      1327.103,
      1327.173,
      1327.215,
      1327.331,
      1327.635,
      1327.681,
      1327.931,
      1327.982,
      1328.026,
      1328.415,
      1328.522,
      1328.728,
      1328.771,
      1329.301,
      1329.36,
      1329.415,
      1329.646,
      1329.678,
      1329.744,
      1329.789,
      1329.842,
      1329.9,
      1329.95,
      1330.245,
      1330.295,
      1330.338,
      1330.411,
      1330.693,
      1330.754,
      1330.804,
      1331.041,
      1331.063,
      1331.127,
      1331.187,
      1331.243,
      1331.307,
      1331.701,
      1331.772,
      1331.844,
      1331.919,
      1332.007,
      1332.096,
      1332.351,
      1332.429,
      1332.5,
      1332.539,
      1332.61,
      1332.649,
      1332.686,
      1332.746,
      1332.833,
      1333.167,
      1333.319,
      1333.385,
      1333.436,
      1333.722,
      1333.904,
      1333.946,
      1334.007,
      1334.274,
      1334.315,
      1334.417,
      1334.457,
      1334.518,
      1334.62,
      1335.19,
      1335.271,
      1335.311,
      1335.36,
      1335.624,
      1335.676,
      1336.116,
      1336.379,
      1336.415,
      1336.487,
      1336.545,
      1336.58,
      1336.622,
      1337.48,
      1337.684,
      1337.755,
      1337.978,
      1338.083,
      1338.251,
      1338.294,
      1338.443,
      1338.484,
      1338.548,
      1338.616,
      1338.689,
      1338.76,
      1338.989,
      1339.256,
      1339.331,
      1339.37,
      1339.456,
      1339.566,
      1339.89,
      1339.979,
      1340.082,
      1340.156,
      1340.229,
      1340.403,
      1340.452,
      1340.515,
      1340.586,
      1340.861,
      1340.928,
      1341.004,
      1341.228,
      1341.27,
      1341.313,
      1341.492,
      1341.71,
      1342.198,
      1342.73,
      1342.783,
      1342.836,
      1342.909,
      1342.997,
      1343.089,
      1343.16,
      1343.258,
      1343.455,
      1343.504,
      1343.551,
      1343.596,
      1343.642,
      1343.801,
      1343.885,
      1344.054,
      1344.08,
      1344.118,
      1344.182,
      1344.247,
      1344.366,
      1344.407,
      1344.441,
      1344.617,
      1344.677,
      1344.744,
      1344.818,
      1344.931,
      1344.998,
      1345.062,
      1345.183,
      1345.294,
      1345.416,
      1345.484,
      1345.515,
      1345.659,
      1345.76,
      1345.851,
      1346.075,
      1346.134,
      1346.314,
      1346.466,
      1346.563,
      1346.594,
      1346.73,
      1346.755,
      1346.796,
      1346.833,
      1347.019,
      1347.052,
      1347.096,
      1347.404,
      1347.444,
      1347.495,
      1347.564,
      1347.819,
      1347.918,
      1348.123,
      1348.185,
      1348.294,
      1348.37,
      1348.42,
      1348.458,
      1348.508,
      1348.646,
      1348.716,
      1348.811,
      1348.87,
      1348.949,
      1349.017,
      1349.059,
      1349.168,
      1349.22,
      1349.249,
      1349.39,
      1349.465,
      1349.805,
      1349.85,
      1349.934,
      1350.024,
      1350.064,
      1350.113,
      1350.178,
      1350.325,
      1350.404,
      1350.516,
      1350.567,
      1350.609,
      1350.645,
      1350.717,
      1350.863,
      1350.927,
      1350.952,
      1351.028,
      1351.149,
      1351.225,
      1351.292,
      1351.369,
      1351.505,
      1351.587,
      1351.707,
      1351.739,
      1351.819,
      1351.847,
      1351.895,
      1351.98,
      1352.008,
      1352.155,
      1352.188,
      1352.236,
      1352.375,
      1352.478,
      1352.532,
      1352.65,
      1352.679,
      1352.742,
      1352.875,
      1352.923,
      1353.011,
      1353.045,
      1353.159,
      1353.192,
      1353.301,
      1353.454,
      1353.535,
      1353.671,
      1353.772,
      1353.804,
      1353.909,
      1353.974,
      1354.08,
      1354.132,
      1354.243,
      1354.303,
      1354.522,
      1354.571,
      1354.781,
      1354.98,
      1355.125,
      1355.166,
      1355.204,
      1355.251,
      1355.303,
      1355.49,
      1355.528,
      1355.582,
      1355.649,
      1355.716,
      1355.724,
      1355.734,
      1355.763,
      1355.85,
      1355.921,
      1355.973,
      1356.141,
      1356.179,
      1356.207,
      1356.262,
      1356.314,
      1356.344,
      1356.413,
      1356.435,
      1356.491,
      1356.546,
      1356.636,
      1356.664,
      1356.719,
      1356.779,
      1356.809,
      1356.879,
      1356.918,
      1356.976,
      1357.211,
      1357.245,
      1357.279,
      1357.499,
      1357.601,
      1357.637,
      1357.686,
      1357.74,
      1357.758,
      1357.811,
      1358.084,
      1358.14,
      1358.36,
      1358.476,
      1358.548,
      1358.59,
      1358.663,
      1358.767,
      1358.941,
      1359.018,
      1359.095,
      1359.164,
      1359.204,
      1359.276,
      1359.415,
      1359.52,
      1359.678,
      1359.712,
      1359.74,
      1359.813,
      1359.911,
      1360.008,
      1360.069,
      1360.145,
      1360.195,
      1360.283,
      1360.331,
      1360.42,
      1360.527,
      1360.648,
      1360.785,
      1360.868,
      1360.964,
      1361.1,
      1361.175,
      1361.648,
      1361.904,
      1361.964,
      1362.105,
      1362.292,
      1362.374,
      1362.454,
      1362.622,
      1362.791,
      1362.977,
      1363.281,
      1363.375,
      1363.484,
      1363.609,
      1364.283,
      1364.342,
      1364.412,
      1364.488,
      1364.551,
      1364.649,
      1364.714,
      1364.832,
      1364.902,
      1364.953,
      1365.015,
      1365.196,
      1365.476,
      1365.672,
      1365.807,
      1366.286,
      1366.33,
      1366.454,
      1366.583,
      1366.67,
      1366.978,
      1367.096,
      1367.191,
      1367.298,
      1367.346,
      1367.424,
      1367.565,
      1367.635,
      1367.701,
      1367.74,
      1367.924,
      1368.002,
      1368.138,
      1368.189,
      1368.444,
      1368.541,
      1368.643,
      1368.697,
      1368.771,
      1368.936,
      1368.992,
      1369.065,
      1369.167,
      1369.422,
      1369.501,
      1369.561,
      1369.605,
      1369.746,
      1369.831,
      1369.878,
      1369.922,
      1369.969,
      1370.396,
      1370.506,
      1370.6,
      1370.653,
      1370.779,
      1370.868,
      1370.936,
      1371.136,
      1371.225,
      1371.268,
      1371.492,
      1371.553,
      1371.607,
      1371.663,
      1371.914,
      1372.177,
      1372.306,
      1372.466,
      1372.587,
      1372.688,
      1372.825,
      1372.877,
      1372.933,
      1372.986,
      1373.021,
      1373.205,
      1373.238,
      1373.289,
      1373.365,
      1373.387,
      1373.476,
      1373.522,
      1373.6,
      1373.654,
      1373.871,
      1373.948,
      1373.981,
      1374.017,
      1374.087,
      1374.158,
      1374.287,
      1374.315,
      1374.35,
      1374.394,
      1374.439,
      1374.486,
      1374.561,
      1374.594,
      1374.719,
      1374.815,
      1374.874,
      1375.033,
      1375.184,
      1375.322,
      1375.45,
      1375.598,
      1375.664,
      1375.715,
      1375.876,
      1376.031,
      1376.065,
      1376.184,
      1376.458,
      1376.499,
      1376.517,
      1376.543,
      1376.608,
      1376.702,
      1376.836,
      1376.86,
      1376.933,
      1377.045,
      1377.136,
      1377.196,
      1377.278,
      1377.307,
      1377.341,
      1377.364,
      1377.39,
      1377.443,
      1377.535,
      1377.597,
      1377.607,
      1377.66,
      1377.685,
      1377.729,
      1377.851,
      1377.904,
      1377.972,
      1378.095,
      1378.115,
      1378.152,
      1378.264,
      1378.3,
      1378.322,
      1378.343,
      1378.374,
      1378.436,
      1378.487,
      1378.51,
      1378.527,
      1378.565,
      1378.63,
      1378.667,
      1378.711,
      1378.739,
      1378.817,
      1378.922,
      1379.088,
      1379.214,
      1379.247,
      1379.318,
      1379.394,
      1379.412,
      1379.676,
      1379.707,
      1379.895,
      1379.913,
      1380.004,
      1380.041,
      1380.059,
      1380.078,
      1380.148,
      1380.268,
      1380.293,
      1380.315,
      1380.516,
      1380.584,
      1381.136,
      1381.303,
      1381.4,
      1381.445,
      1381.621,
      1381.714,
      1381.762,
      1382.285,
      1382.337,
      1382.427,
      1382.474,
      1382.525,
      1382.551,
      1382.575,
      1382.607,
      1382.689,
      1382.728,
      1382.807,
      1382.852,
      1382.941,
      1383.028,
      1383.563,
      1383.616,
      1383.718,
      1383.825,
      1383.88,
      1383.977,
      1384.104,
      1384.251,
      1384.292,
      1384.329,
      1384.593,
      1384.679,
      1384.713,
      1384.755,
      1384.786,
      1384.873,
      1384.91,
      1384.972,
      1385.021,
      1385.058,
      1385.103,
      1385.151,
      1385.201,
      1385.64,
      1385.729,
      1385.8,
      1385.907,
      1385.942,
      1385.983,
      1386.223,
      1386.34,
      1386.422,
      1386.479,
      1386.681,
      1386.771,
      1386.835,
      1387.013,
      1387.11,
      1387.31,
      1387.408,
      1387.656,
      1387.774,
      1387.831,
      1388.047,
      1388.149,
      1388.571,
      1388.748,
      1388.855,
      1389.034,
      1389.162,
      1389.428,
      1389.515,
      1389.716,
      1389.782,
      1389.85,
      1389.974,
      1390.022,
      1390.048,
      1390.094,
      1390.133,
      1390.515,
      1390.602,
      1390.728,
      1391.108,
      1391.31,
      1391.403,
      1391.5,
      1391.577,
      1391.648,
      1391.91,
      1391.915,
      1391.988,
      1392.047,
      1392.084,
      1392.261,
      1392.378,
      1392.508,
      1392.66,
      1392.734,
      1392.803,
      1392.967,
      1393.048,
      1393.125,
      1393.224,
      1393.319,
      1393.362,
      1393.446,
      1393.477,
      1393.604,
      1393.98,
      1394.071,
      1394.222,
      1394.309,
      1394.502,
      1394.569,
      1394.771,
      1394.929,
      1395.29,
      1395.361,
      1395.675,
      1395.884,
      1395.986,
      1396.013,
      1396.04,
      1396.153,
      1396.272,
      1396.456,
      1396.595,
      1396.746,
      1396.793,
      1396.83,
      1396.948,
      1396.966,
      1397.079,
      1397.107,
      1397.146,
      1397.25,
      1397.334,
      1397.398,
      1397.489,
      1397.608,
      1397.78,
      1397.918,
      1398.105,
      1398.127,
      1398.143,
      1398.273,
      1398.367,
      1398.463,
      1398.506,
      1398.547,
      1398.635,
      1398.686,
      1398.723,
      1398.762,
      1398.892,
      1398.965,
      1399.164,
      1399.284,
      1399.364,
      1399.412,
      1399.61,
      1399.66,
      1399.778,
      1399.922,
      1399.961,
      1400.04,
      1400.263,
      1400.465,
      1400.563,
      1400.694,
      1400.802,
      1400.897,
      1401.116,
      1401.216,
      1401.259,
      1401.308,
      1401.455,
      1401.555,
      1401.586,
      1401.652,
      1401.925,
      1402.008,
      1402.085,
      1402.14,
      1402.36,
      1402.422,
      1402.491,
      1402.542,
      1402.703,
      1402.819,
      1402.894,
      1403.049,
      1403.097,
      1403.159,
      1403.225,
      1403.372,
      1403.412,
      1403.556,
      1403.597,
      1403.613,
      1403.633,
      1403.644,
      1403.745,
      1403.87,
      1404.041,
      1404.169,
      1404.229,
      1404.299,
      1404.339,
      1404.354,
      1404.378,
      1404.391,
      1404.563,
      1404.67,
      1404.718,
      1404.976,
      1405.078,
      1405.192,
      1405.239,
      1405.381,
      1405.565,
      1405.574,
      1405.707,
      1405.827,
      1406.038,
      1406.094,
      1406.158,
      1406.197,
      1406.35,
      1406.673,
      1406.855,
      1407.031,
      1407.309,
      1407.398,
      1407.595,
      1407.681,
      1407.89,
      1407.992,
      1408.061,
      1408.144,
      1408.274,
      1408.482,
      1408.689,
      1408.794,
      1408.838,
      1408.875,
      1408.905,
      1408.974,
      1409.094,
      1409.112,
      1409.276,
      1409.448,
      1409.507,
      1409.639,
      1409.859,
      1409.929,
      1409.979,
      1410.156,
      1410.268,
      1410.377,
      1410.429,
      1410.712,
      1410.792,
      1410.888,
      1411.023,
      1411.097,
      1411.291,
      1411.332,
      1411.378,
      1411.395,
      1411.427,
      1411.53,
      1411.576,
      1411.679,
      1411.728,
      1411.79,
      1411.958,
      1412.042,
      1412.198,
      1412.227,
      1412.294,
      1412.387,
      1412.458,
      1412.537,
      1412.572,
      1412.577,
      1412.587,
      1412.596,
      1412.688,
      1412.73,
      1412.785,
      1412.824,
      1412.847,
      1412.934,
      1412.969,
      1413.002,
      1413.035,
      1413.12,
      1413.239,
      1413.292,
      1413.407,
      1413.474,
      1413.532,
      1413.556,
      1413.655,
      1413.699,
      1413.707,
      1413.715,
      1413.722,
      1413.779,
      1413.894,
      1413.95,
      1414.023,
      1414.122,
      1414.305,
      1414.364,
      1414.389,
      1414.415,
      1414.44,
      1414.573,
      1414.639,
      1414.768,
      1414.828,
      1414.87,
      1414.948,
      1415.071,
      1415.124,
      1415.281,
      1415.409,
      1415.458,
      1415.53,
      1415.627,
      1415.657,
      1415.773,
      1415.798,
      1415.842,
      1415.948,
      1416.128,
      1416.214,
      1416.295,
      1416.348,
      1416.505,
      1416.751,
      1416.795,
      1416.905,
      1416.919,
      1416.94,
      1416.976,
      1416.986,
      1417.043,
      1417.099,
      1417.134,
      1417.306,
      1417.343,
      1417.399,
      1417.452,
      1417.537,
      1417.707,
      1417.827,
      1417.933,
      1417.968,
      1418.072,
      1418.11,
      1418.15,
      1418.333,
      1418.375,
      1418.385,
      1418.524,
      1418.562,
      1418.624,
      1418.739,
      1418.803,
      1418.839,
      1418.891,
      1419.026,
      1419.06,
      1419.094,
      1419.138,
      1419.412,
      1419.459,
      1419.696,
      1419.734,
      1419.864,
      1419.896,
      1419.922,
      1419.95,
      1420.047,
      1420.076,
      1420.108,
      1420.156,
      1420.228,
      1420.296,
      1420.333,
      1420.357,
      1420.427,
      1420.472,
      1420.532,
      1420.55,
      1420.578,
      1420.624,
      1420.715,
      1420.737,
      1420.815,
      1420.842,
      1420.965,
      1421.016,
      1421.113,
      1421.225,
      1421.271,
      1421.312,
      1421.412,
      1421.434,
      1421.624,
      1421.67,
      1421.883,
      1421.91,
      1421.995,
      1422.037,
      1422.097,
      1422.186,
      1422.205,
      1422.338,
      1422.402,
      1422.444,
      1422.607,
      1422.657,
      1422.809,
      1422.87,
      1423.049,
      1423.139,
      1423.194,
      1423.202,
      1423.247,
      1423.333,
      1423.353,
      1423.48,
      1423.527,
      1423.573,
      1423.849,
      1423.876,
      1423.998,
      1424.02,
      1424.074,
      1424.169,
      1424.188,
      1424.211,
      1424.612,
      1424.647,
      1424.663,
      1424.697,
      1424.837,
      1424.898,
      1424.92,
      1424.957,
      1425.04,
      1425.059,
      1425.077,
      1425.094,
      1425.143,
      1425.163,
      1425.186,
      1425.205,
      1425.219,
      1425.224,
      1425.317,
      1425.326,
      1425.346,
      1425.484,
      1425.544,
      1425.591,
      1425.754,
      1425.799,
      1425.835,
      1425.867,
      1425.913,
      1425.932,
      1425.97,
      1425.992,
      1426.012,
      1426.066,
      1426.209,
      1426.24,
      1426.266,
      1426.335,
      1426.362,
      1426.505,
      1426.59,
      1426.663,
      1426.7,
      1426.772,
      1426.871,
      1426.951,
      1426.997,
      1427.01,
      1427.021,
      1427.11,
      1427.373,
      1427.501,
      1427.526,
      1427.575,
      1427.605,
      1427.682,
      1427.749,
      1427.779,
      1427.806,
      1427.911,
      1427.967,
      1428.028,
      1428.112,
      1428.132,
      1428.143,
      1428.157,
      1428.2,
      1428.261,
      1428.316,
      1428.404,
      1428.471,
      1428.631,
      1428.667,
      1428.753,
      1428.844,
      1428.878,
      1429.069,
      1429.178,
      1429.196,
      1429.25,
      1429.344,
      1429.36,
      1429.509,
      1429.562,
      1429.607,
      1429.756,
      1429.784,
      1429.793,
      1429.801,
      1429.834,
      1429.864,
      1430.069,
      1430.115,
      1430.291,
      1430.338,
      1430.447,
      1430.529,
      1430.54,
      1430.557,
      1430.61,
      1430.669,
      1430.689,
      1430.797,
      1430.922,
      1430.98,
      1431.024,
      1431.067,
      1431.084,
      1431.108,
      1431.161,
      1431.19,
      1431.2,
      1431.231,
      1431.26,
      1431.366,
      1431.414,
      1431.493,
      1431.518,
      1431.553,
      1431.62,
      1431.662,
      1431.681,
      1431.713,
      1431.762,
      1431.865,
      1431.944,
      1431.988,
      1432.008,
      1432.049,
      1432.207,
      1432.225,
      1432.252,
      1432.47,
      1432.519,
      1432.7,
      1432.828,
      1432.865,
      1432.89,
      1432.937,
      1432.958,
      1432.997,
      1433.041,
      1433.054,
      1433.073,
      1433.15,
      1433.16,
      1433.185,
      1433.237,
      1433.258,
      1433.285,
      1433.319,
      1433.337,
      1433.357,
      1433.396,
      1433.456,
      1433.49,
      1433.525,
      1433.58,
      1433.635,
      1433.677,
      1433.692,
      1433.763,
      1433.886,
      1433.95,
      1433.988,
      1434.012,
      1434.03,
      1434.184,
      1434.222,
      1434.269,
      1434.283,
      1434.343,
      1434.446,
      1434.699,
      1435.145,
      1435.611,
      1435.718,
      1435.742,
      1435.757,
      1435.773,
      1435.782,
      1435.821,
      1435.857,
      1436.108,
      1436.132,
      1436.256,
      1436.287,
      1436.348,
      1436.396,
      1436.401,
      1436.493,
      1436.811,
      1437.042,
      1437.356,
      1437.502,
      1437.578,
      1437.592,
      1437.629,
      1437.729,
      1437.793,
      1437.863,
      1437.899,
      1437.999,
      1438.15,
      1438.281,
      1438.781,
      1438.852,
      1438.868,
      1438.957,
      1438.966,
      1438.991,
      1439.149,
      1439.172,
      1439.291,
      1439.344,
      1439.367,
      1439.386,
      1439.422,
      1439.484,
      1439.51,
      1439.553,
      1439.613,
      1439.643,
      1439.714,
      1439.75,
      1439.786,
      1439.904,
      1439.982,
      1440.015,
      1440.051,
      1440.069,
      1440.174,
      1440.25,
      1440.288,
      1440.31,
      1440.329,
      1440.354,
      1440.404,
      1440.417,
      1440.54,
      1440.592,
      1440.725,
      1440.766,
      1440.793,
      1440.824,
      1440.972,
      1441.002,
      1441.123,
      1441.245,
      1441.303,
      1441.47,
      1441.684,
      1441.757,
      1441.771,
      1441.845,
      1441.871,
      1441.882,
      1441.97,
      1442.046,
      1442.17,
      1442.214,
      1442.332,
      1442.352,
      1442.379,
      1442.516,
      1442.591,
      1442.687,
      1442.779,
      1442.785,
      1442.817,
      1442.881,
      1442.971,
      1443.017,
      1443.118,
      1443.299,
      1443.335,
      1443.348,
      1443.363,
      1443.505,
      1443.558,
      1443.611,
      1443.669,
      1443.832,
      1443.909,
      1444.063,
      1444.15,
      1444.23,
      1444.276,
      1444.304,
      1444.564,
      1444.608,
      1444.701,
      1444.765,
      1444.994,
      1445.131,
      1445.188,
      1445.251,
      1445.297,
      1445.374,
      1445.506,
      1445.54,
      1445.581,
      1445.659,
      1445.808,
      1445.85,
      1445.894,
      1445.918,
      1445.93,
      1445.961,
      1446.007,
      1446.052,
      1446.108,
      1446.232,
      1446.28,
      1446.348,
      1446.372,
      1446.57,
      1446.633,
      1446.716,
      1446.756,
      1446.789,
      1446.943,
      1446.973,
      1447.003,
      1447.112,
      1447.21,
      1447.241,
      1447.296,
      1447.329,
      1447.398,
      1447.479,
      1447.509,
      1447.625,
      1447.682,
      1447.81,
      1447.816,
      1447.82,
      1447.837,
      1447.852,
      1447.923,
      1447.966,
      1447.996,
      1448.122,
      1448.264,
      1448.353,
      1448.483,
      1448.631,
      1448.787,
      1448.824,
      1448.861,
      1448.949,
      1449.055,
      1449.174,
      1449.212,
      1449.266,
      1449.331,
      1449.348,
      1449.386,
      1449.459,
      1449.498,
      1449.525,
      1449.533,
      1449.545,
      1449.592,
      1449.638,
      1449.69,
      1449.768,
      1449.831,
      1449.883,
      1449.924,
      1449.958,
      1450.114,
      1450.159,
      1450.204,
      1450.25,
      1450.287,
      1450.337,
      1450.364,
      1450.511,
      1450.573,
      1450.689,
      1451.054,
      1451.211,
      1451.352,
      1451.522,
      1451.825,
      1452.015,
      1452.211,
      1452.499,
      1452.569,
      1452.589,
      1452.631,
      1452.702,
      1452.812,
      1452.824,
      1452.866,
      1452.888,
      1453.098,
      1453.198,
      1453.478,
      1453.563,
      1453.593,
      1453.695,
      1453.744,
      1453.927,
      1454.102,
      1454.388,
      1454.441,
      1454.462,
      1454.485,
      1454.518,
      1454.538,
      1454.562,
      1454.571,
      1454.641,
      1454.696,
      1454.776,
      1455.038,
      1455.136,
      1455.193,
      1455.281,
      1455.332,
      1455.428,
      1455.567,
      1455.707,
      1455.819,
      1455.892,
      1455.965,
      1456.037,
      1456.118,
      1456.196,
      1456.37,
      1456.849,
      1456.997,
      1457.098,
      1457.188,
      1457.592,
      1457.638,
      1457.769,
      1457.861,
      1457.925,
      1458.26,
      1458.345,
      1458.423,
      1458.462,
      1458.476,
      1458.576,
      1458.874,
      1458.953,
      1459.024,
      1459.106,
      1459.323,
      1459.45,
      1459.463,
      1459.492,
      1459.512,
      1459.537,
      1459.707,
      1459.851,
      1460.094,
      1460.103,
      1460.208,
      1460.282,
      1460.646,
      1460.796,
      1460.929,
      1460.987,
      1461.434,
      1461.491,
      1461.671,
      1461.743,
      1461.859,
      1461.931,
      1461.986,
      1462.039,
      1462.072,
      1462.131,
      1462.175,
      1462.29,
      1462.342,
      1462.427,
      1462.551,
      1462.744,
      1463.08,
      1463.172,
      1463.289,
      1463.372,
      1463.46,
      1463.595,
      1463.661,
      1463.691,
      1463.791,
      1463.846,
      1463.948,
      1464.14,
      1464.36,
      1464.399,
      1464.45,
      1464.587,
      1464.605,
      1464.674,
      1464.705,
      1464.814,
      1464.937,
      1465.044,
      1465.104,
      1465.169,
      1465.238,
      1465.571,
      1465.588,
      1465.625,
      1465.679,
      1465.745,
      1465.762,
      1465.823,
      1465.84,
      1465.9,
      1466.108,
      1466.141,
      1466.157,
      1466.181,
      1466.284,
      1466.397,
      1466.433,
      1466.479,
      1466.493,
      1466.54,
      1466.571,
      1466.891,
      1466.992,
      1467.075,
      1467.373,
      1467.456,
      1467.537,
      1467.754,
      1467.911,
      1467.945,
      1468.01,
      1468.041,
      1468.062,
      1468.122,
      1468.196,
      1468.225,
      1468.301,
      1468.374,
      1468.452,
      1468.976,
      1469.053,
      1469.394,
      1469.436,
      1469.546,
      1469.607,
      1469.646,
      1469.684,
      1469.725,
      1469.766,
      1469.805,
      1469.9,
      1470.089,
      1470.133,
      1470.754,
      1470.982,
      1471.113,
      1471.147,
      1471.216,
      1471.283,
      1471.316,
      1471.412,
      1471.519,
      1471.556,
      1471.612,
      1471.647,
      1471.68,
      1471.752,
      1471.817,
      1471.845,
      1471.926,
      1472.005,
      1472.066,
      1472.093,
      1472.154,
      1472.262,
      1472.297,
      1472.333,
      1472.506,
      1472.596,
      1472.728,
      1472.782,
      1472.87,
      1472.921,
      1473.007,
      1473.13,
      1473.163,
      1473.198,
      1473.254,
      1473.306,
      1473.374,
      1473.511,
      1473.55,
      1473.607,
      1473.664,
      1473.841,
      1473.874,
      1473.928,
      1473.983,
      1474.182,
      1474.223,
      1474.23,
      1474.235,
      1474.315,
      1474.35,
      1474.484,
      1474.503,
      1474.619,
      1474.653,
      1474.751,
      1474.778,
      1474.928,
      1474.945,
      1475.089,
      1475.109,
      1475.131,
      1475.187,
      1475.193,
      1475.224,
      1475.387,
      1475.426,
      1475.441,
      1476.512,
      1476.629,
      1476.764,
      1476.918,
      1478.003,
      1478.259,
      1478.572,
      1479.186,
      1479.955,
      1480.073,
      1480.186,
      1480.314,
      1481.29,
      1481.638,
      1481.708,
      1481.787,
      1481.851,
      1481.993,
      1482.231,
      1482.281,
      1482.324,
      1482.402,
      1482.523,
      1482.729,
      1482.833,
      1483.09,
      1483.166,
      1483.215,
      1483.321,
      1483.41,
      1483.448,
      1483.51,
      1483.555,
      1483.645,
      1483.732,
      1484.548,
      1484.753,
      1484.82,
      1484.877,
      1484.988,
      1485.018,
      1485.075,
      1485.136,
      1485.196,
      1485.236,
      1485.275,
      1485.313,
      1485.489,
      1485.522,
      1485.574,
      1485.699,
      1486.048,
      1486.155,
      1486.286,
      1486.452,
      1487.133,
      1487.601,
      1487.862,
      1487.966,
      1488.342,
      1488.655,
      1488.742,
      1488.841,
      1488.986,
      1489.135,
      1489.161,
      1489.251,
      1489.322,
      1489.36,
      1489.45,
      1489.598,
      1489.626,
      1489.65,
      1489.724,
      1489.764,
      1489.845,
      1489.935,
      1489.961,
      1489.994,
      1490.069,
      1490.119,
      1490.192,
      1490.224,
      1490.341,
      1490.408,
      1490.437,
      1490.512,
      1490.559,
      1490.631,
      1490.652,
      1490.681,
      1490.719,
      1490.925,
      1490.997,
      1491.119,
      1491.211,
      1491.279,
      1491.344,
      1491.375,
      1491.524,
      1491.555,
      1491.661,
      1491.689,
      1491.716,
      1491.797,
      1491.829,
      1491.857,
      1491.94,
      1491.979,
      1492.018,
      1492.062,
      1492.343,
      1492.39,
      1492.434,
      1492.518,
      1492.851,
      1493.16,
      1493.212,
      1493.245,
      1493.449,
      1493.486,
      1493.525,
      1493.557,
      1493.595,
      1493.748,
      1493.969,
      1494.276,
      1494.436,
      1494.472,
      1494.502,
      1494.53,
      1494.585,
      1494.692,
      1494.745,
      1494.804,
      1494.995,
      1495.088,
      1495.127,
      1495.261,
      1495.295,
      1495.328,
      1495.405,
      1495.464,
      1495.53,
      1495.632,
      1495.683,
      1495.729,
      1495.823,
      1495.872,
      1496.017,
      1496.076,
      1496.255,
      1496.292,
      1496.349,
      1496.535,
      1496.634,
      1496.655,
      1496.709,
      1496.822,
      1496.928,
      1496.959,
      1497.0,
      1497.089,
      1497.117,
      1497.2,
      1497.214,
      1497.229,
      1497.274,
      1497.305,
      1497.461,
      1497.504,
      1497.535,
      1497.553,
      1497.65,
      1497.703,
      1497.727,
      1497.822,
      1497.927,
      1498.044,
      1498.231,
      1498.383,
      1498.419,
      1498.442,
      1498.482,
      1498.521,
      1499.203,
      1499.415,
      1499.552,
      1499.586,
      1499.609,
      1499.798,
      1499.841,
      1499.912,
      1499.976,
      1500.022,
      1500.099,
      1500.204,
      1500.314,
      1500.336,
      1500.364,
      1500.455,
      1500.52,
      1500.552,
      1500.579,
      1500.767,
      1500.805,
      1500.825,
      1500.904,
      1500.961,
      1500.976,
      1500.986,
      1501.1,
      1501.195,
      1501.223,
      1501.323,
      1501.364,
      1501.442,
      1501.462,
      1501.517,
      1501.569,
      1501.681,
      1501.696,
      1501.72,
      1501.731,
      1501.878,
      1501.941,
      1501.966,
      1501.971,
      1501.987,
      1502.003,
      1502.018,
      1502.081,
      1502.128,
      1502.222,
      1502.294,
      1502.427,
      1502.484,
      1502.529,
      1502.638,
      1502.668,
      1502.733,
      1502.754,
      1502.798,
      1502.866,
      1502.954,
      1503.109,
      1503.216,
      1503.272,
      1503.312,
      1503.428,
      1503.687,
      1503.694,
      1504.086,
      1504.124,
      1504.232,
      1504.389,
      1504.8,
      1504.831,
      1505.147,
      1505.421,
      1505.818,
      1505.939,
      1506.15,
      1506.303,
      1506.391,
      1506.542,
      1506.689,
      1506.862,
      1506.877,
      1508.082,
      1508.24,
      1508.391,
      1508.879,
      1509.297,
      1510.268,
      1510.743,
      1510.991,
      1511.403,
      1511.691,
      1512.051,
      1513.224,
      1513.486,
      1515.146,
      1515.575,
      1515.814,
      1516.2,
      1519.01,
      1519.028,
      1519.652,
      1519.864,
      1519.914,
      1519.999,
      1520.06,
      1520.122,
      1520.28,
      1520.807,
      1520.862,
      1520.9,
      1520.926,
      1521.314,
      1521.757,
      1522.057,
      1522.315,
      1522.938,
      1523.11,
      1523.253,
      1523.352,
      1524.503,
      1524.524,
      1524.696,
      1524.707,
      1524.849,
      1525.03,
      1525.134,
      1525.173,
      1525.208,
      1525.327,
      1525.372,
      1525.428,
      1525.638,
      1525.837,
      1525.903,
      1525.936,
      1526.033,
      1526.155,
      1526.169,
      1526.198,
      1526.219,
      1526.387,
      1526.842,
      1526.878,
      1526.908,
      1527.05,
      1527.214,
      1527.283,
      1527.298,
      1527.322,
      1527.341,
      1527.361,
      1527.911,
      1527.927,
      1527.971,
      1527.997,
      1528.022,
      1528.062,
      1528.088,
      1528.114,
      1528.141,
      1528.291,
      1528.319,
      1528.37,
      1528.427,
      1528.588,
      1528.682,
      1528.713,
      1528.729,
      1528.736,
      1528.777,
      1528.801,
      1528.85,
      1528.906,
      1528.981,
      1529.007,
      1529.081,
      1529.131,
      1529.248,
      1529.427,
      1529.521,
      1529.588,
      1529.698,
      1529.754,
      1529.917,
      1529.953,
      1530.103,
      1530.231,
      1530.277,
      1530.348,
      1530.777,
      1530.946,
      1531.264,
      1531.738,
      1531.863,
      1532.026,
      1532.075,
      1532.163,
      1532.213,
      1532.27,
      1532.381,
      1532.439,
      1532.697,
      1532.757,
      1532.807,
      1533.068,
      1533.235,
      1533.313,
      1533.328,
      1533.613,
      1533.81,
      1533.846,
      1533.903,
      1533.948,
      1533.982,
      1533.992,
      1534.09,
      1534.209,
      1534.265,
      1534.39,
      1534.533,
      1534.573,
      1534.634,
      1534.722,
      1534.823,
      1534.9,
      1534.958,
      1535.078,
      1535.19,
      1535.265,
      1535.338,
      1535.512,
      1535.655,
      1535.727,
      1535.755,
      1535.861,
      1535.981,
      1536.171,
      1536.192,
      1536.276,
      1536.442,
      1536.464,
      1536.504,
      1536.69,
      1536.722,
      1536.749,
      1536.764,
      1536.826,
      1536.984,
      1537.061,
      1537.189,
      1537.21,
      1537.229,
      1537.249,
      1537.257,
      1537.263,
      1537.282,
      1537.309,
      1537.509,
      1537.541,
      1537.605,
      1537.756,
      1538.015,
      1538.057,
      1538.108,
      1538.141,
      1538.148,
      1538.155,
      1538.229,
      1538.318,
      1538.404,
      1538.637,
      1538.674,
      1538.975,
      1539.029,
      1539.065,
      1539.257,
      1539.374,
      1539.447,
      1539.532,
      1539.584,
      1539.7,
      1539.84,
      1540.013,
      1540.048,
      1540.124,
      1540.223,
      1540.287,
      1540.318,
      1540.42,
      1540.439,
      1540.58,
      1540.639,
      1540.785,
      1540.846,
      1540.951,
      1541.002,
      1541.063,
      1541.082,
      1541.142,
      1541.242,
      1541.296,
      1541.425,
      1541.5,
      1541.553,
      1542.231,
      1542.332,
      1542.436,
      1542.578,
      1542.613,
      1542.672,
      1542.739,
      1542.802,
      1542.877,
      1542.928,
      1543.03,
      1543.055,
      1543.069,
      1543.082,
      1543.098,
      1543.156,
      1543.334,
      1543.349,
      1543.423,
      1543.477,
      1543.769,
      1543.89,
      1544.128,
      1544.225,
      1544.26,
      1544.358,
      1544.45,
      1544.518,
      1544.565,
      1544.868,
      1544.92,
      1545.029,
      1545.157,
      1545.18,
      1545.226,
      1545.265,
      1545.351,
      1545.475,
      1545.625,
      1545.701,
      1545.741,
      1546.031,
      1546.058,
      1546.093,
      1546.277,
      1546.383,
      1546.518,
      1546.641,
      1546.761,
      1546.857,
      1546.941,
      1546.966,
      1547.016,
      1547.034,
      1547.116,
      1547.125,
      1547.176,
      1547.233,
      1547.366,
      1547.406,
      1547.555,
      1547.755,
      1547.892,
      1548.056,
      1548.071,
      1548.105,
      1548.119,
      1548.241,
      1548.485,
      1548.696,
      1548.86,
      1548.975,
      1549.072,
      1549.188,
      1549.232,
      1549.289,
      1549.321,
      1549.354,
      1549.466,
      1549.496,
      1549.543,
      1549.614,
      1549.673,
      1549.705,
      1549.738,
      1549.799,
      1549.895,
      1549.926,
      1549.944,
      1549.951,
      1549.966,
      1549.994,
      1550.066,
      1550.135,
      1550.147,
      1550.174,
      1550.219,
      1550.246,
      1550.336,
      1550.405,
      1550.426,
      1550.615,
      1550.649,
      1550.69,
      1550.728,
      1550.799,
      1550.85,
      1551.226,
      1551.279,
      1551.497,
      1551.616,
      1551.757,
      1551.788,
      1551.86,
      1551.926,
      1551.971,
      1552.002,
      1552.033,
      1552.095,
      1552.145,
      1552.232,
      1552.275,
      1552.312,
      1552.368,
      1552.396,
      1552.48,
      1552.551,
      1552.614,
      1552.708,
      1552.756,
      1552.83,
      1552.879,
      1552.965,
      1553.091,
      1553.174,
      1553.249,
      1553.304,
      1553.338,
      1553.354,
      1553.384,
      1553.404,
      1553.415,
      1553.456,
      1553.469,
      1553.537,
      1553.618,
      1553.689,
      1553.775,
      1553.811,
      1553.875,
      1553.965,
      1554.018,
      1554.103,
      1554.146,
      1554.179,
      1554.286,
      1554.372,
      1554.438,
      1554.463,
      1554.546,
      1554.592,
      1554.675,
      1554.703,
      1554.762,
      1554.807,
      1554.864,
      1554.881,
      1554.93,
      1554.979,
      1555.006,
      1555.042,
      1555.078,
      1555.119,
      1555.168,
      1555.356,
      1555.413,
      1555.554,
      1555.566,
      1555.585,
      1555.597,
      1555.627,
      1555.652,
      1555.678,
      1555.779,
      1555.791,
      1555.872,
      1555.899,
      1555.924,
      1556.058,
      1556.102,
      1556.128,
      1556.209,
      1556.392,
      1557.088,
      1557.216,
      1557.986,
      1558.096,
      1558.328,
      1558.366,
      1558.404,
      1558.419,
      1558.469,
      1558.549,
      1558.611,
      1558.649,
      1558.679,
      1558.695,
      1558.705,
      1558.718,
      1558.728,
      1558.779,
      1558.799,
      1558.818,
      1558.83,
      1558.857,
      1559.079,
      1559.196,
      1559.257,
      1559.308,
      1559.386,
      1559.455,
      1559.519,
      1559.571,
      1559.793,
      1559.872,
      1559.91,
      1560.081,
      1560.272,
      1560.316,
      1560.421,
      1560.537,
      1560.679,
      1560.704,
      1560.769,
      1560.812,
      1560.895,
      1561.028,
      1561.071,
      1561.311,
      1561.621,
      1561.632,
      1561.675,
      1561.722,
      1561.812,
      1561.847,
      1561.895,
      1561.944,
      1562.217,
      1562.298,
      1562.383,
      1562.434,
      1562.493,
      1562.705,
      1563.148,
      1563.152,
      1563.186,
      1563.193,
      1563.5,
      1563.517,
      1563.572,
      1563.68,
      1563.708,
      1563.754,
      1563.768,
      1563.81,
      1563.885,
      1563.895,
      1563.947,
      1564.136,
      1564.197,
      1564.222,
      1564.318,
      1564.345,
      1564.397,
      1564.408,
      1564.443,
      1564.466,
      1564.484,
      1564.512,
      1564.52,
      1564.526,
      1564.616,
      1564.754,
      1564.779,
      1564.85,
      1564.877,
      1564.991,
      1565.014,
      1565.056,
      1565.204,
      1565.254
    ]
  },
  "geometry": {
    "type": "LineString",
    "coordinates": [
      [
        26.010604,
        69.401171
      ],
      [
        26.063218,
        69.395614
      ],
      [
        26.154478,
        69.390464
      ],
      [
        26.188552,
        69.386301
      ],
      [
        26.248484,
        69.383147
      ],
      [
        26.275778,
        69.376431
      ],
      [
        26.40918,
        69.36347
      ],
      [
        26.472051,
        69.35508
      ],
      [
        26.481707,
        69.352269
      ],
      [
        26.541746,
        69.346862
      ],
      [
        26.574533,
        69.333901
      ],
      [
        26.631653,
        69.319139
      ],
      [
        26.657531,
        69.310491
      ],
      [
        26.68577,
        69.304161
      ],
      [
        26.722462,
        69.292295
      ],
      [
        26.771386,
        69.283004
      ],
      [
        26.815116,
        69.261761
      ],
      [
        26.822004,
        69.244745
      ],
      [
        26.851294,
        69.223373
      ],
      [
        26.860414,
        69.212258
      ],
      [
        26.908264,
        69.202301
      ],
      [
        26.939785,
        69.188697
      ],
      [
        26.977508,
        69.183805
      ],
      [
        27.031538,
        69.171875
      ],
      [
        27.059433,
        69.159193
      ],
      [
        27.118399,
        69.143872
      ],
      [
        27.1979,
        69.136255
      ],
      [
        27.225087,
        69.136577
      ],
      [
        27.233112,
        69.129882
      ],
      [
        27.228777,
        69.123573
      ],
      [
        27.235644,
        69.120719
      ],
      [
        27.226653,
        69.119539
      ],
      [
        27.220709,
        69.120398
      ],
      [
        27.216203,
        69.118896
      ],
      [
        27.210646,
        69.111235
      ],
      [
        27.191827,
        69.101064
      ],
      [
        27.18451,
        69.088747
      ],
      [
        27.187257,
        69.08407
      ],
      [
        27.178566,
        69.079134
      ],
      [
        27.176013,
        69.073985
      ],
      [
        27.142389,
        69.062033
      ],
      [
        27.116811,
        69.047806
      ],
      [
        27.107542,
        69.046304
      ],
      [
        27.080612,
        69.04566
      ],
      [
        27.051408,
        69.036305
      ],
      [
        27.026839,
        69.026692
      ],
      [
        27.019587,
        69.018023
      ],
      [
        26.984653,
        69.002895
      ],
      [
        26.984568,
        68.998711
      ],
      [
        26.995811,
        68.990021
      ],
      [
        26.991756,
        68.975236
      ],
      [
        26.958261,
        68.960495
      ],
      [
        26.949334,
        68.954294
      ],
      [
        26.95575,
        68.945174
      ],
      [
        26.946952,
        68.933866
      ],
      [
        26.970663,
        68.919511
      ],
      [
        27.012355,
        68.910434
      ],
      [
        27.015888,
        68.907001
      ],
      [
        27.028277,
        68.906089
      ],
      [
        27.036389,
        68.902164
      ],
      [
        27.04682,
        68.900625
      ],
      [
        27.07529,
        68.900703
      ],
      [
        27.094545,
        68.896164
      ],
      [
        27.101599,
        68.889231
      ],
      [
        27.114745,
        68.882852
      ],
      [
        27.158932,
        68.871692
      ],
      [
        27.175935,
        68.864163
      ],
      [
        27.198172,
        68.860152
      ],
      [
        27.241184,
        68.842921
      ],
      [
        27.271727,
        68.836378
      ],
      [
        27.282366,
        68.828082
      ],
      [
        27.312428,
        68.816642
      ],
      [
        27.320566,
        68.815482
      ],
      [
        27.330056,
        68.817173
      ],
      [
        27.340071,
        68.815662
      ],
      [
        27.384198,
        68.79671
      ],
      [
        27.393667,
        68.783644
      ],
      [
        27.407635,
        68.782792
      ],
      [
        27.417815,
        68.780289
      ],
      [
        27.425934,
        68.774526
      ],
      [
        27.450226,
        68.767562
      ],
      [
        27.458796,
        68.762548
      ],
      [
        27.457073,
        68.748544
      ],
      [
        27.444846,
        68.740478
      ],
      [
        27.445343,
        68.733468
      ],
      [
        27.438266,
        68.725301
      ],
      [
        27.43903,
        68.721435
      ],
      [
        27.453865,
        68.713031
      ],
      [
        27.458883,
        68.697244
      ],
      [
        27.4996,
        68.677334
      ],
      [
        27.535394,
        68.664901
      ],
      [
        27.543663,
        68.650542
      ],
      [
        27.54468,
        68.629821
      ],
      [
        27.53737,
        68.618887
      ],
      [
        27.524385,
        68.613371
      ],
      [
        27.510685,
        68.610082
      ],
      [
        27.493141,
        68.608365
      ],
      [
        27.482695,
        68.604692
      ],
      [
        27.47774,
        68.596378
      ],
      [
        27.467625,
        68.588283
      ],
      [
        27.472134,
        68.58125
      ],
      [
        27.488366,
        68.571667
      ],
      [
        27.499136,
        68.561768
      ],
      [
        27.523714,
        68.549022
      ],
      [
        27.52784,
        68.530378
      ],
      [
        27.525979,
        68.517751
      ],
      [
        27.514527,
        68.510063
      ],
      [
        27.492934,
        68.505182
      ],
      [
        27.45904,
        68.492911
      ],
      [
        27.449407,
        68.482771
      ],
      [
        27.432403,
        68.474391
      ],
      [
        27.42897,
        68.467645
      ],
      [
        27.433155,
        68.459748
      ],
      [
        27.422094,
        68.453489
      ],
      [
        27.425124,
        68.445986
      ],
      [
        27.405083,
        68.435134
      ],
      [
        27.40996,
        68.4131
      ],
      [
        27.3996,
        68.40066
      ],
      [
        27.3982,
        68.39472
      ],
      [
        27.4014,
        68.39241
      ],
      [
        27.37974,
        68.38413
      ],
      [
        27.33969,
        68.35997
      ],
      [
        27.33274,
        68.34841
      ],
      [
        27.33643,
        68.34304
      ],
      [
        27.33516,
        68.33697
      ],
      [
        27.32114,
        68.31999
      ],
      [
        27.2967,
        68.30322
      ],
      [
        27.27907,
        68.26849
      ],
      [
        27.22932,
        68.24102
      ],
      [
        27.18819,
        68.22667
      ],
      [
        27.17581,
        68.21978
      ],
      [
        27.11528,
        68.2095
      ],
      [
        27.10296,
        68.204
      ],
      [
        27.09111,
        68.18746
      ],
      [
        27.0923,
        68.18379
      ],
      [
        27.09913,
        68.18102
      ],
      [
        27.0936,
        68.17904
      ],
      [
        27.09395,
        68.17723
      ],
      [
        27.1017,
        68.16877
      ],
      [
        27.09578,
        68.1447
      ],
      [
        27.10443,
        68.12774
      ],
      [
        27.12674,
        68.10607
      ],
      [
        27.11846,
        68.09413
      ],
      [
        27.09077,
        68.07479
      ],
      [
        27.07137,
        68.04693
      ],
      [
        27.03077,
        68.03341
      ],
      [
        26.95397,
        68.02156
      ],
      [
        26.89581,
        68.00109
      ],
      [
        26.88439,
        67.99153
      ],
      [
        26.86819,
        67.98323
      ],
      [
        26.84468,
        67.9747
      ],
      [
        26.8158,
        67.96885
      ],
      [
        26.77789,
        67.95356
      ],
      [
        26.77003,
        67.94371
      ],
      [
        26.76784,
        67.93334
      ],
      [
        26.75174,
        67.92393
      ],
      [
        26.7484,
        67.91486
      ],
      [
        26.75261,
        67.90811
      ],
      [
        26.75248,
        67.89827
      ],
      [
        26.74495,
        67.88441
      ],
      [
        26.73246,
        67.87144
      ],
      [
        26.729,
        67.85637
      ],
      [
        26.73128,
        67.84577
      ],
      [
        26.72201,
        67.84112
      ],
      [
        26.719679,
        67.837326
      ],
      [
        26.751432,
        67.826803
      ],
      [
        26.774324,
        67.810565
      ],
      [
        26.780913,
        67.8027
      ],
      [
        26.760338,
        67.764758
      ],
      [
        26.763986,
        67.752474
      ],
      [
        26.750379,
        67.71964
      ],
      [
        26.754466,
        67.706099
      ],
      [
        26.751077,
        67.694457
      ],
      [
        26.719521,
        67.657231
      ],
      [
        26.72206,
        67.64974
      ],
      [
        26.745054,
        67.621989
      ],
      [
        26.739711,
        67.598683
      ],
      [
        26.739405,
        67.567754
      ],
      [
        26.686385,
        67.539938
      ],
      [
        26.678398,
        67.531761
      ],
      [
        26.650105,
        67.524036
      ],
      [
        26.634481,
        67.515876
      ],
      [
        26.617242,
        67.512051
      ],
      [
        26.626933,
        67.502864
      ],
      [
        26.627091,
        67.495452
      ],
      [
        26.620697,
        67.487047
      ],
      [
        26.604608,
        67.481441
      ],
      [
        26.60098,
        67.473319
      ],
      [
        26.577907,
        67.448846
      ],
      [
        26.572185,
        67.436444
      ],
      [
        26.593166,
        67.416065
      ],
      [
        26.599842,
        67.415784
      ],
      [
        26.593102,
        67.415199
      ],
      [
        26.570735,
        67.407341
      ],
      [
        26.566986,
        67.397814
      ],
      [
        26.597239,
        67.384491
      ],
      [
        26.604235,
        67.374406
      ],
      [
        26.631268,
        67.348522
      ],
      [
        26.656358,
        67.336432
      ],
      [
        26.665489,
        67.326329
      ],
      [
        26.677403,
        67.318653
      ],
      [
        26.684302,
        67.299978
      ],
      [
        26.693734,
        67.289004
      ],
      [
        26.686363,
        67.276798
      ],
      [
        26.680663,
        67.266111
      ],
      [
        26.678603,
        67.249181
      ],
      [
        26.66708,
        67.23738
      ],
      [
        26.629465,
        67.209206
      ],
      [
        26.634207,
        67.20309
      ],
      [
        26.642683,
        67.202425
      ],
      [
        26.652145,
        67.194636
      ],
      [
        26.641073,
        67.193434
      ],
      [
        26.64736,
        67.151163
      ],
      [
        26.645365,
        67.113612
      ],
      [
        26.624787,
        67.093055
      ],
      [
        26.609209,
        67.087261
      ],
      [
        26.578159,
        67.083464
      ],
      [
        26.50883,
        67.058443
      ],
      [
        26.488359,
        67.052994
      ],
      [
        26.429694,
        67.026708
      ],
      [
        26.394675,
        67.019284
      ],
      [
        26.379204,
        67.009519
      ],
      [
        26.370428,
        66.999371
      ],
      [
        26.297064,
        66.967935
      ],
      [
        26.294703,
        66.957764
      ],
      [
        26.299467,
        66.950661
      ],
      [
        26.282022,
        66.939696
      ],
      [
        26.253269,
        66.929569
      ],
      [
        26.217263,
        66.927102
      ],
      [
        26.204367,
        66.922853
      ],
      [
        26.200547,
        66.896353
      ],
      [
        26.180377,
        66.881997
      ],
      [
        26.188724,
        66.866654
      ],
      [
        26.192286,
        66.842644
      ],
      [
        26.210847,
        66.82539
      ],
      [
        26.221597,
        66.796296
      ],
      [
        26.23518,
        66.784408
      ],
      [
        26.237197,
        66.760676
      ],
      [
        26.240673,
        66.754174
      ],
      [
        26.26065,
        66.744946
      ],
      [
        26.277151,
        66.732759
      ],
      [
        26.280992,
        66.726344
      ],
      [
        26.276679,
        66.718833
      ],
      [
        26.259534,
        66.707783
      ],
      [
        26.252797,
        66.699586
      ],
      [
        26.234901,
        66.692805
      ],
      [
        26.200247,
        66.671476
      ],
      [
        26.194668,
        66.650298
      ],
      [
        26.203895,
        66.636543
      ],
      [
        26.204925,
        66.624227
      ],
      [
        26.199775,
        66.622252
      ],
      [
        26.155078,
        66.614699
      ],
      [
        26.09107,
        66.60661
      ],
      [
        26.041932,
        66.587641
      ],
      [
        25.987,
        66.570475
      ],
      [
        25.945973,
        66.566248
      ],
      [
        25.93091,
        66.56245
      ],
      [
        25.910525,
        66.560475
      ],
      [
        25.897822,
        66.553202
      ],
      [
        25.88836,
        66.550562
      ],
      [
        25.873983,
        66.548417
      ],
      [
        25.869069,
        66.551764
      ],
      [
        25.855122,
        66.555412
      ],
      [
        25.843019,
        66.550518
      ],
      [
        25.829909,
        66.549361
      ],
      [
        25.818086,
        66.543417
      ],
      [
        25.821798,
        66.536314
      ],
      [
        25.805039,
        66.530176
      ],
      [
        25.807679,
        66.529255
      ],
      [
        25.803173,
        66.526959
      ],
      [
        25.792358,
        66.526765
      ],
      [
        25.784719,
        66.524749
      ],
      [
        25.779612,
        66.518912
      ],
      [
        25.785642,
        66.514512
      ],
      [
        25.780964,
        66.511273
      ],
      [
        25.74955,
        66.505244
      ],
      [
        25.74086,
        66.496317
      ],
      [
        25.75043,
        66.49312
      ],
      [
        25.751953,
        66.490803
      ],
      [
        25.755966,
        66.490629
      ],
      [
        25.745173,
        66.481791
      ],
      [
        25.745344,
        66.473873
      ],
      [
        25.705497,
        66.476791
      ],
      [
        25.693352,
        66.475094
      ],
      [
        25.678182,
        66.46677
      ],
      [
        25.658033,
        66.449839
      ],
      [
        25.627863,
        66.434518
      ],
      [
        25.620718,
        66.432781
      ],
      [
        25.593381,
        66.431687
      ],
      [
        25.583897,
        66.42143
      ],
      [
        25.576086,
        66.417953
      ],
      [
        25.562375,
        66.41643
      ],
      [
        25.536883,
        66.419585
      ],
      [
        25.54553,
        66.430142
      ],
      [
        25.542634,
        66.434605
      ],
      [
        25.540625,
        66.435658
      ],
      [
        25.539153,
        66.436501
      ],
      [
        25.53563,
        66.438289
      ],
      [
        25.533235,
        66.437695
      ],
      [
        25.525146,
        66.43394
      ],
      [
        25.489461,
        66.431279
      ],
      [
        25.457039,
        66.432395
      ],
      [
        25.43453,
        66.43085
      ],
      [
        25.427127,
        66.428854
      ],
      [
        25.40273,
        66.410185
      ],
      [
        25.405176,
        66.407675
      ],
      [
        25.401099,
        66.393321
      ],
      [
        25.388675,
        66.390574
      ],
      [
        25.380907,
        66.393063
      ],
      [
        25.379555,
        66.391947
      ],
      [
        25.377452,
        66.383729
      ],
      [
        25.372539,
        66.382205
      ],
      [
        25.37462,
        66.377442
      ],
      [
        25.37138,
        66.368773
      ],
      [
        25.375607,
        66.367636
      ],
      [
        25.341489,
        66.343818
      ],
      [
        25.36196,
        66.314871
      ],
      [
        25.349536,
        66.290903
      ],
      [
        25.32958,
        66.274316
      ],
      [
        25.332456,
        66.267707
      ],
      [
        25.342991,
        66.259316
      ],
      [
        25.346382,
        66.24404
      ],
      [
        25.322521,
        66.223247
      ],
      [
        25.302458,
        66.212175
      ],
      [
        25.272996,
        66.183743
      ],
      [
        25.256281,
        66.176062
      ],
      [
        25.243793,
        66.174216
      ],
      [
        25.211585,
        66.173829
      ],
      [
        25.156889,
        66.166878
      ],
      [
        25.130818,
        66.16544
      ],
      [
        25.106013,
        66.162071
      ],
      [
        25.082817,
        66.157005
      ],
      [
        25.053871,
        66.156063
      ],
      [
        25.027263,
        66.152457
      ],
      [
        24.998424,
        66.152716
      ],
      [
        24.982052,
        66.150977
      ],
      [
        24.929695,
        66.13645
      ],
      [
        24.859185,
        66.124691
      ],
      [
        24.783912,
        66.096239
      ],
      [
        24.769235,
        66.085122
      ],
      [
        24.78183,
        66.083
      ],
      [
        24.774857,
        66.073814
      ],
      [
        24.780543,
        66.058259
      ],
      [
        24.773891,
        66.045299
      ],
      [
        24.719903,
        66.02135
      ],
      [
        24.715655,
        66.015623
      ],
      [
        24.709754,
        66.01721
      ],
      [
        24.706085,
        66.009185
      ],
      [
        24.69291,
        65.995946
      ],
      [
        24.67452,
        65.982535
      ],
      [
        24.669006,
        65.971828
      ],
      [
        24.646475,
        65.946484
      ],
      [
        24.575987,
        65.903504
      ],
      [
        24.564378,
        65.886146
      ],
      [
        24.547749,
        65.874601
      ],
      [
        24.537964,
        65.857479
      ],
      [
        24.51936,
        65.845096
      ],
      [
        24.516656,
        65.845399
      ],
      [
        24.511335,
        65.838897
      ],
      [
        24.524231,
        65.827287
      ],
      [
        24.526806,
        65.82128
      ],
      [
        24.536762,
        65.818191
      ],
      [
        24.538844,
        65.812397
      ],
      [
        24.53992,
        65.811708
      ],
      [
        24.540712,
        65.811445
      ],
      [
        24.546267,
        65.81016
      ],
      [
        24.54611,
        65.80978
      ],
      [
        24.54614,
        65.80889
      ],
      [
        24.54561,
        65.8054
      ],
      [
        24.54524,
        65.80499
      ],
      [
        24.54532,
        65.80391
      ],
      [
        24.54522,
        65.80306
      ],
      [
        24.5449,
        65.80162
      ],
      [
        24.54466,
        65.801328
      ],
      [
        24.54458,
        65.801
      ],
      [
        24.54474,
        65.80024
      ],
      [
        24.54465,
        65.79915
      ],
      [
        24.54456,
        65.79866
      ],
      [
        24.54425,
        65.79812
      ],
      [
        24.54414,
        65.79629
      ],
      [
        24.54357,
        65.79528
      ],
      [
        24.5432,
        65.794799
      ],
      [
        24.54285,
        65.79441
      ],
      [
        24.54178,
        65.7936
      ],
      [
        24.54168,
        65.79357
      ],
      [
        24.54157,
        65.79339
      ],
      [
        24.54434,
        65.79321
      ],
      [
        24.54475,
        65.79311
      ],
      [
        24.54525,
        65.79293
      ],
      [
        24.54797,
        65.79127
      ],
      [
        24.54911,
        65.79082
      ],
      [
        24.54999,
        65.79058
      ],
      [
        24.55074,
        65.790409
      ],
      [
        24.5529,
        65.79011
      ],
      [
        24.55769,
        65.78964
      ],
      [
        24.55787,
        65.78957
      ],
      [
        24.55796,
        65.78948
      ],
      [
        24.55801,
        65.78917
      ],
      [
        24.55792,
        65.78895
      ],
      [
        24.55798,
        65.7889
      ],
      [
        24.55972,
        65.78861
      ],
      [
        24.56083,
        65.788
      ],
      [
        24.56128,
        65.7877
      ],
      [
        24.56137,
        65.78729
      ],
      [
        24.56135,
        65.78704
      ],
      [
        24.56083,
        65.786108
      ],
      [
        24.56003,
        65.784988
      ],
      [
        24.55976,
        65.784
      ],
      [
        24.5597,
        65.783339
      ],
      [
        24.56045,
        65.77736
      ],
      [
        24.5615,
        65.7757
      ],
      [
        24.56163,
        65.77527
      ],
      [
        24.56215,
        65.77466
      ],
      [
        24.56219,
        65.77454
      ],
      [
        24.56201,
        65.77387
      ],
      [
        24.5619,
        65.773759
      ],
      [
        24.5613,
        65.77343
      ],
      [
        24.56118,
        65.7733
      ],
      [
        24.56109,
        65.77305
      ],
      [
        24.5615,
        65.769459
      ],
      [
        24.56166,
        65.76902
      ],
      [
        24.56181,
        65.76724
      ],
      [
        24.56232,
        65.76311
      ],
      [
        24.56244,
        65.76133
      ],
      [
        24.56238,
        65.76038
      ],
      [
        24.56248,
        65.76013
      ],
      [
        24.56293,
        65.7595
      ],
      [
        24.56286,
        65.75931
      ],
      [
        24.56179,
        65.75824
      ],
      [
        24.56173,
        65.75799
      ],
      [
        24.5616,
        65.75792
      ],
      [
        24.56168,
        65.75767
      ],
      [
        24.56231,
        65.7573
      ],
      [
        24.56261,
        65.75659
      ],
      [
        24.5628,
        65.7564
      ],
      [
        24.56323,
        65.756159
      ],
      [
        24.56379,
        65.75593
      ],
      [
        24.56547,
        65.75548
      ],
      [
        24.56612,
        65.75516
      ],
      [
        24.56653,
        65.75484
      ],
      [
        24.56695,
        65.754
      ],
      [
        24.56721,
        65.75317
      ],
      [
        24.56734,
        65.75302
      ],
      [
        24.56851,
        65.750299
      ],
      [
        24.56863,
        65.74947
      ],
      [
        24.56892,
        65.74901
      ],
      [
        24.56916,
        65.74841
      ],
      [
        24.56925,
        65.745948
      ],
      [
        24.56913,
        65.7455
      ],
      [
        24.56885,
        65.745059
      ],
      [
        24.56861,
        65.7448
      ],
      [
        24.56759,
        65.74395
      ],
      [
        24.56636,
        65.74312
      ],
      [
        24.56589,
        65.74298
      ],
      [
        24.56575,
        65.74259
      ],
      [
        24.56531,
        65.742149
      ],
      [
        24.56478,
        65.74065
      ],
      [
        24.56461,
        65.74056
      ],
      [
        24.56466,
        65.74025
      ],
      [
        24.56497,
        65.73954
      ],
      [
        24.5656,
        65.73898
      ],
      [
        24.56618,
        65.73864
      ],
      [
        24.56621,
        65.73855
      ],
      [
        24.56646,
        65.73844
      ],
      [
        24.56672,
        65.738429
      ],
      [
        24.56737,
        65.73814
      ],
      [
        24.56845,
        65.73756
      ],
      [
        24.56862,
        65.73752
      ],
      [
        24.5715,
        65.73622
      ],
      [
        24.57163,
        65.73612
      ],
      [
        24.57367,
        65.73524
      ],
      [
        24.57422,
        65.734939
      ],
      [
        24.57659,
        65.73299
      ],
      [
        24.57657,
        65.73254
      ],
      [
        24.57624,
        65.732338
      ],
      [
        24.57602,
        65.73228
      ],
      [
        24.57637,
        65.73204
      ],
      [
        24.57748,
        65.73157
      ],
      [
        24.57561,
        65.73123
      ],
      [
        24.57527,
        65.73124
      ],
      [
        24.57429,
        65.73108
      ],
      [
        24.57415,
        65.73102
      ],
      [
        24.57411,
        65.73093
      ],
      [
        24.57417,
        65.73052
      ],
      [
        24.593954,
        65.722198
      ],
      [
        24.60055,
        65.723513
      ],
      [
        24.632444,
        65.715361
      ],
      [
        24.684633,
        65.695306
      ],
      [
        24.687596,
        65.69358
      ],
      [
        24.685509,
        65.691872
      ],
      [
        24.714796,
        65.68594
      ],
      [
        24.734202,
        65.679111
      ],
      [
        24.760122,
        65.676471
      ],
      [
        24.760853,
        65.677809
      ],
      [
        24.810086,
        65.67824
      ],
      [
        24.81475,
        65.676863
      ],
      [
        24.838729,
        65.675758
      ],
      [
        24.854932,
        65.678999
      ],
      [
        24.918708,
        65.674797
      ],
      [
        24.93338,
        65.675009
      ],
      [
        24.936185,
        65.67164
      ],
      [
        24.918087,
        65.667595
      ],
      [
        24.918292,
        65.661559
      ],
      [
        24.909325,
        65.655778
      ],
      [
        24.918941,
        65.653678
      ],
      [
        24.936856,
        65.653864
      ],
      [
        24.941649,
        65.65508
      ],
      [
        24.958792,
        65.654435
      ],
      [
        24.965145,
        65.65169
      ],
      [
        24.973893,
        65.641934
      ],
      [
        24.985323,
        65.641206
      ],
      [
        25.008828,
        65.646294
      ],
      [
        25.017074,
        65.645483
      ],
      [
        25.062716,
        65.660123
      ],
      [
        25.076433,
        65.658395
      ],
      [
        25.068395,
        65.650486
      ],
      [
        25.072285,
        65.645706
      ],
      [
        25.071904,
        65.634136
      ],
      [
        25.057229,
        65.622198
      ],
      [
        25.066117,
        65.619056
      ],
      [
        25.073283,
        65.619926
      ],
      [
        25.083647,
        65.618578
      ],
      [
        25.08214,
        65.612599
      ],
      [
        25.086422,
        65.609652
      ],
      [
        25.096246,
        65.608836
      ],
      [
        25.108919,
        65.605411
      ],
      [
        25.133526,
        65.607716
      ],
      [
        25.177971,
        65.607102
      ],
      [
        25.185069,
        65.60937
      ],
      [
        25.207253,
        65.604387
      ],
      [
        25.188841,
        65.595826
      ],
      [
        25.19062,
        65.590368
      ],
      [
        25.185248,
        65.585339
      ],
      [
        25.18734,
        65.578209
      ],
      [
        25.190244,
        65.575855
      ],
      [
        25.209545,
        65.573097
      ],
      [
        25.213224,
        65.569717
      ],
      [
        25.218004,
        65.571291
      ],
      [
        25.234639,
        65.562788
      ],
      [
        25.245122,
        65.542731
      ],
      [
        25.242218,
        65.536156
      ],
      [
        25.256204,
        65.52843
      ],
      [
        25.262325,
        65.522391
      ],
      [
        25.266123,
        65.522403
      ],
      [
        25.269101,
        65.519378
      ],
      [
        25.276979,
        65.518339
      ],
      [
        25.284828,
        65.514595
      ],
      [
        25.300384,
        65.502157
      ],
      [
        25.337615,
        65.486661
      ],
      [
        25.351174,
        65.476657
      ],
      [
        25.372649,
        65.466212
      ],
      [
        25.379827,
        65.459576
      ],
      [
        25.379573,
        65.45144
      ],
      [
        25.374033,
        65.452245
      ],
      [
        25.370057,
        65.450867
      ],
      [
        25.361329,
        65.446158
      ],
      [
        25.360674,
        65.443133
      ],
      [
        25.371929,
        65.431
      ],
      [
        25.384381,
        65.427234
      ],
      [
        25.386507,
        65.419011
      ],
      [
        25.381082,
        65.417814
      ],
      [
        25.367022,
        65.408778
      ],
      [
        25.348332,
        65.407376
      ],
      [
        25.342942,
        65.402952
      ],
      [
        25.344533,
        65.399587
      ],
      [
        25.327177,
        65.395098
      ],
      [
        25.319831,
        65.374202
      ],
      [
        25.349107,
        65.366727
      ],
      [
        25.349192,
        65.352839
      ],
      [
        25.368171,
        65.343632
      ],
      [
        25.368785,
        65.336883
      ],
      [
        25.375296,
        65.333579
      ],
      [
        25.380583,
        65.323933
      ],
      [
        25.37335,
        65.3156
      ],
      [
        25.372285,
        65.288148
      ],
      [
        25.352414,
        65.248997
      ],
      [
        25.369003,
        65.220349
      ],
      [
        25.36853,
        65.211527
      ],
      [
        25.362151,
        65.201159
      ],
      [
        25.366373,
        65.189446
      ],
      [
        25.352602,
        65.175236
      ],
      [
        25.347595,
        65.16409
      ],
      [
        25.358338,
        65.128806
      ],
      [
        25.362621,
        65.123588
      ],
      [
        25.376142,
        65.118606
      ],
      [
        25.402895,
        65.099665
      ],
      [
        25.411183,
        65.065346
      ],
      [
        25.427563,
        65.056557
      ],
      [
        25.435803,
        65.049203
      ],
      [
        25.438974,
        65.04145
      ],
      [
        25.447349,
        65.033371
      ],
      [
        25.444641,
        65.031287
      ],
      [
        25.44723,
        65.028504
      ],
      [
        25.461449,
        65.023289
      ],
      [
        25.460957,
        65.01921
      ],
      [
        25.466346,
        65.016667
      ],
      [
        25.46595,
        65.01584
      ],
      [
        25.46583,
        65.0158
      ],
      [
        25.46441,
        65.01486
      ],
      [
        25.46414,
        65.01461
      ],
      [
        25.46283,
        65.01376
      ],
      [
        25.469248,
        65.011016
      ],
      [
        25.48753,
        65.006316
      ],
      [
        25.515275,
        65.005052
      ],
      [
        25.529072,
        64.996145
      ],
      [
        25.563576,
        64.984646
      ],
      [
        25.563533,
        64.983014
      ],
      [
        25.601771,
        64.973209
      ],
      [
        25.62516,
        64.969604
      ],
      [
        25.635931,
        64.963359
      ],
      [
        25.662947,
        64.955698
      ],
      [
        25.674972,
        64.949881
      ],
      [
        25.689211,
        64.943231
      ],
      [
        25.711484,
        64.935529
      ],
      [
        25.743456,
        64.928877
      ],
      [
        25.76427,
        64.913471
      ],
      [
        25.788646,
        64.906132
      ],
      [
        25.793924,
        64.906991
      ],
      [
        25.804825,
        64.90347
      ],
      [
        25.798109,
        64.900768
      ],
      [
        25.810168,
        64.891412
      ],
      [
        25.844543,
        64.882829
      ],
      [
        25.865378,
        64.87047
      ],
      [
        25.887351,
        64.862423
      ],
      [
        25.904195,
        64.841223
      ],
      [
        25.918143,
        64.831781
      ],
      [
        25.938098,
        64.823927
      ],
      [
        25.954149,
        64.821718
      ],
      [
        25.992472,
        64.805946
      ],
      [
        26.007321,
        64.804745
      ],
      [
        26.02762,
        64.805882
      ],
      [
        26.055493,
        64.795046
      ],
      [
        26.080706,
        64.792384
      ],
      [
        26.124673,
        64.791055
      ],
      [
        26.147096,
        64.786654
      ],
      [
        26.170678,
        64.787321
      ],
      [
        26.20162,
        64.783759
      ],
      [
        26.232219,
        64.786613
      ],
      [
        26.246274,
        64.786075
      ],
      [
        26.274319,
        64.779574
      ],
      [
        26.298244,
        64.77715
      ],
      [
        26.315989,
        64.773073
      ],
      [
        26.333177,
        64.773932
      ],
      [
        26.347833,
        64.778867
      ],
      [
        26.357574,
        64.780347
      ],
      [
        26.382916,
        64.78009
      ],
      [
        26.395597,
        64.777236
      ],
      [
        26.403151,
        64.77144
      ],
      [
        26.410875,
        64.770303
      ],
      [
        26.420982,
        64.76213
      ],
      [
        26.42051,
        64.759919
      ],
      [
        26.429265,
        64.752708
      ],
      [
        26.425595,
        64.751487
      ],
      [
        26.430037,
        64.748588
      ],
      [
        26.461344,
        64.73887
      ],
      [
        26.515911,
        64.717562
      ],
      [
        26.522176,
        64.704087
      ],
      [
        26.538119,
        64.693358
      ],
      [
        26.53533,
        64.679582
      ],
      [
        26.542068,
        64.666922
      ],
      [
        26.564512,
        64.650099
      ],
      [
        26.587837,
        64.640207
      ],
      [
        26.596506,
        64.622355
      ],
      [
        26.616118,
        64.612978
      ],
      [
        26.66517,
        64.60109
      ],
      [
        26.701863,
        64.585984
      ],
      [
        26.713471,
        64.586304
      ],
      [
        26.77454,
        64.595338
      ],
      [
        26.776707,
        64.596691
      ],
      [
        26.82003,
        64.589932
      ],
      [
        26.829922,
        64.581242
      ],
      [
        26.864126,
        64.569912
      ],
      [
        26.879275,
        64.567015
      ],
      [
        26.918006,
        64.563796
      ],
      [
        26.947832,
        64.564032
      ],
      [
        26.962702,
        64.557102
      ],
      [
        26.970792,
        64.555278
      ],
      [
        26.98961,
        64.55502
      ],
      [
        27.007635,
        64.557939
      ],
      [
        27.020895,
        64.558046
      ],
      [
        27.061687,
        64.551244
      ],
      [
        27.061815,
        64.552231
      ],
      [
        27.070634,
        64.551952
      ],
      [
        27.078981,
        64.548304
      ],
      [
        27.091019,
        64.546716
      ],
      [
        27.11385,
        64.550084
      ],
      [
        27.147152,
        64.552015
      ],
      [
        27.157667,
        64.551244
      ],
      [
        27.198007,
        64.537575
      ],
      [
        27.257659,
        64.532082
      ],
      [
        27.265964,
        64.530044
      ],
      [
        27.279096,
        64.51777
      ],
      [
        27.323685,
        64.488394
      ],
      [
        27.342718,
        64.484296
      ],
      [
        27.362523,
        64.484317
      ],
      [
        27.458203,
        64.472344
      ],
      [
        27.480583,
        64.465091
      ],
      [
        27.51071,
        64.448848
      ],
      [
        27.551973,
        64.441488
      ],
      [
        27.586949,
        64.426339
      ],
      [
        27.611926,
        64.427605
      ],
      [
        27.652481,
        64.422861
      ],
      [
        27.685118,
        64.422262
      ],
      [
        27.728591,
        64.416275
      ],
      [
        27.805109,
        64.400031
      ],
      [
        27.820451,
        64.400997
      ],
      [
        27.819958,
        64.402049
      ],
      [
        27.835236,
        64.403851
      ],
      [
        27.838326,
        64.402992
      ],
      [
        27.858646,
        64.404495
      ],
      [
        27.8771,
        64.400375
      ],
      [
        27.90272,
        64.398379
      ],
      [
        27.9092,
        64.394968
      ],
      [
        27.911646,
        64.397712
      ],
      [
        27.97735,
        64.392521
      ],
      [
        28.019192,
        64.381342
      ],
      [
        28.029513,
        64.373424
      ],
      [
        28.043633,
        64.367416
      ],
      [
        28.048675,
        64.361729
      ],
      [
        28.061142,
        64.324799
      ],
      [
        28.044941,
        64.318922
      ],
      [
        28.010695,
        64.301154
      ],
      [
        27.98943,
        64.29508
      ],
      [
        27.897356,
        64.28004
      ],
      [
        27.866392,
        64.27356
      ],
      [
        27.821052,
        64.257295
      ],
      [
        27.768137,
        64.247961
      ],
      [
        27.750757,
        64.239292
      ],
      [
        27.743418,
        64.228284
      ],
      [
        27.73387,
        64.224722
      ],
      [
        27.72651,
        64.228218
      ],
      [
        27.700481,
        64.221933
      ],
      [
        27.687006,
        64.220558
      ],
      [
        27.660592,
        64.229658
      ],
      [
        27.564161,
        64.184146
      ],
      [
        27.557273,
        64.187557
      ],
      [
        27.550771,
        64.188008
      ],
      [
        27.546866,
        64.185238
      ],
      [
        27.537189,
        64.18376
      ],
      [
        27.543089,
        64.178717
      ],
      [
        27.541008,
        64.175863
      ],
      [
        27.543733,
        64.170863
      ],
      [
        27.572604,
        64.178157
      ],
      [
        27.529056,
        64.166443
      ],
      [
        27.493844,
        64.13769
      ],
      [
        27.449899,
        64.117476
      ],
      [
        27.448096,
        64.106854
      ],
      [
        27.452774,
        64.091297
      ],
      [
        27.455864,
        64.057953
      ],
      [
        27.443848,
        64.022548
      ],
      [
        27.417734,
        64.001048
      ],
      [
        27.397113,
        63.992014
      ],
      [
        27.37808,
        63.972402
      ],
      [
        27.373424,
        63.945816
      ],
      [
        27.382865,
        63.919508
      ],
      [
        27.408807,
        63.900368
      ],
      [
        27.410932,
        63.895175
      ],
      [
        27.431424,
        63.882816
      ],
      [
        27.432711,
        63.878782
      ],
      [
        27.441273,
        63.880284
      ],
      [
        27.439792,
        63.849235
      ],
      [
        27.421017,
        63.832347
      ],
      [
        27.414665,
        63.769691
      ],
      [
        27.40943,
        63.76394
      ],
      [
        27.392972,
        63.756344
      ],
      [
        27.385011,
        63.749521
      ],
      [
        27.373853,
        63.727655
      ],
      [
        27.359068,
        63.710232
      ],
      [
        27.353704,
        63.69534
      ],
      [
        27.336152,
        63.683281
      ],
      [
        27.295082,
        63.670492
      ],
      [
        27.229636,
        63.637898
      ],
      [
        27.225688,
        63.633671
      ],
      [
        27.22425,
        63.621268
      ],
      [
        27.215302,
        63.60451
      ],
      [
        27.217426,
        63.597386
      ],
      [
        27.238262,
        63.575993
      ],
      [
        27.254419,
        63.563268
      ],
      [
        27.255814,
        63.554235
      ],
      [
        27.24839,
        63.542497
      ],
      [
        27.245622,
        63.528764
      ],
      [
        27.256351,
        63.517628
      ],
      [
        27.258368,
        63.506405
      ],
      [
        27.271907,
        63.494067
      ],
      [
        27.288601,
        63.486557
      ],
      [
        27.31051,
        63.463254
      ],
      [
        27.317612,
        63.45392
      ],
      [
        27.334692,
        63.417614
      ],
      [
        27.341044,
        63.414052
      ],
      [
        27.366793,
        63.407421
      ],
      [
        27.372522,
        63.404589
      ],
      [
        27.381728,
        63.388882
      ],
      [
        27.405567,
        63.368003
      ],
      [
        27.414622,
        63.353562
      ],
      [
        27.446616,
        63.354528
      ],
      [
        27.463846,
        63.357425
      ],
      [
        27.473524,
        63.357575
      ],
      [
        27.489145,
        63.356137
      ],
      [
        27.500453,
        63.35161
      ],
      [
        27.522104,
        63.350837
      ],
      [
        27.532403,
        63.354378
      ],
      [
        27.540729,
        63.354957
      ],
      [
        27.553496,
        63.363948
      ],
      [
        27.572229,
        63.370664
      ],
      [
        27.603965,
        63.374162
      ],
      [
        27.622182,
        63.369269
      ],
      [
        27.643833,
        63.370192
      ],
      [
        27.673445,
        63.369119
      ],
      [
        27.688293,
        63.364248
      ],
      [
        27.711146,
        63.359978
      ],
      [
        27.731938,
        63.360193
      ],
      [
        27.741036,
        63.357403
      ],
      [
        27.756143,
        63.359163
      ],
      [
        27.759962,
        63.354893
      ],
      [
        27.76876,
        63.352125
      ],
      [
        27.764361,
        63.346782
      ],
      [
        27.746401,
        63.337426
      ],
      [
        27.741573,
        63.324165
      ],
      [
        27.727947,
        63.303459
      ],
      [
        27.718592,
        63.298502
      ],
      [
        27.69604,
        63.295927
      ],
      [
        27.680762,
        63.288267
      ],
      [
        27.672458,
        63.279233
      ],
      [
        27.681985,
        63.262217
      ],
      [
        27.679195,
        63.25299
      ],
      [
        27.693915,
        63.243184
      ],
      [
        27.692327,
        63.229086
      ],
      [
        27.699687,
        63.216233
      ],
      [
        27.689602,
        63.209131
      ],
      [
        27.677093,
        63.206341
      ],
      [
        27.671878,
        63.201492
      ],
      [
        27.674367,
        63.193123
      ],
      [
        27.661858,
        63.174326
      ],
      [
        27.687693,
        63.148878
      ],
      [
        27.680805,
        63.141775
      ],
      [
        27.667737,
        63.136089
      ],
      [
        27.655056,
        63.121948
      ],
      [
        27.641838,
        63.114846
      ],
      [
        27.649047,
        63.098838
      ],
      [
        27.642653,
        63.088431
      ],
      [
        27.651772,
        63.087745
      ],
      [
        27.64746,
        63.083539
      ],
      [
        27.651601,
        63.076329
      ],
      [
        27.672372,
        63.06251
      ],
      [
        27.694988,
        63.052962
      ],
      [
        27.703872,
        63.046675
      ],
      [
        27.730973,
        63.036611
      ],
      [
        27.735822,
        63.031182
      ],
      [
        27.736723,
        63.023329
      ],
      [
        27.722883,
        63.010926
      ],
      [
        27.711253,
        62.991335
      ],
      [
        27.705567,
        62.988696
      ],
      [
        27.707841,
        62.986615
      ],
      [
        27.7034,
        62.981486
      ],
      [
        27.703679,
        62.969427
      ],
      [
        27.692864,
        62.961681
      ],
      [
        27.689538,
        62.961402
      ],
      [
        27.684903,
        62.954857
      ],
      [
        27.672007,
        62.948699
      ],
      [
        27.675269,
        62.947927
      ],
      [
        27.678487,
        62.950459
      ],
      [
        27.668874,
        62.941875
      ],
      [
        27.668595,
        62.934322
      ],
      [
        27.684216,
        62.928185
      ],
      [
        27.671814,
        62.916791
      ],
      [
        27.678745,
        62.903917
      ],
      [
        27.660098,
        62.900977
      ],
      [
        27.640357,
        62.893488
      ],
      [
        27.629414,
        62.887287
      ],
      [
        27.616882,
        62.871237
      ],
      [
        27.610188,
        62.866967
      ],
      [
        27.612655,
        62.86289
      ],
      [
        27.627332,
        62.861109
      ],
      [
        27.623792,
        62.85583
      ],
      [
        27.626839,
        62.849329
      ],
      [
        27.611539,
        62.839243
      ],
      [
        27.602506,
        62.841346
      ],
      [
        27.594845,
        62.839823
      ],
      [
        27.563345,
        62.838664
      ],
      [
        27.556887,
        62.840724
      ],
      [
        27.546501,
        62.848299
      ],
      [
        27.538583,
        62.849843
      ],
      [
        27.514529,
        62.842569
      ],
      [
        27.504122,
        62.841046
      ],
      [
        27.456958,
        62.84596
      ],
      [
        27.417884,
        62.84435
      ],
      [
        27.38898,
        62.847483
      ],
      [
        27.338727,
        62.842784
      ],
      [
        27.318814,
        62.842913
      ],
      [
        27.30315,
        62.84523
      ],
      [
        27.267766,
        62.854307
      ],
      [
        27.240837,
        62.857804
      ],
      [
        27.206633,
        62.85862
      ],
      [
        27.17597,
        62.86716
      ],
      [
        27.129922,
        62.865894
      ],
      [
        27.110932,
        62.869027
      ],
      [
        27.078767,
        62.880399
      ],
      [
        27.055914,
        62.883575
      ],
      [
        27.041709,
        62.866795
      ],
      [
        27.043319,
        62.862096
      ],
      [
        27.055078,
        62.853899
      ],
      [
        27.056365,
        62.84214
      ],
      [
        27.03789,
        62.812572
      ],
      [
        27.055635,
        62.794805
      ],
      [
        27.049971,
        62.784827
      ],
      [
        27.037804,
        62.773175
      ],
      [
        27.032311,
        62.77118
      ],
      [
        27.023234,
        62.763734
      ],
      [
        27.009459,
        62.725432
      ],
      [
        27.037482,
        62.698224
      ],
      [
        27.058511,
        62.687645
      ],
      [
        27.068102,
        62.675757
      ],
      [
        27.089903,
        62.661188
      ],
      [
        27.094173,
        62.649944
      ],
      [
        27.084346,
        62.650437
      ],
      [
        27.075934,
        62.647648
      ],
      [
        27.087071,
        62.64164
      ],
      [
        27.087264,
        62.637906
      ],
      [
        27.098336,
        62.630396
      ],
      [
        27.085741,
        62.625525
      ],
      [
        27.073295,
        62.615118
      ],
      [
        27.069733,
        62.593575
      ],
      [
        27.051194,
        62.586687
      ],
      [
        27.041409,
        62.590034
      ],
      [
        26.995962,
        62.596192
      ],
      [
        26.942618,
        62.613187
      ],
      [
        26.916311,
        62.616255
      ],
      [
        26.896119,
        62.616298
      ],
      [
        26.878846,
        62.620654
      ],
      [
        26.862023,
        62.620461
      ],
      [
        26.853418,
        62.617736
      ],
      [
        26.846874,
        62.617564
      ],
      [
        26.826854,
        62.624474
      ],
      [
        26.813164,
        62.626748
      ],
      [
        26.755271,
        62.631962
      ],
      [
        26.736603,
        62.635975
      ],
      [
        26.709459,
        62.635825
      ],
      [
        26.69888,
        62.639322
      ],
      [
        26.677444,
        62.654471
      ],
      [
        26.637447,
        62.669942
      ],
      [
        26.602771,
        62.672174
      ],
      [
        26.573739,
        62.665994
      ],
      [
        26.57372,
        62.66603
      ],
      [
        26.57256,
        62.6659
      ],
      [
        26.57053,
        62.66585
      ],
      [
        26.56207,
        62.66587
      ],
      [
        26.56097,
        62.6659
      ],
      [
        26.55626,
        62.66622
      ],
      [
        26.55251,
        62.66632
      ],
      [
        26.5506,
        62.66653
      ],
      [
        26.54948,
        62.66676
      ],
      [
        26.54831,
        62.66708
      ],
      [
        26.54037,
        62.66953
      ],
      [
        26.53903,
        62.66989
      ],
      [
        26.53789,
        62.67011
      ],
      [
        26.53584,
        62.67034
      ],
      [
        26.5329,
        62.6704
      ],
      [
        26.53117,
        62.67052
      ],
      [
        26.52957,
        62.67078
      ],
      [
        26.5286,
        62.67104
      ],
      [
        26.52801,
        62.67125
      ],
      [
        26.52689,
        62.67179
      ],
      [
        26.52641,
        62.6721
      ],
      [
        26.52591,
        62.6725
      ],
      [
        26.52245,
        62.67632
      ],
      [
        26.52051,
        62.67808
      ],
      [
        26.51971,
        62.67863
      ],
      [
        26.51758,
        62.67976
      ],
      [
        26.50967,
        62.68344
      ],
      [
        26.50634,
        62.68485
      ],
      [
        26.5055,
        62.68516
      ],
      [
        26.50424,
        62.68553
      ],
      [
        26.49456,
        62.68799
      ],
      [
        26.49229,
        62.6887
      ],
      [
        26.49,
        62.68959
      ],
      [
        26.48856,
        62.69025
      ],
      [
        26.487,
        62.69109
      ],
      [
        26.48511,
        62.69236
      ],
      [
        26.48428,
        62.69304
      ],
      [
        26.48098,
        62.69595
      ],
      [
        26.47822,
        62.69813
      ],
      [
        26.47722,
        62.69879
      ],
      [
        26.47057,
        62.70169
      ],
      [
        26.46911,
        62.70227
      ],
      [
        26.46723,
        62.70278
      ],
      [
        26.465,
        62.70319
      ],
      [
        26.46292,
        62.70337
      ],
      [
        26.46054,
        62.70333
      ],
      [
        26.45931,
        62.70321
      ],
      [
        26.45853,
        62.70308
      ],
      [
        26.45431,
        62.7022
      ],
      [
        26.45157,
        62.70147
      ],
      [
        26.44298,
        62.69886
      ],
      [
        26.43939,
        62.69809
      ],
      [
        26.43331,
        62.6961
      ],
      [
        26.43199,
        62.69573
      ],
      [
        26.42929,
        62.69516
      ],
      [
        26.417,
        62.69225
      ],
      [
        26.41092,
        62.69079
      ],
      [
        26.40333,
        62.68889
      ],
      [
        26.39479,
        62.68693
      ],
      [
        26.38053,
        62.68384
      ],
      [
        26.37575,
        62.68274
      ],
      [
        26.37408,
        62.68228
      ],
      [
        26.37247,
        62.68166
      ],
      [
        26.36737,
        62.67926
      ],
      [
        26.36481,
        62.67813
      ],
      [
        26.36296,
        62.67726
      ],
      [
        26.36086,
        62.6762
      ],
      [
        26.35851,
        62.67513
      ],
      [
        26.35662,
        62.67436
      ],
      [
        26.3519,
        62.67225
      ],
      [
        26.35109,
        62.67192
      ],
      [
        26.34674,
        62.67039
      ],
      [
        26.34211,
        62.6684
      ],
      [
        26.3401,
        62.66719
      ],
      [
        26.33898,
        62.66629
      ],
      [
        26.3363,
        62.66432
      ],
      [
        26.33549,
        62.66357
      ],
      [
        26.33511,
        62.66299
      ],
      [
        26.3349,
        62.66244
      ],
      [
        26.33493,
        62.66194
      ],
      [
        26.33508,
        62.66142
      ],
      [
        26.33539,
        62.66096
      ],
      [
        26.33599,
        62.6604
      ],
      [
        26.33732,
        62.65942
      ],
      [
        26.33784,
        62.65895
      ],
      [
        26.33828,
        62.65839
      ],
      [
        26.33856,
        62.65774
      ],
      [
        26.33856,
        62.65722
      ],
      [
        26.33839,
        62.65654
      ],
      [
        26.33792,
        62.65562
      ],
      [
        26.33669,
        62.65356
      ],
      [
        26.33647,
        62.65305
      ],
      [
        26.33633,
        62.65222
      ],
      [
        26.3363,
        62.64937
      ],
      [
        26.33613,
        62.64859
      ],
      [
        26.33581,
        62.64763
      ],
      [
        26.33499,
        62.64644
      ],
      [
        26.33394,
        62.64534
      ],
      [
        26.33205,
        62.64379
      ],
      [
        26.33061,
        62.64228
      ],
      [
        26.32976,
        62.64099
      ],
      [
        26.3291,
        62.63925
      ],
      [
        26.32862,
        62.6377
      ],
      [
        26.32737,
        62.63498
      ],
      [
        26.32626,
        62.63341
      ],
      [
        26.32556,
        62.63253
      ],
      [
        26.32543,
        62.63241
      ],
      [
        26.32528,
        62.63246
      ],
      [
        26.32376,
        62.63134
      ],
      [
        26.32319,
        62.6311
      ],
      [
        26.32213,
        62.63048
      ],
      [
        26.32094,
        62.63001
      ],
      [
        26.31967,
        62.6296
      ],
      [
        26.31722,
        62.62899
      ],
      [
        26.3079,
        62.62731
      ],
      [
        26.30471,
        62.62679
      ],
      [
        26.30312,
        62.62666
      ],
      [
        26.30041,
        62.62659
      ],
      [
        26.29955,
        62.62661
      ],
      [
        26.29782,
        62.62678
      ],
      [
        26.295,
        62.62755
      ],
      [
        26.29394,
        62.62777
      ],
      [
        26.29161,
        62.62807
      ],
      [
        26.29054,
        62.62814
      ],
      [
        26.28764,
        62.62821
      ],
      [
        26.28723,
        62.62817
      ],
      [
        26.28544,
        62.62819
      ],
      [
        26.28438,
        62.62811
      ],
      [
        26.28374,
        62.628
      ],
      [
        26.28046,
        62.62699
      ],
      [
        26.27897,
        62.62668
      ],
      [
        26.27582,
        62.62613
      ],
      [
        26.27558,
        62.62604
      ],
      [
        26.27393,
        62.62568
      ],
      [
        26.27279,
        62.62535
      ],
      [
        26.27159,
        62.62491
      ],
      [
        26.27051,
        62.62439
      ],
      [
        26.26973,
        62.6239
      ],
      [
        26.2688,
        62.62314
      ],
      [
        26.26826,
        62.62259
      ],
      [
        26.26763,
        62.6216
      ],
      [
        26.26735,
        62.62139
      ],
      [
        26.26774,
        62.62136
      ],
      [
        26.26648,
        62.61867
      ],
      [
        26.26591,
        62.61783
      ],
      [
        26.26505,
        62.61699
      ],
      [
        26.2644,
        62.61645
      ],
      [
        26.26282,
        62.61552
      ],
      [
        26.26157,
        62.61492
      ],
      [
        26.25979,
        62.6143
      ],
      [
        26.257,
        62.61363
      ],
      [
        26.25515,
        62.61337
      ],
      [
        26.24947,
        62.61287
      ],
      [
        26.24514,
        62.61216
      ],
      [
        26.2427,
        62.61165
      ],
      [
        26.23742,
        62.61034
      ],
      [
        26.23552,
        62.60975
      ],
      [
        26.23423,
        62.60929
      ],
      [
        26.23187,
        62.60835
      ],
      [
        26.2287,
        62.60674
      ],
      [
        26.22551,
        62.60504
      ],
      [
        26.2228,
        62.60367
      ],
      [
        26.22105,
        62.60285
      ],
      [
        26.21713,
        62.60119
      ],
      [
        26.21476,
        62.60026
      ],
      [
        26.20975,
        62.59847
      ],
      [
        26.20674,
        62.59752
      ],
      [
        26.20364,
        62.59661
      ],
      [
        26.19797,
        62.59514
      ],
      [
        26.19465,
        62.59415
      ],
      [
        26.1924,
        62.59317
      ],
      [
        26.19156,
        62.59269
      ],
      [
        26.19127,
        62.59282
      ],
      [
        26.19114,
        62.59265
      ],
      [
        26.19027,
        62.59226
      ],
      [
        26.18871,
        62.59111
      ],
      [
        26.18825,
        62.59047
      ],
      [
        26.18758,
        62.58994
      ],
      [
        26.18714,
        62.58936
      ],
      [
        26.18616,
        62.58841
      ],
      [
        26.18577,
        62.58825
      ],
      [
        26.18609,
        62.58812
      ],
      [
        26.1849,
        62.5872
      ],
      [
        26.1823,
        62.58572
      ],
      [
        26.18054,
        62.58499
      ],
      [
        26.1781,
        62.58418
      ],
      [
        26.17577,
        62.58358
      ],
      [
        26.1743,
        62.58328
      ],
      [
        26.17209,
        62.58294
      ],
      [
        26.16976,
        62.58266
      ],
      [
        26.16565,
        62.58247
      ],
      [
        26.16437,
        62.58248
      ],
      [
        26.16126,
        62.58265
      ],
      [
        26.15913,
        62.58285
      ],
      [
        26.1568,
        62.58321
      ],
      [
        26.14574,
        62.58547
      ],
      [
        26.14306,
        62.58596
      ],
      [
        26.14163,
        62.58617
      ],
      [
        26.13922,
        62.58633
      ],
      [
        26.13755,
        62.58633
      ],
      [
        26.13555,
        62.58622
      ],
      [
        26.1327,
        62.58574
      ],
      [
        26.1318,
        62.58551
      ],
      [
        26.1309,
        62.58527
      ],
      [
        26.12896,
        62.58453
      ],
      [
        26.12736,
        62.58361
      ],
      [
        26.12416,
        62.5814
      ],
      [
        26.12227,
        62.58049
      ],
      [
        26.12012,
        62.57979
      ],
      [
        26.11886,
        62.57948
      ],
      [
        26.11744,
        62.57923
      ],
      [
        26.11534,
        62.57898
      ],
      [
        26.11342,
        62.57893
      ],
      [
        26.11152,
        62.57902
      ],
      [
        26.10925,
        62.57925
      ],
      [
        26.10555,
        62.5798
      ],
      [
        26.10324,
        62.58
      ],
      [
        26.10197,
        62.58001
      ],
      [
        26.09976,
        62.57989
      ],
      [
        26.09828,
        62.57965
      ],
      [
        26.0958,
        62.57899
      ],
      [
        26.08897,
        62.5769
      ],
      [
        26.08501,
        62.57554
      ],
      [
        26.07683,
        62.57252
      ],
      [
        26.0737,
        62.57145
      ],
      [
        26.06484,
        62.56886
      ],
      [
        26.06587,
        62.56799
      ],
      [
        26.06616,
        62.56751
      ],
      [
        26.0662,
        62.56728
      ],
      [
        26.06538,
        62.5605
      ],
      [
        26.06502,
        62.55976
      ],
      [
        26.06341,
        62.55803
      ],
      [
        26.06265,
        62.55712
      ],
      [
        26.06178,
        62.55565
      ],
      [
        26.06115,
        62.55491
      ],
      [
        26.0609,
        62.55428
      ],
      [
        26.06089,
        62.55391
      ],
      [
        26.06134,
        62.55295
      ],
      [
        26.06149,
        62.5524
      ],
      [
        26.06151,
        62.55194
      ],
      [
        26.06139,
        62.55122
      ],
      [
        26.06144,
        62.55045
      ],
      [
        26.0616,
        62.55004
      ],
      [
        26.06198,
        62.54941
      ],
      [
        26.06217,
        62.54877
      ],
      [
        26.0622,
        62.54843
      ],
      [
        26.06208,
        62.5478
      ],
      [
        26.06161,
        62.54708
      ],
      [
        26.06096,
        62.54635
      ],
      [
        26.0607,
        62.54592
      ],
      [
        26.06056,
        62.54548
      ],
      [
        26.06062,
        62.54453
      ],
      [
        26.06035,
        62.54337
      ],
      [
        26.05823,
        62.53982
      ],
      [
        26.0579,
        62.53939
      ],
      [
        26.05605,
        62.53768
      ],
      [
        26.0544,
        62.53509
      ],
      [
        26.05419,
        62.53446
      ],
      [
        26.0542,
        62.53363
      ],
      [
        26.05498,
        62.53227
      ],
      [
        26.05522,
        62.53154
      ],
      [
        26.05532,
        62.53085
      ],
      [
        26.05513,
        62.53017
      ],
      [
        26.05465,
        62.52942
      ],
      [
        26.05177,
        62.52625
      ],
      [
        26.05154,
        62.52575
      ],
      [
        26.05156,
        62.52544
      ],
      [
        26.05167,
        62.52513
      ],
      [
        26.05195,
        62.52486
      ],
      [
        26.05347,
        62.5238
      ],
      [
        26.0537,
        62.52358
      ],
      [
        26.05393,
        62.52313
      ],
      [
        26.05389,
        62.52268
      ],
      [
        26.05381,
        62.5225
      ],
      [
        26.05356,
        62.52224
      ],
      [
        26.05208,
        62.52124
      ],
      [
        26.05104,
        62.52046
      ],
      [
        26.0503,
        62.52008
      ],
      [
        26.04951,
        62.51978
      ],
      [
        26.04683,
        62.51919
      ],
      [
        26.04554,
        62.51869
      ],
      [
        26.04464,
        62.51802
      ],
      [
        26.04362,
        62.51641
      ],
      [
        26.04359,
        62.5159
      ],
      [
        26.04377,
        62.5154
      ],
      [
        26.04461,
        62.51479
      ],
      [
        26.04615,
        62.51387
      ],
      [
        26.04655,
        62.51352
      ],
      [
        26.04679,
        62.51318
      ],
      [
        26.04682,
        62.5127
      ],
      [
        26.04661,
        62.51229
      ],
      [
        26.04569,
        62.51121
      ],
      [
        26.04477,
        62.50956
      ],
      [
        26.04439,
        62.50899
      ],
      [
        26.0439,
        62.50848
      ],
      [
        26.04053,
        62.50599
      ],
      [
        26.03958,
        62.50517
      ],
      [
        26.03878,
        62.50429
      ],
      [
        26.03741,
        62.50249
      ],
      [
        26.03662,
        62.50178
      ],
      [
        26.03603,
        62.50133
      ],
      [
        26.03536,
        62.50093
      ],
      [
        26.03457,
        62.50053
      ],
      [
        26.03378,
        62.50021
      ],
      [
        26.02864,
        62.49871
      ],
      [
        26.02608,
        62.49771
      ],
      [
        26.02466,
        62.49728
      ],
      [
        26.02215,
        62.49669
      ],
      [
        26.02101,
        62.49628
      ],
      [
        26.02004,
        62.49587
      ],
      [
        26.01918,
        62.49532
      ],
      [
        26.01188,
        62.49123
      ],
      [
        26.01136,
        62.4908
      ],
      [
        26.01092,
        62.49033
      ],
      [
        26.01066,
        62.48983
      ],
      [
        26.01056,
        62.48944
      ],
      [
        26.01068,
        62.48786
      ],
      [
        26.01022,
        62.48129
      ],
      [
        26.00995,
        62.48055
      ],
      [
        26.00933,
        62.47941
      ],
      [
        26.0088,
        62.47878
      ],
      [
        26.0084,
        62.47847
      ],
      [
        26.00774,
        62.47806
      ],
      [
        26.0072,
        62.47781
      ],
      [
        26.00626,
        62.47747
      ],
      [
        26.00353,
        62.47663
      ],
      [
        26.00285,
        62.47636
      ],
      [
        26.0016,
        62.47576
      ],
      [
        25.99958,
        62.47456
      ],
      [
        25.99683,
        62.47269
      ],
      [
        25.99541,
        62.47201
      ],
      [
        25.99469,
        62.47172
      ],
      [
        25.99268,
        62.47105
      ],
      [
        25.99186,
        62.47062
      ],
      [
        25.99032,
        62.46943
      ],
      [
        25.98908,
        62.46829
      ],
      [
        25.98868,
        62.46774
      ],
      [
        25.98749,
        62.46477
      ],
      [
        25.98721,
        62.46421
      ],
      [
        25.98692,
        62.46383
      ],
      [
        25.98612,
        62.46314
      ],
      [
        25.98557,
        62.46281
      ],
      [
        25.98472,
        62.46239
      ],
      [
        25.9836,
        62.462
      ],
      [
        25.983,
        62.46184
      ],
      [
        25.9804,
        62.46133
      ],
      [
        25.97974,
        62.46116
      ],
      [
        25.97674,
        62.46016
      ],
      [
        25.97352,
        62.45954
      ],
      [
        25.97259,
        62.45926
      ],
      [
        25.97197,
        62.45899
      ],
      [
        25.9708,
        62.45827
      ],
      [
        25.96983,
        62.45785
      ],
      [
        25.96851,
        62.45753
      ],
      [
        25.96764,
        62.45742
      ],
      [
        25.96688,
        62.45737
      ],
      [
        25.96574,
        62.45738
      ],
      [
        25.96469,
        62.45749
      ],
      [
        25.95923,
        62.45861
      ],
      [
        25.95676,
        62.45904
      ],
      [
        25.95513,
        62.45921
      ],
      [
        25.95305,
        62.45929
      ],
      [
        25.95056,
        62.45919
      ],
      [
        25.94952,
        62.45908
      ],
      [
        25.94329,
        62.45825
      ],
      [
        25.94344,
        62.45827
      ],
      [
        25.94327,
        62.45849
      ],
      [
        25.94247,
        62.45848
      ],
      [
        25.94138,
        62.4587
      ],
      [
        25.9411,
        62.4588
      ],
      [
        25.94102,
        62.45888
      ],
      [
        25.93939,
        62.45814
      ],
      [
        25.93657,
        62.45748
      ],
      [
        25.93591,
        62.45727
      ],
      [
        25.93498,
        62.45608
      ],
      [
        25.93411,
        62.4553
      ],
      [
        25.93363,
        62.45463
      ],
      [
        25.93154,
        62.45039
      ],
      [
        25.93154,
        62.45021
      ],
      [
        25.93163,
        62.45009
      ],
      [
        25.93037,
        62.44958
      ],
      [
        25.92926,
        62.449
      ],
      [
        25.92854,
        62.44844
      ],
      [
        25.92795,
        62.44781
      ],
      [
        25.92769,
        62.44744
      ],
      [
        25.92721,
        62.44655
      ],
      [
        25.92687,
        62.44605
      ],
      [
        25.92636,
        62.44557
      ],
      [
        25.92607,
        62.44519
      ],
      [
        25.9257,
        62.44486
      ],
      [
        25.92526,
        62.44462
      ],
      [
        25.92463,
        62.44399
      ],
      [
        25.92417,
        62.44326
      ],
      [
        25.92365,
        62.44163
      ],
      [
        25.92341,
        62.44118
      ],
      [
        25.92274,
        62.44058
      ],
      [
        25.91717,
        62.43644
      ],
      [
        25.91619,
        62.43562
      ],
      [
        25.91512,
        62.43452
      ],
      [
        25.91482,
        62.43404
      ],
      [
        25.91411,
        62.43268
      ],
      [
        25.914,
        62.43209
      ],
      [
        25.91401,
        62.43095
      ],
      [
        25.91452,
        62.42957
      ],
      [
        25.91627,
        62.42614
      ],
      [
        25.91679,
        62.42546
      ],
      [
        25.91679,
        62.42533
      ],
      [
        25.91668,
        62.42521
      ],
      [
        25.91687,
        62.42504
      ],
      [
        25.91679,
        62.42492
      ],
      [
        25.91838,
        62.42483
      ],
      [
        25.91915,
        62.42434
      ],
      [
        25.91995,
        62.42402
      ],
      [
        25.92169,
        62.4235
      ],
      [
        25.92361,
        62.42311
      ],
      [
        25.92963,
        62.42246
      ],
      [
        25.9315,
        62.42215
      ],
      [
        25.9332,
        62.4218
      ],
      [
        25.93435,
        62.42147
      ],
      [
        25.9389,
        62.41991
      ],
      [
        25.94186,
        62.41905
      ],
      [
        25.94281,
        62.41888
      ],
      [
        25.94318,
        62.41869
      ],
      [
        25.94398,
        62.41848
      ],
      [
        25.94626,
        62.41775
      ],
      [
        25.94756,
        62.41708
      ],
      [
        25.94835,
        62.41655
      ],
      [
        25.949,
        62.41605
      ],
      [
        25.94981,
        62.41528
      ],
      [
        25.95018,
        62.41514
      ],
      [
        25.95045,
        62.41511
      ],
      [
        25.9504,
        62.41491
      ],
      [
        25.9501,
        62.41488
      ],
      [
        25.95,
        62.4148
      ],
      [
        25.95021,
        62.41397
      ],
      [
        25.95075,
        62.41246
      ],
      [
        25.95129,
        62.41224
      ],
      [
        25.9512,
        62.41215
      ],
      [
        25.95157,
        62.41132
      ],
      [
        25.95119,
        62.41129
      ],
      [
        25.95211,
        62.40963
      ],
      [
        25.95242,
        62.40847
      ],
      [
        25.95199,
        62.40755
      ],
      [
        25.95154,
        62.40699
      ],
      [
        25.94917,
        62.40492
      ],
      [
        25.94866,
        62.40466
      ],
      [
        25.94688,
        62.40413
      ],
      [
        25.9457,
        62.40361
      ],
      [
        25.94441,
        62.40278
      ],
      [
        25.94352,
        62.40174
      ],
      [
        25.94349,
        62.40134
      ],
      [
        25.94362,
        62.40099
      ],
      [
        25.94465,
        62.39912
      ],
      [
        25.94474,
        62.39866
      ],
      [
        25.94465,
        62.39857
      ],
      [
        25.94468,
        62.39849
      ],
      [
        25.94474,
        62.39839
      ],
      [
        25.94576,
        62.39758
      ],
      [
        25.94592,
        62.39734
      ],
      [
        25.94599,
        62.39662
      ],
      [
        25.94606,
        62.39648
      ],
      [
        25.94605,
        62.39581
      ],
      [
        25.94575,
        62.39486
      ],
      [
        25.9456,
        62.39474
      ],
      [
        25.94521,
        62.39408
      ],
      [
        25.94425,
        62.39322
      ],
      [
        25.94369,
        62.39258
      ],
      [
        25.94262,
        62.39179
      ],
      [
        25.94216,
        62.3911
      ],
      [
        25.94192,
        62.39086
      ],
      [
        25.94072,
        62.39021
      ],
      [
        25.94041,
        62.38995
      ],
      [
        25.93993,
        62.38937
      ],
      [
        25.93984,
        62.38919
      ],
      [
        25.93967,
        62.38823
      ],
      [
        25.93953,
        62.38813
      ],
      [
        25.93944,
        62.38787
      ],
      [
        25.93959,
        62.38771
      ],
      [
        25.93947,
        62.38712
      ],
      [
        25.93953,
        62.38691
      ],
      [
        25.93967,
        62.38681
      ],
      [
        25.93972,
        62.38563
      ],
      [
        25.94074,
        62.38408
      ],
      [
        25.94111,
        62.38308
      ],
      [
        25.94109,
        62.38272
      ],
      [
        25.9409,
        62.3825
      ],
      [
        25.9405,
        62.3822
      ],
      [
        25.93995,
        62.38188
      ],
      [
        25.93958,
        62.38153
      ],
      [
        25.93869,
        62.37994
      ],
      [
        25.93801,
        62.37837
      ],
      [
        25.93788,
        62.37783
      ],
      [
        25.93785,
        62.37722
      ],
      [
        25.93809,
        62.37668
      ],
      [
        25.93845,
        62.37625
      ],
      [
        25.93967,
        62.37515
      ],
      [
        25.93989,
        62.37476
      ],
      [
        25.93989,
        62.37423
      ],
      [
        25.93927,
        62.37309
      ],
      [
        25.93924,
        62.37272
      ],
      [
        25.93955,
        62.37217
      ],
      [
        25.94039,
        62.37124
      ],
      [
        25.94061,
        62.37093
      ],
      [
        25.94068,
        62.37069
      ],
      [
        25.94064,
        62.3703
      ],
      [
        25.93992,
        62.36827
      ],
      [
        25.93976,
        62.36671
      ],
      [
        25.93958,
        62.36635
      ],
      [
        25.93915,
        62.36598
      ],
      [
        25.93794,
        62.36533
      ],
      [
        25.93762,
        62.36499
      ],
      [
        25.93729,
        62.3645
      ],
      [
        25.93718,
        62.36412
      ],
      [
        25.93715,
        62.36339
      ],
      [
        25.93704,
        62.36294
      ],
      [
        25.93681,
        62.3625
      ],
      [
        25.93349,
        62.36019
      ],
      [
        25.93321,
        62.35994
      ],
      [
        25.93275,
        62.3594
      ],
      [
        25.93266,
        62.3592
      ],
      [
        25.93267,
        62.35898
      ],
      [
        25.9328,
        62.35875
      ],
      [
        25.93332,
        62.35826
      ],
      [
        25.93363,
        62.35788
      ],
      [
        25.93378,
        62.35753
      ],
      [
        25.93415,
        62.35701
      ],
      [
        25.9342,
        62.35675
      ],
      [
        25.9341,
        62.35654
      ],
      [
        25.93336,
        62.35584
      ],
      [
        25.93277,
        62.35603
      ],
      [
        25.92845,
        62.35687
      ],
      [
        25.92694,
        62.35703
      ],
      [
        25.92628,
        62.35717
      ],
      [
        25.92449,
        62.35789
      ],
      [
        25.9242,
        62.35804
      ],
      [
        25.92387,
        62.35829
      ],
      [
        25.92123,
        62.35945
      ],
      [
        25.92054,
        62.35978
      ],
      [
        25.91985,
        62.36019
      ],
      [
        25.91771,
        62.36104
      ],
      [
        25.91577,
        62.36171
      ],
      [
        25.91599,
        62.36186
      ],
      [
        25.9147,
        62.36224
      ],
      [
        25.91352,
        62.36272
      ],
      [
        25.91233,
        62.36338
      ],
      [
        25.91179,
        62.36362
      ],
      [
        25.8996,
        62.36683
      ],
      [
        25.89868,
        62.36689
      ],
      [
        25.89601,
        62.36668
      ],
      [
        25.89514,
        62.36669
      ],
      [
        25.89445,
        62.36664
      ],
      [
        25.89296,
        62.36647
      ],
      [
        25.89123,
        62.36651
      ],
      [
        25.89065,
        62.36657
      ],
      [
        25.88926,
        62.36683
      ],
      [
        25.88712,
        62.3675
      ],
      [
        25.886969,
        62.36738
      ],
      [
        25.88676,
        62.36729
      ],
      [
        25.88609,
        62.36719
      ],
      [
        25.88525,
        62.36695
      ],
      [
        25.88424,
        62.36687
      ],
      [
        25.88378,
        62.36669
      ],
      [
        25.8837,
        62.36657
      ],
      [
        25.88317,
        62.36474
      ],
      [
        25.88267,
        62.36331
      ],
      [
        25.88061,
        62.35845
      ],
      [
        25.8808,
        62.35809
      ],
      [
        25.88066,
        62.35776
      ],
      [
        25.88021,
        62.35743
      ],
      [
        25.87864,
        62.3537
      ],
      [
        25.87784,
        62.35196
      ],
      [
        25.87735,
        62.3506
      ],
      [
        25.8765,
        62.34701
      ],
      [
        25.87616,
        62.34611
      ],
      [
        25.87563,
        62.34503
      ],
      [
        25.8745,
        62.34335
      ],
      [
        25.87124,
        62.33895
      ],
      [
        25.8689,
        62.33632
      ],
      [
        25.86768,
        62.33523
      ],
      [
        25.86437,
        62.33266
      ],
      [
        25.86352,
        62.33183
      ],
      [
        25.86279,
        62.33078
      ],
      [
        25.86269,
        62.33048
      ],
      [
        25.86281,
        62.33025
      ],
      [
        25.86224,
        62.32919
      ],
      [
        25.86184,
        62.32879
      ],
      [
        25.86086,
        62.3272
      ],
      [
        25.85995,
        62.32601
      ],
      [
        25.85878,
        62.3249
      ],
      [
        25.85564,
        62.32246
      ],
      [
        25.85327,
        62.32044
      ],
      [
        25.85234,
        62.31955
      ],
      [
        25.85104,
        62.31818
      ],
      [
        25.8494,
        62.31622
      ],
      [
        25.84904,
        62.31568
      ],
      [
        25.84884,
        62.31518
      ],
      [
        25.8486,
        62.31499
      ],
      [
        25.84836,
        62.31461
      ],
      [
        25.84792,
        62.31382
      ],
      [
        25.84773,
        62.31323
      ],
      [
        25.84748,
        62.31278
      ],
      [
        25.84694,
        62.31206
      ],
      [
        25.84642,
        62.31152
      ],
      [
        25.84502,
        62.31042
      ],
      [
        25.84496,
        62.31028
      ],
      [
        25.84485,
        62.31019
      ],
      [
        25.84436,
        62.30992
      ],
      [
        25.84412,
        62.30988
      ],
      [
        25.84372,
        62.30967
      ],
      [
        25.84135,
        62.30884
      ],
      [
        25.8391,
        62.30825
      ],
      [
        25.83738,
        62.30771
      ],
      [
        25.83557,
        62.30733
      ],
      [
        25.83537,
        62.30713
      ],
      [
        25.83547,
        62.30668
      ],
      [
        25.83539,
        62.3066
      ],
      [
        25.8351,
        62.30649
      ],
      [
        25.83443,
        62.30629
      ],
      [
        25.83423,
        62.3064
      ],
      [
        25.83408,
        62.30642
      ],
      [
        25.83312,
        62.30622
      ],
      [
        25.83283,
        62.30622
      ],
      [
        25.83211,
        62.30636
      ],
      [
        25.83182,
        62.30635
      ],
      [
        25.83117,
        62.30613
      ],
      [
        25.83068,
        62.30588
      ],
      [
        25.82882,
        62.30513
      ],
      [
        25.82759,
        62.30454
      ],
      [
        25.82565,
        62.3035
      ],
      [
        25.8244,
        62.30272
      ],
      [
        25.82167,
        62.30083
      ],
      [
        25.81982,
        62.2997
      ],
      [
        25.81827,
        62.29886
      ],
      [
        25.81783,
        62.29871
      ],
      [
        25.81745,
        62.29852
      ],
      [
        25.81726,
        62.29837
      ],
      [
        25.81527,
        62.29747
      ],
      [
        25.81438,
        62.29698
      ],
      [
        25.81382,
        62.29658
      ],
      [
        25.81334,
        62.29612
      ],
      [
        25.81296,
        62.29557
      ],
      [
        25.81282,
        62.29526
      ],
      [
        25.81273,
        62.29477
      ],
      [
        25.81274,
        62.29433
      ],
      [
        25.81282,
        62.29403
      ],
      [
        25.81301,
        62.29378
      ],
      [
        25.81329,
        62.29355
      ],
      [
        25.81366,
        62.29335
      ],
      [
        25.81383,
        62.29317
      ],
      [
        25.81386,
        62.29283
      ],
      [
        25.81499,
        62.29161
      ],
      [
        25.8152,
        62.29121
      ],
      [
        25.81533,
        62.29078
      ],
      [
        25.81532,
        62.29026
      ],
      [
        25.81515,
        62.2897
      ],
      [
        25.81491,
        62.28928
      ],
      [
        25.81444,
        62.28877
      ],
      [
        25.81117,
        62.28646
      ],
      [
        25.80931,
        62.28525
      ],
      [
        25.80341,
        62.28117
      ],
      [
        25.80331,
        62.28108
      ],
      [
        25.80331,
        62.28091
      ],
      [
        25.80316,
        62.28075
      ],
      [
        25.80305,
        62.28068
      ],
      [
        25.80257,
        62.28059
      ],
      [
        25.79504,
        62.27551
      ],
      [
        25.79184,
        62.27325
      ],
      [
        25.79066,
        62.27256
      ],
      [
        25.79056,
        62.27245
      ],
      [
        25.78819,
        62.27091
      ],
      [
        25.78695,
        62.27017
      ],
      [
        25.78628,
        62.26985
      ],
      [
        25.78352,
        62.26879
      ],
      [
        25.7814,
        62.26809
      ],
      [
        25.77851,
        62.26693
      ],
      [
        25.7785,
        62.26658
      ],
      [
        25.77856,
        62.26645
      ],
      [
        25.7797,
        62.26529
      ],
      [
        25.78,
        62.26513
      ],
      [
        25.78015,
        62.26497
      ],
      [
        25.78012,
        62.26485
      ],
      [
        25.78196,
        62.2629
      ],
      [
        25.78204,
        62.26262
      ],
      [
        25.7823,
        62.26219
      ],
      [
        25.78254,
        62.2616
      ],
      [
        25.78258,
        62.26104
      ],
      [
        25.78238,
        62.26027
      ],
      [
        25.78225,
        62.25996
      ],
      [
        25.78209,
        62.25984
      ],
      [
        25.78117,
        62.25766
      ],
      [
        25.78125,
        62.25729
      ],
      [
        25.7812,
        62.25712
      ],
      [
        25.78046,
        62.25618
      ],
      [
        25.78011,
        62.25563
      ],
      [
        25.7797,
        62.25518
      ],
      [
        25.77909,
        62.25475
      ],
      [
        25.77824,
        62.25432
      ],
      [
        25.77869,
        62.254
      ],
      [
        25.77868,
        62.25384
      ],
      [
        25.77911,
        62.25327
      ],
      [
        25.77989,
        62.25321
      ],
      [
        25.78003,
        62.25312
      ],
      [
        25.77989,
        62.25269
      ],
      [
        25.78,
        62.25139
      ],
      [
        25.7799,
        62.25125
      ],
      [
        25.77837,
        62.24993
      ],
      [
        25.77823,
        62.24976
      ],
      [
        25.77766,
        62.24945
      ],
      [
        25.77751,
        62.24912
      ],
      [
        25.77738,
        62.24825
      ],
      [
        25.77712,
        62.24791
      ],
      [
        25.77634,
        62.24731
      ],
      [
        25.77561,
        62.24656
      ],
      [
        25.77445,
        62.24578
      ],
      [
        25.77423,
        62.24577
      ],
      [
        25.77368,
        62.24607
      ],
      [
        25.77333,
        62.24611
      ],
      [
        25.77216,
        62.24613
      ],
      [
        25.77138,
        62.24607
      ],
      [
        25.7705,
        62.24591
      ],
      [
        25.76873,
        62.24524
      ],
      [
        25.76805,
        62.24503
      ],
      [
        25.76703,
        62.24486
      ],
      [
        25.7642,
        62.24459
      ],
      [
        25.76231,
        62.24414
      ],
      [
        25.76238,
        62.24383
      ],
      [
        25.76211,
        62.24363
      ],
      [
        25.7637,
        62.24296
      ],
      [
        25.76413,
        62.24285
      ],
      [
        25.76546,
        62.24228
      ],
      [
        25.76549,
        62.24219
      ],
      [
        25.76517,
        62.24172
      ],
      [
        25.76469,
        62.2406
      ],
      [
        25.76478,
        62.24032
      ],
      [
        25.76471,
        62.24005
      ],
      [
        25.76474,
        62.23997
      ],
      [
        25.76532,
        62.23952
      ],
      [
        25.76532,
        62.23939
      ],
      [
        25.7651,
        62.23885
      ],
      [
        25.76492,
        62.23873
      ],
      [
        25.76429,
        62.23861
      ],
      [
        25.76406,
        62.23834
      ],
      [
        25.76369,
        62.23762
      ],
      [
        25.76321,
        62.23691
      ],
      [
        25.7614,
        62.23586
      ],
      [
        25.76057,
        62.2358
      ],
      [
        25.76002,
        62.23563
      ],
      [
        25.75979,
        62.23564
      ],
      [
        25.75868,
        62.23606
      ],
      [
        25.75778,
        62.23648
      ],
      [
        25.75724,
        62.2366
      ],
      [
        25.75683,
        62.23656
      ],
      [
        25.75552,
        62.23704
      ],
      [
        25.75526,
        62.23709
      ],
      [
        25.75396,
        62.23719
      ],
      [
        25.75136,
        62.2381
      ],
      [
        25.75105,
        62.23807
      ],
      [
        25.74791,
        62.23658
      ],
      [
        25.74778,
        62.23633
      ],
      [
        25.7454,
        62.23542
      ],
      [
        25.74493,
        62.23525
      ],
      [
        25.74464,
        62.2352
      ],
      [
        25.74399,
        62.2352
      ],
      [
        25.74122,
        62.23444
      ],
      [
        25.74119,
        62.23437
      ],
      [
        25.74125,
        62.23432
      ],
      [
        25.74119,
        62.23429
      ],
      [
        25.74153,
        62.23369
      ],
      [
        25.74146,
        62.23352
      ],
      [
        25.73954,
        62.23254
      ],
      [
        25.73906,
        62.23252
      ],
      [
        25.73794,
        62.23195
      ],
      [
        25.73754,
        62.23169
      ],
      [
        25.73693,
        62.23149
      ],
      [
        25.73521,
        62.23061
      ],
      [
        25.73507,
        62.23047
      ],
      [
        25.73504,
        62.23025
      ],
      [
        25.73449,
        62.22994
      ],
      [
        25.73386,
        62.22985
      ],
      [
        25.73278,
        62.22936
      ],
      [
        25.73001,
        62.229
      ],
      [
        25.72979,
        62.22891
      ],
      [
        25.72963,
        62.2288
      ],
      [
        25.72886,
        62.22798
      ],
      [
        25.72794,
        62.22679
      ],
      [
        25.72787,
        62.22657
      ],
      [
        25.72789,
        62.22638
      ],
      [
        25.72803,
        62.22626
      ],
      [
        25.72823,
        62.22618
      ],
      [
        25.72793,
        62.226
      ],
      [
        25.72724,
        62.22594
      ],
      [
        25.72714,
        62.22588
      ],
      [
        25.72696,
        62.22553
      ],
      [
        25.72726,
        62.2252
      ],
      [
        25.72675,
        62.22392
      ],
      [
        25.72603,
        62.22174
      ],
      [
        25.72575,
        62.22137
      ],
      [
        25.7257,
        62.22123
      ],
      [
        25.72565,
        62.22087
      ],
      [
        25.72572,
        62.22014
      ],
      [
        25.72583,
        62.21983
      ],
      [
        25.72603,
        62.21957
      ],
      [
        25.72657,
        62.21912
      ],
      [
        25.72744,
        62.21857
      ],
      [
        25.72769,
        62.21821
      ],
      [
        25.72771,
        62.2179
      ],
      [
        25.72801,
        62.21772
      ],
      [
        25.728,
        62.21763
      ],
      [
        25.72777,
        62.21721
      ],
      [
        25.72756,
        62.21703
      ],
      [
        25.72705,
        62.2169
      ],
      [
        25.72618,
        62.21682
      ],
      [
        25.726,
        62.21676
      ],
      [
        25.72581,
        62.21662
      ],
      [
        25.72569,
        62.21544
      ],
      [
        25.72535,
        62.21486
      ],
      [
        25.72529,
        62.2144
      ],
      [
        25.72446,
        62.21368
      ],
      [
        25.72401,
        62.21342
      ],
      [
        25.7234,
        62.21316
      ],
      [
        25.72108,
        62.21184
      ],
      [
        25.72077,
        62.21161
      ],
      [
        25.72052,
        62.2114
      ],
      [
        25.72038,
        62.21121
      ],
      [
        25.72024,
        62.21069
      ],
      [
        25.72002,
        62.21036
      ],
      [
        25.71857,
        62.21012
      ],
      [
        25.71881,
        62.20968
      ],
      [
        25.71883,
        62.20875
      ],
      [
        25.71906,
        62.20852
      ],
      [
        25.71932,
        62.20835
      ],
      [
        25.71987,
        62.20814
      ],
      [
        25.72097,
        62.20731
      ],
      [
        25.7213,
        62.20702
      ],
      [
        25.72144,
        62.20681
      ],
      [
        25.72155,
        62.20658
      ],
      [
        25.7216,
        62.20612
      ],
      [
        25.72151,
        62.20573
      ],
      [
        25.72142,
        62.20563
      ],
      [
        25.72142,
        62.20512
      ],
      [
        25.72168,
        62.20462
      ],
      [
        25.72311,
        62.20267
      ],
      [
        25.72322,
        62.2026
      ],
      [
        25.72345,
        62.20211
      ],
      [
        25.7236,
        62.20141
      ],
      [
        25.72358,
        62.2009
      ],
      [
        25.72349,
        62.20055
      ],
      [
        25.7231,
        62.19979
      ],
      [
        25.72252,
        62.19909
      ],
      [
        25.72196,
        62.19866
      ],
      [
        25.72095,
        62.19802
      ],
      [
        25.72081,
        62.19798
      ],
      [
        25.72069,
        62.19786
      ],
      [
        25.71765,
        62.19595
      ],
      [
        25.71701,
        62.19542
      ],
      [
        25.71492,
        62.19276
      ],
      [
        25.71451,
        62.19208
      ],
      [
        25.7145,
        62.19196
      ],
      [
        25.71377,
        62.19036
      ],
      [
        25.71311,
        62.18905
      ],
      [
        25.7129,
        62.18896
      ],
      [
        25.71271,
        62.18874
      ],
      [
        25.7134,
        62.18859
      ],
      [
        25.71394,
        62.18836
      ],
      [
        25.71594,
        62.18677
      ],
      [
        25.71712,
        62.18577
      ],
      [
        25.71759,
        62.18547
      ],
      [
        25.71856,
        62.18466
      ],
      [
        25.71886,
        62.1843
      ],
      [
        25.71958,
        62.18381
      ],
      [
        25.72245,
        62.18226
      ],
      [
        25.724,
        62.18158
      ],
      [
        25.72485,
        62.18132
      ],
      [
        25.72714,
        62.18077
      ],
      [
        25.72935,
        62.18013
      ],
      [
        25.73045,
        62.1798
      ],
      [
        25.73057,
        62.17968
      ],
      [
        25.73071,
        62.17963
      ],
      [
        25.73121,
        62.17956
      ],
      [
        25.73148,
        62.17979
      ],
      [
        25.73221,
        62.17964
      ],
      [
        25.7339,
        62.17917
      ],
      [
        25.73911,
        62.17709
      ],
      [
        25.74002,
        62.17666
      ],
      [
        25.74052,
        62.17634
      ],
      [
        25.74189,
        62.17518
      ],
      [
        25.74233,
        62.17474
      ],
      [
        25.74441,
        62.17305
      ],
      [
        25.74547,
        62.17205
      ],
      [
        25.74601,
        62.17143
      ],
      [
        25.74629,
        62.17096
      ],
      [
        25.74739,
        62.16748
      ],
      [
        25.75072,
        62.16224
      ],
      [
        25.751,
        62.16177
      ],
      [
        25.751,
        62.16166
      ],
      [
        25.75212,
        62.15979
      ],
      [
        25.75322,
        62.15859
      ],
      [
        25.75448,
        62.15742
      ],
      [
        25.75477,
        62.1571
      ],
      [
        25.75526,
        62.15632
      ],
      [
        25.75533,
        62.15628
      ],
      [
        25.75524,
        62.15602
      ],
      [
        25.75507,
        62.15592
      ],
      [
        25.7548,
        62.15593
      ],
      [
        25.75396,
        62.153
      ],
      [
        25.7534,
        62.15201
      ],
      [
        25.75019,
        62.14757
      ],
      [
        25.74944,
        62.14676
      ],
      [
        25.74851,
        62.146
      ],
      [
        25.74726,
        62.14521
      ],
      [
        25.74481,
        62.14408
      ],
      [
        25.74455,
        62.14392
      ],
      [
        25.74308,
        62.14246
      ],
      [
        25.74233,
        62.14161
      ],
      [
        25.74221,
        62.14131
      ],
      [
        25.74219,
        62.14103
      ],
      [
        25.74255,
        62.13973
      ],
      [
        25.74255,
        62.13938
      ],
      [
        25.74249,
        62.13919
      ],
      [
        25.74201,
        62.13912
      ],
      [
        25.73739,
        62.13789
      ],
      [
        25.736,
        62.13765
      ],
      [
        25.73523,
        62.1376
      ],
      [
        25.73527,
        62.1374
      ],
      [
        25.735,
        62.13727
      ],
      [
        25.73366,
        62.13715
      ],
      [
        25.73227,
        62.13719
      ],
      [
        25.73077,
        62.13738
      ],
      [
        25.72993,
        62.13756
      ],
      [
        25.7289,
        62.13786
      ],
      [
        25.71487,
        62.14405
      ],
      [
        25.71304,
        62.14478
      ],
      [
        25.71253,
        62.14494
      ],
      [
        25.71183,
        62.14508
      ],
      [
        25.71116,
        62.14511
      ],
      [
        25.71048,
        62.14507
      ],
      [
        25.70794,
        62.14476
      ],
      [
        25.7071,
        62.14456
      ],
      [
        25.70622,
        62.14424
      ],
      [
        25.70581,
        62.14417
      ],
      [
        25.70491,
        62.14414
      ],
      [
        25.70443,
        62.14407
      ],
      [
        25.70379,
        62.14381
      ],
      [
        25.70288,
        62.14333
      ],
      [
        25.70236,
        62.14296
      ],
      [
        25.70108,
        62.14179
      ],
      [
        25.69982,
        62.14101
      ],
      [
        25.69804,
        62.14023
      ],
      [
        25.69643,
        62.13975
      ],
      [
        25.69496,
        62.13943
      ],
      [
        25.69229,
        62.13897
      ],
      [
        25.68926,
        62.13824
      ],
      [
        25.68802,
        62.13806
      ],
      [
        25.68256,
        62.13773
      ],
      [
        25.67863,
        62.13715
      ],
      [
        25.6772,
        62.13701
      ],
      [
        25.67546,
        62.13692
      ],
      [
        25.67476,
        62.1368
      ],
      [
        25.67486,
        62.13571
      ],
      [
        25.67478,
        62.13502
      ],
      [
        25.67492,
        62.13441
      ],
      [
        25.67486,
        62.13409
      ],
      [
        25.6745,
        62.13288
      ],
      [
        25.67423,
        62.13262
      ],
      [
        25.67376,
        62.13203
      ],
      [
        25.67315,
        62.1315
      ],
      [
        25.67259,
        62.13111
      ],
      [
        25.67197,
        62.13074
      ],
      [
        25.67096,
        62.13026
      ],
      [
        25.67028,
        62.13009
      ],
      [
        25.66846,
        62.12975
      ],
      [
        25.66749,
        62.12944
      ],
      [
        25.6668,
        62.12904
      ],
      [
        25.66613,
        62.12817
      ],
      [
        25.66587,
        62.12748
      ],
      [
        25.66587,
        62.12727
      ],
      [
        25.66647,
        62.1262
      ],
      [
        25.66656,
        62.12593
      ],
      [
        25.66658,
        62.12559
      ],
      [
        25.66647,
        62.12516
      ],
      [
        25.66566,
        62.12377
      ],
      [
        25.6655,
        62.12327
      ],
      [
        25.66548,
        62.12299
      ],
      [
        25.66554,
        62.12274
      ],
      [
        25.66584,
        62.12198
      ],
      [
        25.66582,
        62.12148
      ],
      [
        25.66528,
        62.12016
      ],
      [
        25.66522,
        62.11984
      ],
      [
        25.66546,
        62.11861
      ],
      [
        25.66543,
        62.11834
      ],
      [
        25.6652,
        62.11772
      ],
      [
        25.66453,
        62.11696
      ],
      [
        25.66361,
        62.11623
      ],
      [
        25.66191,
        62.11522
      ],
      [
        25.6584,
        62.11329
      ],
      [
        25.65793,
        62.11256
      ],
      [
        25.65774,
        62.11239
      ],
      [
        25.65658,
        62.11181
      ],
      [
        25.65596,
        62.11088
      ],
      [
        25.65588,
        62.11063
      ],
      [
        25.65594,
        62.11006
      ],
      [
        25.6559,
        62.10976
      ],
      [
        25.65573,
        62.10941
      ],
      [
        25.65548,
        62.10909
      ],
      [
        25.65444,
        62.10744
      ],
      [
        25.65351,
        62.10668
      ],
      [
        25.65254,
        62.106
      ],
      [
        25.65234,
        62.10568
      ],
      [
        25.65181,
        62.10538
      ],
      [
        25.64916,
        62.10314
      ],
      [
        25.64842,
        62.10258
      ],
      [
        25.64786,
        62.10242
      ],
      [
        25.64803,
        62.10219
      ],
      [
        25.648,
        62.10191
      ],
      [
        25.64734,
        62.10105
      ],
      [
        25.64571,
        62.09931
      ],
      [
        25.64478,
        62.09838
      ],
      [
        25.64376,
        62.09752
      ],
      [
        25.64352,
        62.09719
      ],
      [
        25.64343,
        62.09681
      ],
      [
        25.64354,
        62.0965
      ],
      [
        25.64398,
        62.09584
      ],
      [
        25.64401,
        62.09544
      ],
      [
        25.64417,
        62.09542
      ],
      [
        25.64413,
        62.09508
      ],
      [
        25.64397,
        62.09458
      ],
      [
        25.64359,
        62.09404
      ],
      [
        25.64265,
        62.09324
      ],
      [
        25.64251,
        62.09301
      ],
      [
        25.64259,
        62.09176
      ],
      [
        25.64305,
        62.0913
      ],
      [
        25.64957,
        62.08724
      ],
      [
        25.65171,
        62.08535
      ],
      [
        25.65224,
        62.08505
      ],
      [
        25.65289,
        62.08484
      ],
      [
        25.65771,
        62.08399
      ],
      [
        25.6613,
        62.08286
      ],
      [
        25.6622,
        62.08219
      ],
      [
        25.66288,
        62.08186
      ],
      [
        25.66514,
        62.08134
      ],
      [
        25.66573,
        62.08095
      ],
      [
        25.6672,
        62.07933
      ],
      [
        25.66736,
        62.07854
      ],
      [
        25.6674,
        62.07762
      ],
      [
        25.66761,
        62.07728
      ],
      [
        25.66805,
        62.07691
      ],
      [
        25.66946,
        62.07614
      ],
      [
        25.66965,
        62.07595
      ],
      [
        25.66982,
        62.07552
      ],
      [
        25.67008,
        62.07525
      ],
      [
        25.67173,
        62.07455
      ],
      [
        25.67383,
        62.07314
      ],
      [
        25.6745,
        62.07286
      ],
      [
        25.67511,
        62.07267
      ],
      [
        25.6774,
        62.0721
      ],
      [
        25.67847,
        62.07209
      ],
      [
        25.67968,
        62.07198
      ],
      [
        25.68105,
        62.072
      ],
      [
        25.68164,
        62.07189
      ],
      [
        25.68213,
        62.07173
      ],
      [
        25.68264,
        62.07143
      ],
      [
        25.68305,
        62.0711
      ],
      [
        25.68377,
        62.07072
      ],
      [
        25.68593,
        62.07002
      ],
      [
        25.68681,
        62.06964
      ],
      [
        25.6871,
        62.06942
      ],
      [
        25.68725,
        62.06921
      ],
      [
        25.68725,
        62.06889
      ],
      [
        25.68672,
        62.06814
      ],
      [
        25.6867,
        62.068
      ],
      [
        25.6868,
        62.06788
      ],
      [
        25.6871,
        62.06771
      ],
      [
        25.68805,
        62.06726
      ],
      [
        25.68856,
        62.0668
      ],
      [
        25.68876,
        62.06648
      ],
      [
        25.68875,
        62.06621
      ],
      [
        25.68862,
        62.06578
      ],
      [
        25.68863,
        62.0656
      ],
      [
        25.68884,
        62.0651
      ],
      [
        25.68886,
        62.06483
      ],
      [
        25.68874,
        62.06438
      ],
      [
        25.68847,
        62.06401
      ],
      [
        25.6877,
        62.06334
      ],
      [
        25.68758,
        62.06304
      ],
      [
        25.68756,
        62.06263
      ],
      [
        25.68769,
        62.06243
      ],
      [
        25.68808,
        62.0621
      ],
      [
        25.68824,
        62.06163
      ],
      [
        25.68864,
        62.0611
      ],
      [
        25.6887,
        62.06087
      ],
      [
        25.68881,
        62.06072
      ],
      [
        25.6896,
        62.06026
      ],
      [
        25.69,
        62.05993
      ],
      [
        25.69082,
        62.05887
      ],
      [
        25.69098,
        62.05851
      ],
      [
        25.6909,
        62.05822
      ],
      [
        25.6904,
        62.05763
      ],
      [
        25.69005,
        62.05681
      ],
      [
        25.6898,
        62.05597
      ],
      [
        25.68978,
        62.05549
      ],
      [
        25.6901,
        62.05541
      ],
      [
        25.69104,
        62.05532
      ],
      [
        25.69468,
        62.05382
      ],
      [
        25.69879,
        62.05285
      ],
      [
        25.7005,
        62.05255
      ],
      [
        25.70244,
        62.05261
      ],
      [
        25.70304,
        62.05256
      ],
      [
        25.7041,
        62.05238
      ],
      [
        25.70461,
        62.05202
      ],
      [
        25.70504,
        62.05032
      ],
      [
        25.70698,
        62.04918
      ],
      [
        25.70679,
        62.04806
      ],
      [
        25.70689,
        62.04729
      ],
      [
        25.70707,
        62.04666
      ],
      [
        25.70739,
        62.04614
      ],
      [
        25.70715,
        62.04581
      ],
      [
        25.70777,
        62.04561
      ],
      [
        25.70867,
        62.04574
      ],
      [
        25.70945,
        62.04609
      ],
      [
        25.71077,
        62.0469
      ],
      [
        25.71179,
        62.04715
      ],
      [
        25.71427,
        62.0458
      ],
      [
        25.71742,
        62.04539
      ],
      [
        25.71819,
        62.04524
      ],
      [
        25.71933,
        62.04431
      ],
      [
        25.7197,
        62.04391
      ],
      [
        25.71973,
        62.0436
      ],
      [
        25.71962,
        62.04216
      ],
      [
        25.71968,
        62.04169
      ],
      [
        25.71997,
        62.04133
      ],
      [
        25.72027,
        62.04069
      ],
      [
        25.72041,
        62.03987
      ],
      [
        25.72033,
        62.0388
      ],
      [
        25.72005,
        62.03808
      ],
      [
        25.71691,
        62.03589
      ],
      [
        25.71619,
        62.03546
      ],
      [
        25.71442,
        62.03469
      ],
      [
        25.71382,
        62.0342
      ],
      [
        25.71233,
        62.0327
      ],
      [
        25.71181,
        62.03203
      ],
      [
        25.70743,
        62.02336
      ],
      [
        25.70691,
        62.02272
      ],
      [
        25.70615,
        62.02198
      ],
      [
        25.70596,
        62.02166
      ],
      [
        25.70496,
        62.01927
      ],
      [
        25.70486,
        62.01809
      ],
      [
        25.70419,
        62.01774
      ],
      [
        25.70363,
        62.0172
      ],
      [
        25.70299,
        62.01675
      ],
      [
        25.70223,
        62.01651
      ],
      [
        25.70072,
        62.01635
      ],
      [
        25.69906,
        62.01633
      ],
      [
        25.69806,
        62.01625
      ],
      [
        25.69639,
        62.01624
      ],
      [
        25.69453,
        62.01585
      ],
      [
        25.69347,
        62.01574
      ],
      [
        25.69204,
        62.01568
      ],
      [
        25.68932,
        62.0152
      ],
      [
        25.68883,
        62.01506
      ],
      [
        25.6879,
        62.01465
      ],
      [
        25.68664,
        62.01403
      ],
      [
        25.68541,
        62.0133
      ],
      [
        25.68272,
        62.01257
      ],
      [
        25.68224,
        62.01249
      ],
      [
        25.68078,
        62.01239
      ],
      [
        25.67932,
        62.01222
      ],
      [
        25.6771,
        62.01219
      ],
      [
        25.67516,
        62.01202
      ],
      [
        25.67349,
        62.01217
      ],
      [
        25.67185,
        62.01247
      ],
      [
        25.66909,
        62.01277
      ],
      [
        25.66861,
        62.01274
      ],
      [
        25.66392,
        62.01208
      ],
      [
        25.66244,
        62.01201
      ],
      [
        25.66165,
        62.01204
      ],
      [
        25.66102,
        62.01212
      ],
      [
        25.66064,
        62.01222
      ],
      [
        25.65977,
        62.01256
      ],
      [
        25.65906,
        62.01263
      ],
      [
        25.65856,
        62.01259
      ],
      [
        25.65775,
        62.01244
      ],
      [
        25.65539,
        62.01182
      ],
      [
        25.65399,
        62.01153
      ],
      [
        25.65829,
        62.00914
      ],
      [
        25.65919,
        62.00871
      ],
      [
        25.66391,
        62.00703
      ],
      [
        25.66532,
        62.00671
      ],
      [
        25.67609,
        62.00509
      ],
      [
        25.67682,
        62.00492
      ],
      [
        25.67797,
        62.00455
      ],
      [
        25.67856,
        62.00425
      ],
      [
        25.67909,
        62.0039
      ],
      [
        25.67933,
        62.00368
      ],
      [
        25.67967,
        62.00323
      ],
      [
        25.67982,
        62.00278
      ],
      [
        25.67978,
        62.0022
      ],
      [
        25.67948,
        62.00158
      ],
      [
        25.67937,
        62.00158
      ],
      [
        25.67899,
        62.00121
      ],
      [
        25.67847,
        62.0008
      ],
      [
        25.67815,
        62.00036
      ],
      [
        25.67383,
        61.99625
      ],
      [
        25.67277,
        61.99518
      ],
      [
        25.67256,
        61.99491
      ],
      [
        25.67205,
        61.99392
      ],
      [
        25.67174,
        61.99276
      ],
      [
        25.6717,
        61.99229
      ],
      [
        25.67174,
        61.99181
      ],
      [
        25.67188,
        61.99181
      ],
      [
        25.67208,
        61.99108
      ],
      [
        25.67247,
        61.99017
      ],
      [
        25.67297,
        61.98936
      ],
      [
        25.67621,
        61.98467
      ],
      [
        25.67724,
        61.98272
      ],
      [
        25.67787,
        61.98202
      ],
      [
        25.67829,
        61.98168
      ],
      [
        25.6792,
        61.98114
      ],
      [
        25.68132,
        61.98013
      ],
      [
        25.68187,
        61.97978
      ],
      [
        25.6827,
        61.97906
      ],
      [
        25.68646,
        61.97509
      ],
      [
        25.68698,
        61.97447
      ],
      [
        25.68837,
        61.97338
      ],
      [
        25.6897,
        61.97128
      ],
      [
        25.69066,
        61.97009
      ],
      [
        25.69076,
        61.96979
      ],
      [
        25.6911,
        61.96694
      ],
      [
        25.69121,
        61.96643
      ],
      [
        25.69135,
        61.96616
      ],
      [
        25.69223,
        61.96493
      ],
      [
        25.69333,
        61.96347
      ],
      [
        25.69394,
        61.96279
      ],
      [
        25.69411,
        61.96232
      ],
      [
        25.69407,
        61.96182
      ],
      [
        25.69385,
        61.96074
      ],
      [
        25.69354,
        61.95957
      ],
      [
        25.69361,
        61.95924
      ],
      [
        25.69381,
        61.95886
      ],
      [
        25.69382,
        61.95792
      ],
      [
        25.69311,
        61.95558
      ],
      [
        25.69285,
        61.95518
      ],
      [
        25.69168,
        61.95388
      ],
      [
        25.69153,
        61.95355
      ],
      [
        25.69154,
        61.95312
      ],
      [
        25.6917,
        61.95266
      ],
      [
        25.692,
        61.9523
      ],
      [
        25.69293,
        61.95164
      ],
      [
        25.69368,
        61.95096
      ],
      [
        25.69428,
        61.95051
      ],
      [
        25.69544,
        61.9499
      ],
      [
        25.69626,
        61.9494
      ],
      [
        25.69761,
        61.94756
      ],
      [
        25.69827,
        61.94686
      ],
      [
        25.70225,
        61.94361
      ],
      [
        25.70367,
        61.94261
      ],
      [
        25.70473,
        61.94201
      ],
      [
        25.70646,
        61.94125
      ],
      [
        25.7073,
        61.94094
      ],
      [
        25.71932,
        61.93742
      ],
      [
        25.72073,
        61.93694
      ],
      [
        25.72269,
        61.93612
      ],
      [
        25.72402,
        61.93547
      ],
      [
        25.72523,
        61.93476
      ],
      [
        25.72616,
        61.93407
      ],
      [
        25.72741,
        61.93302
      ],
      [
        25.72811,
        61.93216
      ],
      [
        25.72869,
        61.93133
      ],
      [
        25.72911,
        61.93049
      ],
      [
        25.72947,
        61.92929
      ],
      [
        25.72957,
        61.92845
      ],
      [
        25.72938,
        61.92726
      ],
      [
        25.72893,
        61.92577
      ],
      [
        25.72883,
        61.92416
      ],
      [
        25.72896,
        61.92286
      ],
      [
        25.72935,
        61.92131
      ],
      [
        25.72944,
        61.92063
      ],
      [
        25.7294,
        61.91993
      ],
      [
        25.72918,
        61.91925
      ],
      [
        25.72879,
        61.91854
      ],
      [
        25.72832,
        61.91795
      ],
      [
        25.72769,
        61.91738
      ],
      [
        25.72678,
        61.91671
      ],
      [
        25.7257,
        61.91606
      ],
      [
        25.72451,
        61.91556
      ],
      [
        25.72339,
        61.91521
      ],
      [
        25.72198,
        61.91485
      ],
      [
        25.71982,
        61.9144
      ],
      [
        25.71861,
        61.91407
      ],
      [
        25.71783,
        61.91382
      ],
      [
        25.71641,
        61.9132
      ],
      [
        25.71533,
        61.91242
      ],
      [
        25.7137,
        61.91043
      ],
      [
        25.71294,
        61.90927
      ],
      [
        25.71293,
        61.90881
      ],
      [
        25.71329,
        61.90794
      ],
      [
        25.71341,
        61.90749
      ],
      [
        25.71336,
        61.90716
      ],
      [
        25.71343,
        61.90716
      ],
      [
        25.71291,
        61.90604
      ],
      [
        25.71289,
        61.90554
      ],
      [
        25.71307,
        61.90494
      ],
      [
        25.71309,
        61.90465
      ],
      [
        25.71284,
        61.90381
      ],
      [
        25.71245,
        61.90293
      ],
      [
        25.71241,
        61.90264
      ],
      [
        25.71268,
        61.90141
      ],
      [
        25.71283,
        61.90098
      ],
      [
        25.71311,
        61.90054
      ],
      [
        25.71355,
        61.90001
      ],
      [
        25.71421,
        61.89935
      ],
      [
        25.71491,
        61.89882
      ],
      [
        25.71618,
        61.89799
      ],
      [
        25.71654,
        61.89761
      ],
      [
        25.71673,
        61.89716
      ],
      [
        25.71675,
        61.89687
      ],
      [
        25.71678,
        61.89392
      ],
      [
        25.71686,
        61.8936
      ],
      [
        25.71712,
        61.8931
      ],
      [
        25.71737,
        61.89278
      ],
      [
        25.71775,
        61.89242
      ],
      [
        25.71848,
        61.89192
      ],
      [
        25.7249,
        61.88815
      ],
      [
        25.7253,
        61.88784
      ],
      [
        25.72638,
        61.88682
      ],
      [
        25.72848,
        61.88469
      ],
      [
        25.72917,
        61.88409
      ],
      [
        25.72954,
        61.88384
      ],
      [
        25.7302,
        61.8835
      ],
      [
        25.73523,
        61.88136
      ],
      [
        25.73625,
        61.88075
      ],
      [
        25.7371,
        61.8803
      ],
      [
        25.73785,
        61.87997
      ],
      [
        25.73872,
        61.8797
      ],
      [
        25.74243,
        61.87921
      ],
      [
        25.74315,
        61.87907
      ],
      [
        25.74418,
        61.87875
      ],
      [
        25.7451,
        61.87834
      ],
      [
        25.74571,
        61.87789
      ],
      [
        25.74628,
        61.87709
      ],
      [
        25.74683,
        61.87643
      ],
      [
        25.74725,
        61.87613
      ],
      [
        25.75674,
        61.87064
      ],
      [
        25.75728,
        61.87016
      ],
      [
        25.75759,
        61.86963
      ],
      [
        25.7577,
        61.86916
      ],
      [
        25.75752,
        61.8686
      ],
      [
        25.75709,
        61.86788
      ],
      [
        25.75692,
        61.86733
      ],
      [
        25.75688,
        61.86678
      ],
      [
        25.7574,
        61.86397
      ],
      [
        25.75766,
        61.86335
      ],
      [
        25.75793,
        61.86304
      ],
      [
        25.75826,
        61.86275
      ],
      [
        25.7587,
        61.86247
      ],
      [
        25.75996,
        61.86186
      ],
      [
        25.76106,
        61.86145
      ],
      [
        25.76297,
        61.8609
      ],
      [
        25.76401,
        61.86052
      ],
      [
        25.76472,
        61.86019
      ],
      [
        25.76659,
        61.85904
      ],
      [
        25.76827,
        61.85761
      ],
      [
        25.76975,
        61.85678
      ],
      [
        25.77133,
        61.85601
      ],
      [
        25.77455,
        61.85365
      ],
      [
        25.77567,
        61.85296
      ],
      [
        25.77679,
        61.85236
      ],
      [
        25.77767,
        61.8517
      ],
      [
        25.77792,
        61.85145
      ],
      [
        25.77834,
        61.85082
      ],
      [
        25.77846,
        61.85047
      ],
      [
        25.77848,
        61.8501
      ],
      [
        25.77843,
        61.84946
      ],
      [
        25.77767,
        61.84513
      ],
      [
        25.77783,
        61.84397
      ],
      [
        25.77898,
        61.84128
      ],
      [
        25.77939,
        61.84071
      ],
      [
        25.77982,
        61.84038
      ],
      [
        25.78022,
        61.84015
      ],
      [
        25.78137,
        61.83968
      ],
      [
        25.77878,
        61.83824
      ],
      [
        25.77816,
        61.83802
      ],
      [
        25.7772,
        61.83784
      ],
      [
        25.77587,
        61.83775
      ],
      [
        25.77464,
        61.83781
      ],
      [
        25.77283,
        61.8381
      ],
      [
        25.77084,
        61.83818
      ],
      [
        25.77024,
        61.83818
      ],
      [
        25.76665,
        61.83781
      ],
      [
        25.76592,
        61.83779
      ],
      [
        25.76517,
        61.83784
      ],
      [
        25.76351,
        61.83806
      ],
      [
        25.75728,
        61.83807
      ],
      [
        25.75652,
        61.83803
      ],
      [
        25.75425,
        61.8376
      ],
      [
        25.75367,
        61.83754
      ],
      [
        25.74852,
        61.83774
      ],
      [
        25.74793,
        61.83773
      ],
      [
        25.74472,
        61.83744
      ],
      [
        25.73777,
        61.83716
      ],
      [
        25.73503,
        61.8372
      ],
      [
        25.73263,
        61.83735
      ],
      [
        25.73102,
        61.83721
      ],
      [
        25.72953,
        61.83687
      ],
      [
        25.72894,
        61.83668
      ],
      [
        25.72827,
        61.83635
      ],
      [
        25.72748,
        61.83576
      ],
      [
        25.7272,
        61.83548
      ],
      [
        25.72681,
        61.83466
      ],
      [
        25.72654,
        61.83354
      ],
      [
        25.72616,
        61.83307
      ],
      [
        25.72524,
        61.83237
      ],
      [
        25.72498,
        61.83211
      ],
      [
        25.72481,
        61.83183
      ],
      [
        25.7245,
        61.83079
      ],
      [
        25.7243,
        61.83039
      ],
      [
        25.7239,
        61.82988
      ],
      [
        25.72237,
        61.82761
      ],
      [
        25.72198,
        61.82724
      ],
      [
        25.72015,
        61.82607
      ],
      [
        25.71842,
        61.82508
      ],
      [
        25.71755,
        61.82459
      ],
      [
        25.71704,
        61.82435
      ],
      [
        25.71664,
        61.82423
      ],
      [
        25.71537,
        61.82392
      ],
      [
        25.7148,
        61.82384
      ],
      [
        25.71339,
        61.82379
      ],
      [
        25.71256,
        61.82383
      ],
      [
        25.70932,
        61.82422
      ],
      [
        25.7059,
        61.82451
      ],
      [
        25.70456,
        61.82447
      ],
      [
        25.70291,
        61.82433
      ],
      [
        25.70106,
        61.8244
      ],
      [
        25.69798,
        61.82436
      ],
      [
        25.69591,
        61.82448
      ],
      [
        25.69467,
        61.82465
      ],
      [
        25.69326,
        61.82468
      ],
      [
        25.68937,
        61.82442
      ],
      [
        25.68722,
        61.82421
      ],
      [
        25.68525,
        61.82381
      ],
      [
        25.68427,
        61.82341
      ],
      [
        25.68354,
        61.82296
      ],
      [
        25.6832,
        61.82269
      ],
      [
        25.68289,
        61.82237
      ],
      [
        25.68265,
        61.82203
      ],
      [
        25.682,
        61.81951
      ],
      [
        25.6803,
        61.81644
      ],
      [
        25.68009,
        61.81596
      ],
      [
        25.68008,
        61.81533
      ],
      [
        25.68018,
        61.81494
      ],
      [
        25.6804,
        61.8146
      ],
      [
        25.68067,
        61.81431
      ],
      [
        25.68118,
        61.8139
      ],
      [
        25.68363,
        61.81218
      ],
      [
        25.68428,
        61.81156
      ],
      [
        25.6852,
        61.81027
      ],
      [
        25.6879,
        61.80756
      ],
      [
        25.6884,
        61.80689
      ],
      [
        25.68922,
        61.8054
      ],
      [
        25.68956,
        61.8046
      ],
      [
        25.68962,
        61.80399
      ],
      [
        25.690295,
        61.803992
      ],
      [
        25.693097,
        61.802941
      ],
      [
        25.693556,
        61.802734
      ],
      [
        25.694785,
        61.801917
      ],
      [
        25.695453,
        61.801598
      ],
      [
        25.697263,
        61.80104
      ],
      [
        25.69829,
        61.80054
      ],
      [
        25.698805,
        61.800343
      ],
      [
        25.703197,
        61.796856
      ],
      [
        25.703468,
        61.79678
      ],
      [
        25.70328,
        61.7967
      ],
      [
        25.701928,
        61.797729
      ],
      [
        25.69868,
        61.80033
      ],
      [
        25.69717,
        61.80099
      ],
      [
        25.69623,
        61.80124
      ],
      [
        25.69536,
        61.80154
      ],
      [
        25.6947,
        61.80188
      ],
      [
        25.69343,
        61.8027
      ],
      [
        25.69304,
        61.80289
      ],
      [
        25.69022,
        61.80392
      ],
      [
        25.689672,
        61.80388
      ],
      [
        25.68933,
        61.8033
      ],
      [
        25.68909,
        61.80302
      ],
      [
        25.68855,
        61.80259
      ],
      [
        25.68784,
        61.8022
      ],
      [
        25.6838,
        61.80028
      ],
      [
        25.68223,
        61.79988
      ],
      [
        25.67954,
        61.79955
      ],
      [
        25.6788,
        61.79939
      ],
      [
        25.6775,
        61.79896
      ],
      [
        25.67294,
        61.79692
      ],
      [
        25.67043,
        61.7962
      ],
      [
        25.6695,
        61.79584
      ],
      [
        25.66877,
        61.79548
      ],
      [
        25.66637,
        61.79413
      ],
      [
        25.6653,
        61.79364
      ],
      [
        25.66434,
        61.79335
      ],
      [
        25.65965,
        61.79212
      ],
      [
        25.6589,
        61.79186
      ],
      [
        25.65717,
        61.79101
      ],
      [
        25.65586,
        61.79057
      ],
      [
        25.65498,
        61.79016
      ],
      [
        25.65451,
        61.78987
      ],
      [
        25.65352,
        61.78899
      ],
      [
        25.65293,
        61.78862
      ],
      [
        25.6519,
        61.78819
      ],
      [
        25.65093,
        61.78794
      ],
      [
        25.65032,
        61.78784
      ],
      [
        25.64771,
        61.78753
      ],
      [
        25.64613,
        61.78715
      ],
      [
        25.64503,
        61.78668
      ],
      [
        25.64236,
        61.78511
      ],
      [
        25.64156,
        61.78476
      ],
      [
        25.63739,
        61.7832
      ],
      [
        25.63327,
        61.78115
      ],
      [
        25.63154,
        61.78065
      ],
      [
        25.62799,
        61.77982
      ],
      [
        25.62727,
        61.77959
      ],
      [
        25.62643,
        61.77923
      ],
      [
        25.62553,
        61.7786
      ],
      [
        25.62351,
        61.77687
      ],
      [
        25.62292,
        61.77645
      ],
      [
        25.61484,
        61.77199
      ],
      [
        25.61183,
        61.77093
      ],
      [
        25.61088,
        61.77071
      ],
      [
        25.60926,
        61.77047
      ],
      [
        25.60531,
        61.77006
      ],
      [
        25.60433,
        61.76979
      ],
      [
        25.60168,
        61.76885
      ],
      [
        25.6012,
        61.76872
      ],
      [
        25.59966,
        61.7684
      ],
      [
        25.5955,
        61.76771
      ],
      [
        25.59464,
        61.76747
      ],
      [
        25.59399,
        61.76721
      ],
      [
        25.59333,
        61.76681
      ],
      [
        25.593,
        61.76655
      ],
      [
        25.59265,
        61.76616
      ],
      [
        25.59239,
        61.7655
      ],
      [
        25.59228,
        61.76341
      ],
      [
        25.59215,
        61.76295
      ],
      [
        25.592,
        61.76268
      ],
      [
        25.59154,
        61.7622
      ],
      [
        25.59118,
        61.76192
      ],
      [
        25.59077,
        61.76168
      ],
      [
        25.59024,
        61.76143
      ],
      [
        25.58966,
        61.76124
      ],
      [
        25.58854,
        61.76098
      ],
      [
        25.57981,
        61.76
      ],
      [
        25.57862,
        61.75973
      ],
      [
        25.5776,
        61.75937
      ],
      [
        25.57649,
        61.75861
      ],
      [
        25.57172,
        61.75451
      ],
      [
        25.57126,
        61.75401
      ],
      [
        25.57092,
        61.75357
      ],
      [
        25.57079,
        61.75331
      ],
      [
        25.57073,
        61.75305
      ],
      [
        25.57083,
        61.75172
      ],
      [
        25.57076,
        61.75116
      ],
      [
        25.57054,
        61.75076
      ],
      [
        25.57022,
        61.7504
      ],
      [
        25.56525,
        61.74553
      ],
      [
        25.56406,
        61.74432
      ],
      [
        25.56386,
        61.74402
      ],
      [
        25.56368,
        61.74336
      ],
      [
        25.56369,
        61.74298
      ],
      [
        25.5639,
        61.7424
      ],
      [
        25.56475,
        61.74073
      ],
      [
        25.56483,
        61.74042
      ],
      [
        25.56482,
        61.73975
      ],
      [
        25.56465,
        61.73943
      ],
      [
        25.56439,
        61.73909
      ],
      [
        25.55888,
        61.73456
      ],
      [
        25.55795,
        61.73397
      ],
      [
        25.55687,
        61.73357
      ],
      [
        25.55616,
        61.7334
      ],
      [
        25.55258,
        61.73297
      ],
      [
        25.55097,
        61.73265
      ],
      [
        25.55024,
        61.7324
      ],
      [
        25.54571,
        61.7301
      ],
      [
        25.5449,
        61.72963
      ],
      [
        25.54438,
        61.72914
      ],
      [
        25.54418,
        61.72886
      ],
      [
        25.54404,
        61.72839
      ],
      [
        25.54402,
        61.72793
      ],
      [
        25.54468,
        61.72574
      ],
      [
        25.54492,
        61.72526
      ],
      [
        25.54562,
        61.7246
      ],
      [
        25.5538,
        61.71847
      ],
      [
        25.55894,
        61.7144
      ],
      [
        25.56278,
        61.71229
      ],
      [
        25.56509,
        61.71088
      ],
      [
        25.56574,
        61.71039
      ],
      [
        25.56626,
        61.70988
      ],
      [
        25.56866,
        61.70695
      ],
      [
        25.56966,
        61.70588
      ],
      [
        25.57117,
        61.70467
      ],
      [
        25.57217,
        61.70419
      ],
      [
        25.57328,
        61.70384
      ],
      [
        25.57402,
        61.70371
      ],
      [
        25.57618,
        61.70355
      ],
      [
        25.5819,
        61.70327
      ],
      [
        25.58277,
        61.70328
      ],
      [
        25.58744,
        61.70364
      ],
      [
        25.5884,
        61.70366
      ],
      [
        25.58923,
        61.70362
      ],
      [
        25.59636,
        61.70279
      ],
      [
        25.59816,
        61.70234
      ],
      [
        25.60146,
        61.70137
      ],
      [
        25.6021,
        61.70112
      ],
      [
        25.60874,
        61.69757
      ],
      [
        25.60954,
        61.6972
      ],
      [
        25.61033,
        61.69688
      ],
      [
        25.61386,
        61.69566
      ],
      [
        25.61438,
        61.69551
      ],
      [
        25.61557,
        61.69532
      ],
      [
        25.6164,
        61.69524
      ],
      [
        25.6174,
        61.69525
      ],
      [
        25.61847,
        61.69536
      ],
      [
        25.61937,
        61.69551
      ],
      [
        25.62447,
        61.69657
      ],
      [
        25.62538,
        61.69668
      ],
      [
        25.62619,
        61.69672
      ],
      [
        25.62756,
        61.69668
      ],
      [
        25.63268,
        61.69595
      ],
      [
        25.6338,
        61.69584
      ],
      [
        25.63474,
        61.69582
      ],
      [
        25.6392,
        61.69603
      ],
      [
        25.63961,
        61.69602
      ],
      [
        25.64077,
        61.69586
      ],
      [
        25.64173,
        61.69557
      ],
      [
        25.6425,
        61.69522
      ],
      [
        25.64316,
        61.69474
      ],
      [
        25.64607,
        61.69149
      ],
      [
        25.64666,
        61.69091
      ],
      [
        25.64737,
        61.69036
      ],
      [
        25.64822,
        61.68983
      ],
      [
        25.64941,
        61.68927
      ],
      [
        25.65074,
        61.68878
      ],
      [
        25.65493,
        61.68766
      ],
      [
        25.65602,
        61.68718
      ],
      [
        25.65673,
        61.68664
      ],
      [
        25.657,
        61.68632
      ],
      [
        25.65728,
        61.6857
      ],
      [
        25.6573,
        61.68535
      ],
      [
        25.65722,
        61.68502
      ],
      [
        25.65694,
        61.68449
      ],
      [
        25.6562,
        61.6838
      ],
      [
        25.65283,
        61.68126
      ],
      [
        25.65142,
        61.68008
      ],
      [
        25.65096,
        61.67953
      ],
      [
        25.65067,
        61.67909
      ],
      [
        25.64935,
        61.6766
      ],
      [
        25.64843,
        61.67503
      ],
      [
        25.64812,
        61.67468
      ],
      [
        25.64755,
        61.6742
      ],
      [
        25.64465,
        61.67225
      ],
      [
        25.64409,
        61.67199
      ],
      [
        25.64248,
        61.67149
      ],
      [
        25.64178,
        61.67135
      ],
      [
        25.64065,
        61.67123
      ],
      [
        25.63873,
        61.67116
      ],
      [
        25.62804,
        61.67172
      ],
      [
        25.62653,
        61.67162
      ],
      [
        25.62581,
        61.67151
      ],
      [
        25.62498,
        61.67131
      ],
      [
        25.62085,
        61.66998
      ],
      [
        25.62011,
        61.66968
      ],
      [
        25.61428,
        61.66686
      ],
      [
        25.61089,
        61.66514
      ],
      [
        25.61045,
        61.66489
      ],
      [
        25.60985,
        61.66431
      ],
      [
        25.60964,
        61.6638
      ],
      [
        25.60959,
        61.66349
      ],
      [
        25.60966,
        61.66311
      ],
      [
        25.61357,
        61.65564
      ],
      [
        25.61485,
        61.65392
      ],
      [
        25.61522,
        61.6533
      ],
      [
        25.61571,
        61.65132
      ],
      [
        25.61608,
        61.65039
      ],
      [
        25.61714,
        61.64897
      ],
      [
        25.61734,
        61.6486
      ],
      [
        25.61784,
        61.64728
      ],
      [
        25.61816,
        61.64695
      ],
      [
        25.61879,
        61.64646
      ],
      [
        25.61972,
        61.64604
      ],
      [
        25.62093,
        61.64572
      ],
      [
        25.62223,
        61.64556
      ],
      [
        25.62649,
        61.64521
      ],
      [
        25.63111,
        61.64427
      ],
      [
        25.63237,
        61.64395
      ],
      [
        25.63297,
        61.64375
      ],
      [
        25.63413,
        61.64321
      ],
      [
        25.63537,
        61.64242
      ],
      [
        25.63888,
        61.64004
      ],
      [
        25.64003,
        61.63946
      ],
      [
        25.64154,
        61.63888
      ],
      [
        25.64241,
        61.63836
      ],
      [
        25.64297,
        61.63776
      ],
      [
        25.64397,
        61.63627
      ],
      [
        25.64435,
        61.63587
      ],
      [
        25.64509,
        61.63543
      ],
      [
        25.64617,
        61.63505
      ],
      [
        25.65064,
        61.63381
      ],
      [
        25.65164,
        61.63344
      ],
      [
        25.6526,
        61.63293
      ],
      [
        25.6549,
        61.63124
      ],
      [
        25.65525,
        61.63091
      ],
      [
        25.65556,
        61.63055
      ],
      [
        25.65652,
        61.62901
      ],
      [
        25.6586,
        61.62732
      ],
      [
        25.66194,
        61.62324
      ],
      [
        25.66416,
        61.61859
      ],
      [
        25.66432,
        61.61812
      ],
      [
        25.66439,
        61.61764
      ],
      [
        25.66436,
        61.61699
      ],
      [
        25.66418,
        61.6162
      ],
      [
        25.66373,
        61.61541
      ],
      [
        25.66323,
        61.61481
      ],
      [
        25.66271,
        61.61397
      ],
      [
        25.66183,
        61.61225
      ],
      [
        25.66168,
        61.61182
      ],
      [
        25.6617,
        61.6114
      ],
      [
        25.66182,
        61.611
      ],
      [
        25.6621,
        61.61061
      ],
      [
        25.6636,
        61.60937
      ],
      [
        25.66418,
        61.60867
      ],
      [
        25.66481,
        61.60718
      ],
      [
        25.66486,
        61.60695
      ],
      [
        25.6648,
        61.60661
      ],
      [
        25.66454,
        61.60605
      ],
      [
        25.6642,
        61.60549
      ],
      [
        25.66333,
        61.60451
      ],
      [
        25.66312,
        61.60415
      ],
      [
        25.663,
        61.60385
      ],
      [
        25.66269,
        61.60228
      ],
      [
        25.66276,
        61.60174
      ],
      [
        25.66296,
        61.60115
      ],
      [
        25.66335,
        61.60051
      ],
      [
        25.6642,
        61.59958
      ],
      [
        25.66457,
        61.59901
      ],
      [
        25.66473,
        61.59844
      ],
      [
        25.6648,
        61.59735
      ],
      [
        25.66464,
        61.59636
      ],
      [
        25.66413,
        61.59529
      ],
      [
        25.66382,
        61.5947
      ],
      [
        25.66362,
        61.59444
      ],
      [
        25.66298,
        61.59318
      ],
      [
        25.66279,
        61.59228
      ],
      [
        25.66271,
        61.59147
      ],
      [
        25.66205,
        61.58948
      ],
      [
        25.66198,
        61.58895
      ],
      [
        25.66217,
        61.58734
      ],
      [
        25.66181,
        61.58599
      ],
      [
        25.66165,
        61.58512
      ],
      [
        25.66166,
        61.58484
      ],
      [
        25.66193,
        61.58363
      ],
      [
        25.66193,
        61.5834
      ],
      [
        25.66181,
        61.58304
      ],
      [
        25.66163,
        61.58272
      ],
      [
        25.66017,
        61.5812
      ],
      [
        25.65998,
        61.58092
      ],
      [
        25.65984,
        61.58053
      ],
      [
        25.65969,
        61.57777
      ],
      [
        25.6596,
        61.57741
      ],
      [
        25.6593,
        61.57698
      ],
      [
        25.65855,
        61.57647
      ],
      [
        25.65509,
        61.57488
      ],
      [
        25.65402,
        61.57416
      ],
      [
        25.65249,
        61.57247
      ],
      [
        25.6522,
        61.57193
      ],
      [
        25.65194,
        61.57096
      ],
      [
        25.6516,
        61.5703
      ],
      [
        25.6513,
        61.56987
      ],
      [
        25.651,
        61.56956
      ],
      [
        25.65052,
        61.56918
      ],
      [
        25.64879,
        61.56825
      ],
      [
        25.64802,
        61.56774
      ],
      [
        25.64725,
        61.56697
      ],
      [
        25.64697,
        61.56646
      ],
      [
        25.64673,
        61.56576
      ],
      [
        25.64675,
        61.56515
      ],
      [
        25.6469,
        61.56478
      ],
      [
        25.64763,
        61.56387
      ],
      [
        25.64787,
        61.56341
      ],
      [
        25.64788,
        61.56315
      ],
      [
        25.64769,
        61.56189
      ],
      [
        25.6477,
        61.56122
      ],
      [
        25.64822,
        61.55818
      ],
      [
        25.64841,
        61.55778
      ],
      [
        25.64909,
        61.5571
      ],
      [
        25.64954,
        61.55633
      ],
      [
        25.64979,
        61.55599
      ],
      [
        25.65018,
        61.55559
      ],
      [
        25.65085,
        61.5551
      ],
      [
        25.65278,
        61.55415
      ],
      [
        25.65373,
        61.55361
      ],
      [
        25.65492,
        61.55278
      ],
      [
        25.65533,
        61.55237
      ],
      [
        25.6556,
        61.55201
      ],
      [
        25.65576,
        61.5517
      ],
      [
        25.65585,
        61.55105
      ],
      [
        25.65554,
        61.54975
      ],
      [
        25.65561,
        61.54918
      ],
      [
        25.65571,
        61.54896
      ],
      [
        25.65627,
        61.54833
      ],
      [
        25.65758,
        61.54744
      ],
      [
        25.65824,
        61.54684
      ],
      [
        25.65857,
        61.54626
      ],
      [
        25.65875,
        61.54557
      ],
      [
        25.6587,
        61.54435
      ],
      [
        25.65889,
        61.54362
      ],
      [
        25.65943,
        61.54258
      ],
      [
        25.65967,
        61.54231
      ],
      [
        25.66043,
        61.5417
      ],
      [
        25.66065,
        61.54147
      ],
      [
        25.66087,
        61.54105
      ],
      [
        25.66107,
        61.54029
      ],
      [
        25.66119,
        61.54005
      ],
      [
        25.66234,
        61.53885
      ],
      [
        25.66247,
        61.53856
      ],
      [
        25.66256,
        61.53813
      ],
      [
        25.66236,
        61.53689
      ],
      [
        25.66242,
        61.53596
      ],
      [
        25.66233,
        61.53548
      ],
      [
        25.66199,
        61.53443
      ],
      [
        25.66179,
        61.53419
      ],
      [
        25.66116,
        61.53371
      ],
      [
        25.65955,
        61.5328
      ],
      [
        25.65905,
        61.53244
      ],
      [
        25.65871,
        61.53167
      ],
      [
        25.65871,
        61.53136
      ],
      [
        25.65901,
        61.53035
      ],
      [
        25.65898,
        61.53006
      ],
      [
        25.65858,
        61.5291
      ],
      [
        25.65908,
        61.52774
      ],
      [
        25.65925,
        61.52702
      ],
      [
        25.65901,
        61.52581
      ],
      [
        25.65905,
        61.5249
      ],
      [
        25.65918,
        61.52462
      ],
      [
        25.65985,
        61.52373
      ],
      [
        25.6601,
        61.52316
      ],
      [
        25.66028,
        61.52222
      ],
      [
        25.66027,
        61.52175
      ],
      [
        25.66001,
        61.52076
      ],
      [
        25.65976,
        61.52024
      ],
      [
        25.65861,
        61.51835
      ],
      [
        25.65843,
        61.51792
      ],
      [
        25.65805,
        61.51604
      ],
      [
        25.65745,
        61.51428
      ],
      [
        25.65744,
        61.51298
      ],
      [
        25.65751,
        61.51261
      ],
      [
        25.65767,
        61.51228
      ],
      [
        25.65795,
        61.51188
      ],
      [
        25.65838,
        61.51146
      ],
      [
        25.66026,
        61.51004
      ],
      [
        25.66061,
        61.50975
      ],
      [
        25.66102,
        61.5093
      ],
      [
        25.66174,
        61.50881
      ],
      [
        25.66269,
        61.50842
      ],
      [
        25.66263,
        61.50835
      ],
      [
        25.66264,
        61.50826
      ],
      [
        25.66315,
        61.50817
      ],
      [
        25.66453,
        61.50775
      ],
      [
        25.66552,
        61.50732
      ],
      [
        25.6663,
        61.50705
      ],
      [
        25.66935,
        61.50666
      ],
      [
        25.66998,
        61.50649
      ],
      [
        25.67038,
        61.50633
      ],
      [
        25.67101,
        61.50594
      ],
      [
        25.67143,
        61.50552
      ],
      [
        25.67157,
        61.50526
      ],
      [
        25.67168,
        61.50464
      ],
      [
        25.67178,
        61.50445
      ],
      [
        25.67232,
        61.50402
      ],
      [
        25.67302,
        61.50365
      ],
      [
        25.67448,
        61.50326
      ],
      [
        25.6749,
        61.5031
      ],
      [
        25.67557,
        61.50273
      ],
      [
        25.67617,
        61.50227
      ],
      [
        25.67657,
        61.50208
      ],
      [
        25.67772,
        61.50178
      ],
      [
        25.67841,
        61.50166
      ],
      [
        25.67949,
        61.50161
      ],
      [
        25.68389,
        61.50183
      ],
      [
        25.68447,
        61.50194
      ],
      [
        25.68497,
        61.50214
      ],
      [
        25.68901,
        61.50172
      ],
      [
        25.6907,
        61.5013
      ],
      [
        25.69124,
        61.50111
      ],
      [
        25.69191,
        61.5008
      ],
      [
        25.69255,
        61.50043
      ],
      [
        25.69282,
        61.50053
      ],
      [
        25.69346,
        61.50016
      ],
      [
        25.69639,
        61.49816
      ],
      [
        25.69709,
        61.49778
      ],
      [
        25.70038,
        61.49659
      ],
      [
        25.70195,
        61.49586
      ],
      [
        25.70278,
        61.49535
      ],
      [
        25.70339,
        61.49511
      ],
      [
        25.70452,
        61.49475
      ],
      [
        25.70627,
        61.49434
      ],
      [
        25.70943,
        61.49393
      ],
      [
        25.71076,
        61.49366
      ],
      [
        25.71199,
        61.49329
      ],
      [
        25.71296,
        61.49289
      ],
      [
        25.71349,
        61.49263
      ],
      [
        25.71431,
        61.49212
      ],
      [
        25.71552,
        61.49101
      ],
      [
        25.71636,
        61.49016
      ],
      [
        25.71781,
        61.48892
      ],
      [
        25.71799,
        61.48863
      ],
      [
        25.71804,
        61.48838
      ],
      [
        25.71856,
        61.48777
      ],
      [
        25.71911,
        61.48693
      ],
      [
        25.71945,
        61.48608
      ],
      [
        25.71959,
        61.48554
      ],
      [
        25.71964,
        61.48485
      ],
      [
        25.71965,
        61.48441
      ],
      [
        25.71953,
        61.48362
      ],
      [
        25.71939,
        61.48319
      ],
      [
        25.71902,
        61.48241
      ],
      [
        25.71841,
        61.4815
      ],
      [
        25.71746,
        61.48051
      ],
      [
        25.71615,
        61.47945
      ],
      [
        25.71547,
        61.47878
      ],
      [
        25.71482,
        61.47798
      ],
      [
        25.71419,
        61.4768
      ],
      [
        25.71396,
        61.47613
      ],
      [
        25.71289,
        61.47192
      ],
      [
        25.71264,
        61.46963
      ],
      [
        25.71263,
        61.46909
      ],
      [
        25.7128,
        61.46783
      ],
      [
        25.71321,
        61.46616
      ],
      [
        25.7135,
        61.46544
      ],
      [
        25.71379,
        61.46473
      ],
      [
        25.71465,
        61.46328
      ],
      [
        25.71566,
        61.46184
      ],
      [
        25.71701,
        61.46031
      ],
      [
        25.71965,
        61.45789
      ],
      [
        25.72034,
        61.45711
      ],
      [
        25.72096,
        61.45618
      ],
      [
        25.72153,
        61.45509
      ],
      [
        25.72427,
        61.44919
      ],
      [
        25.72443,
        61.44866
      ],
      [
        25.72451,
        61.44804
      ],
      [
        25.72447,
        61.44735
      ],
      [
        25.72434,
        61.44679
      ],
      [
        25.72401,
        61.44593
      ],
      [
        25.72364,
        61.44537
      ],
      [
        25.72274,
        61.4444
      ],
      [
        25.72206,
        61.44387
      ],
      [
        25.72146,
        61.44351
      ],
      [
        25.72062,
        61.44312
      ],
      [
        25.71807,
        61.44205
      ],
      [
        25.714,
        61.44047
      ],
      [
        25.71086,
        61.43955
      ],
      [
        25.70853,
        61.43909
      ],
      [
        25.69982,
        61.43804
      ],
      [
        25.69904,
        61.43791
      ],
      [
        25.69695,
        61.43742
      ],
      [
        25.69495,
        61.43678
      ],
      [
        25.69372,
        61.43627
      ],
      [
        25.68971,
        61.43428
      ],
      [
        25.68831,
        61.43346
      ],
      [
        25.68743,
        61.43272
      ],
      [
        25.6867,
        61.43182
      ],
      [
        25.68649,
        61.4314
      ],
      [
        25.68625,
        61.43071
      ],
      [
        25.68606,
        61.42945
      ],
      [
        25.68584,
        61.42883
      ],
      [
        25.68542,
        61.42827
      ],
      [
        25.68514,
        61.42795
      ],
      [
        25.68347,
        61.42651
      ],
      [
        25.68287,
        61.42587
      ],
      [
        25.68193,
        61.42473
      ],
      [
        25.68151,
        61.42432
      ],
      [
        25.67913,
        61.42234
      ],
      [
        25.67838,
        61.42155
      ],
      [
        25.67775,
        61.42068
      ],
      [
        25.6775,
        61.42021
      ],
      [
        25.67723,
        61.41956
      ],
      [
        25.67686,
        61.41809
      ],
      [
        25.67668,
        61.4176
      ],
      [
        25.67629,
        61.41697
      ],
      [
        25.67548,
        61.41614
      ],
      [
        25.67307,
        61.41416
      ],
      [
        25.67242,
        61.41353
      ],
      [
        25.67197,
        61.41303
      ],
      [
        25.67171,
        61.41266
      ],
      [
        25.67098,
        61.41144
      ],
      [
        25.67034,
        61.41075
      ],
      [
        25.66986,
        61.41039
      ],
      [
        25.66934,
        61.41008
      ],
      [
        25.66872,
        61.40979
      ],
      [
        25.66242,
        61.40743
      ],
      [
        25.66091,
        61.40676
      ],
      [
        25.65979,
        61.4061
      ],
      [
        25.65925,
        61.40571
      ],
      [
        25.65816,
        61.4047
      ],
      [
        25.65761,
        61.40395
      ],
      [
        25.6573,
        61.40336
      ],
      [
        25.65663,
        61.40159
      ],
      [
        25.65607,
        61.40084
      ],
      [
        25.6557,
        61.4005
      ],
      [
        25.6534,
        61.39882
      ],
      [
        25.65285,
        61.39834
      ],
      [
        25.65246,
        61.39789
      ],
      [
        25.65213,
        61.39741
      ],
      [
        25.65127,
        61.3952
      ],
      [
        25.6499,
        61.39293
      ],
      [
        25.6494,
        61.3918
      ],
      [
        25.64904,
        61.39037
      ],
      [
        25.64898,
        61.38929
      ],
      [
        25.64907,
        61.38838
      ],
      [
        25.64656,
        61.38816
      ],
      [
        25.6456,
        61.38823
      ],
      [
        25.6446,
        61.38838
      ],
      [
        25.6436,
        61.38838
      ],
      [
        25.64295,
        61.38832
      ],
      [
        25.63975,
        61.38773
      ],
      [
        25.63914,
        61.38767
      ],
      [
        25.63819,
        61.38764
      ],
      [
        25.63678,
        61.38775
      ],
      [
        25.63638,
        61.38774
      ],
      [
        25.63475,
        61.38757
      ],
      [
        25.63388,
        61.38757
      ],
      [
        25.63245,
        61.38746
      ],
      [
        25.63146,
        61.38734
      ],
      [
        25.62803,
        61.3863
      ],
      [
        25.62694,
        61.38585
      ],
      [
        25.62654,
        61.38562
      ],
      [
        25.62618,
        61.38535
      ],
      [
        25.62559,
        61.38479
      ],
      [
        25.62522,
        61.38418
      ],
      [
        25.62474,
        61.38304
      ],
      [
        25.62456,
        61.38281
      ],
      [
        25.62421,
        61.38254
      ],
      [
        25.6236,
        61.38228
      ],
      [
        25.62284,
        61.3821
      ],
      [
        25.62198,
        61.38203
      ],
      [
        25.62057,
        61.38203
      ],
      [
        25.61999,
        61.38194
      ],
      [
        25.61833,
        61.38115
      ],
      [
        25.61693,
        61.38061
      ],
      [
        25.61599,
        61.38032
      ],
      [
        25.61319,
        61.37984
      ],
      [
        25.61081,
        61.37912
      ],
      [
        25.60844,
        61.37863
      ],
      [
        25.60614,
        61.3783
      ],
      [
        25.6037,
        61.37768
      ],
      [
        25.60254,
        61.37746
      ],
      [
        25.6016,
        61.37743
      ],
      [
        25.59881,
        61.37797
      ],
      [
        25.59596,
        61.37825
      ],
      [
        25.59533,
        61.37823
      ],
      [
        25.59315,
        61.37801
      ],
      [
        25.58803,
        61.37785
      ],
      [
        25.58729,
        61.37775
      ],
      [
        25.58701,
        61.37767
      ],
      [
        25.58667,
        61.3775
      ],
      [
        25.58608,
        61.37699
      ],
      [
        25.58536,
        61.37622
      ],
      [
        25.58469,
        61.37506
      ],
      [
        25.5845,
        61.37487
      ],
      [
        25.58363,
        61.37436
      ],
      [
        25.58245,
        61.37353
      ],
      [
        25.58126,
        61.37295
      ],
      [
        25.5806,
        61.37251
      ],
      [
        25.58005,
        61.37183
      ],
      [
        25.57973,
        61.37162
      ],
      [
        25.57987,
        61.37132
      ],
      [
        25.5799,
        61.37111
      ],
      [
        25.57985,
        61.37088
      ],
      [
        25.57963,
        61.37042
      ],
      [
        25.58134,
        61.37033
      ],
      [
        25.58243,
        61.37014
      ],
      [
        25.58254,
        61.37006
      ],
      [
        25.58285,
        61.36961
      ],
      [
        25.58293,
        61.36939
      ],
      [
        25.58321,
        61.36902
      ],
      [
        25.5843,
        61.36806
      ],
      [
        25.58505,
        61.36774
      ],
      [
        25.5859,
        61.36729
      ],
      [
        25.58763,
        61.36657
      ],
      [
        25.58794,
        61.36647
      ],
      [
        25.58861,
        61.36636
      ],
      [
        25.59042,
        61.36587
      ],
      [
        25.59107,
        61.36577
      ],
      [
        25.59148,
        61.36578
      ],
      [
        25.59186,
        61.36572
      ],
      [
        25.59238,
        61.36561
      ],
      [
        25.59336,
        61.36531
      ],
      [
        25.59429,
        61.36522
      ],
      [
        25.59469,
        61.36515
      ],
      [
        25.59495,
        61.36505
      ],
      [
        25.59541,
        61.36479
      ],
      [
        25.59638,
        61.36445
      ],
      [
        25.59646,
        61.36412
      ],
      [
        25.5968,
        61.36376
      ],
      [
        25.59714,
        61.36357
      ],
      [
        25.59838,
        61.36319
      ],
      [
        25.59987,
        61.36258
      ],
      [
        25.60195,
        61.36148
      ],
      [
        25.60346,
        61.36061
      ],
      [
        25.60376,
        61.36035
      ],
      [
        25.60428,
        61.35976
      ],
      [
        25.60461,
        61.3591
      ],
      [
        25.60464,
        61.35894
      ],
      [
        25.60394,
        61.35659
      ],
      [
        25.60378,
        61.35633
      ],
      [
        25.60239,
        61.35478
      ],
      [
        25.60232,
        61.35462
      ],
      [
        25.60233,
        61.3538
      ],
      [
        25.60225,
        61.35347
      ],
      [
        25.60208,
        61.35333
      ],
      [
        25.60181,
        61.35323
      ],
      [
        25.60067,
        61.35292
      ],
      [
        25.60159,
        61.35193
      ],
      [
        25.60184,
        61.35175
      ],
      [
        25.60215,
        61.35162
      ],
      [
        25.60537,
        61.35068
      ],
      [
        25.60655,
        61.35045
      ],
      [
        25.61663,
        61.34943
      ],
      [
        25.61497,
        61.34816
      ],
      [
        25.61383,
        61.34748
      ],
      [
        25.61322,
        61.3472
      ],
      [
        25.61061,
        61.34624
      ],
      [
        25.60919,
        61.34576
      ],
      [
        25.60841,
        61.34555
      ],
      [
        25.59966,
        61.34346
      ],
      [
        25.59873,
        61.34333
      ],
      [
        25.59705,
        61.34324
      ],
      [
        25.59624,
        61.34309
      ],
      [
        25.5955,
        61.3428
      ],
      [
        25.59517,
        61.34263
      ],
      [
        25.59493,
        61.34244
      ],
      [
        25.5947,
        61.34218
      ],
      [
        25.59429,
        61.34147
      ],
      [
        25.59402,
        61.34115
      ],
      [
        25.59327,
        61.34053
      ],
      [
        25.59273,
        61.34023
      ],
      [
        25.59152,
        61.33968
      ],
      [
        25.59018,
        61.33923
      ],
      [
        25.58133,
        61.33701
      ],
      [
        25.5805,
        61.33674
      ],
      [
        25.57905,
        61.33615
      ],
      [
        25.57769,
        61.33545
      ],
      [
        25.57708,
        61.33505
      ],
      [
        25.57614,
        61.33431
      ],
      [
        25.57518,
        61.33326
      ],
      [
        25.57424,
        61.33203
      ],
      [
        25.57394,
        61.33169
      ],
      [
        25.57359,
        61.3314
      ],
      [
        25.57061,
        61.32951
      ],
      [
        25.56973,
        61.32887
      ],
      [
        25.56948,
        61.32859
      ],
      [
        25.56929,
        61.32822
      ],
      [
        25.56924,
        61.32794
      ],
      [
        25.56925,
        61.32716
      ],
      [
        25.56918,
        61.32683
      ],
      [
        25.56892,
        61.32629
      ],
      [
        25.56857,
        61.32588
      ],
      [
        25.56825,
        61.32559
      ],
      [
        25.56777,
        61.32526
      ],
      [
        25.5672,
        61.32493
      ],
      [
        25.56649,
        61.32464
      ],
      [
        25.55941,
        61.32265
      ],
      [
        25.55803,
        61.32221
      ],
      [
        25.55711,
        61.32175
      ],
      [
        25.55602,
        61.32094
      ],
      [
        25.55576,
        61.32065
      ],
      [
        25.55555,
        61.3203
      ],
      [
        25.55481,
        61.31818
      ],
      [
        25.55435,
        61.31715
      ],
      [
        25.55384,
        61.31646
      ],
      [
        25.5534,
        61.31599
      ],
      [
        25.55153,
        61.31442
      ],
      [
        25.5508,
        61.31369
      ],
      [
        25.5505,
        61.31313
      ],
      [
        25.54999,
        61.31155
      ],
      [
        25.5495,
        61.31072
      ],
      [
        25.54836,
        61.30901
      ],
      [
        25.54751,
        61.30823
      ],
      [
        25.54481,
        61.30642
      ],
      [
        25.54342,
        61.3056
      ],
      [
        25.5428,
        61.30518
      ],
      [
        25.54079,
        61.3035
      ],
      [
        25.54012,
        61.30265
      ],
      [
        25.53753,
        61.29907
      ],
      [
        25.5366,
        61.29755
      ],
      [
        25.53586,
        61.29665
      ],
      [
        25.53444,
        61.2952
      ],
      [
        25.5336,
        61.29412
      ],
      [
        25.53221,
        61.29183
      ],
      [
        25.53196,
        61.29106
      ],
      [
        25.53152,
        61.28927
      ],
      [
        25.53145,
        61.28868
      ],
      [
        25.53154,
        61.28807
      ],
      [
        25.53203,
        61.28698
      ],
      [
        25.53207,
        61.28655
      ],
      [
        25.53201,
        61.28632
      ],
      [
        25.53181,
        61.28592
      ],
      [
        25.53155,
        61.28559
      ],
      [
        25.52886,
        61.28242
      ],
      [
        25.52843,
        61.28167
      ],
      [
        25.52815,
        61.28054
      ],
      [
        25.52753,
        61.27715
      ],
      [
        25.52677,
        61.27537
      ],
      [
        25.52675,
        61.27454
      ],
      [
        25.52683,
        61.27367
      ],
      [
        25.52671,
        61.27298
      ],
      [
        25.5263,
        61.27237
      ],
      [
        25.52443,
        61.2702
      ],
      [
        25.52434,
        61.27021
      ],
      [
        25.5238,
        61.26961
      ],
      [
        25.52329,
        61.26914
      ],
      [
        25.52288,
        61.26887
      ],
      [
        25.52146,
        61.26744
      ],
      [
        25.52074,
        61.26645
      ],
      [
        25.52004,
        61.26533
      ],
      [
        25.51914,
        61.26404
      ],
      [
        25.5189,
        61.26338
      ],
      [
        25.51889,
        61.26276
      ],
      [
        25.51932,
        61.26131
      ],
      [
        25.51935,
        61.26058
      ],
      [
        25.51917,
        61.25989
      ],
      [
        25.51874,
        61.25903
      ],
      [
        25.51817,
        61.25822
      ],
      [
        25.51786,
        61.25787
      ],
      [
        25.51704,
        61.25723
      ],
      [
        25.51665,
        61.25702
      ],
      [
        25.51529,
        61.25609
      ],
      [
        25.51145,
        61.25326
      ],
      [
        25.51025,
        61.25269
      ],
      [
        25.50801,
        61.25187
      ],
      [
        25.50683,
        61.25133
      ],
      [
        25.50407,
        61.25023
      ],
      [
        25.50326,
        61.24977
      ],
      [
        25.50122,
        61.24824
      ],
      [
        25.49991,
        61.24697
      ],
      [
        25.4964,
        61.24421
      ],
      [
        25.49581,
        61.24364
      ],
      [
        25.49296,
        61.24118
      ],
      [
        25.49126,
        61.23949
      ],
      [
        25.49054,
        61.23865
      ],
      [
        25.4903,
        61.23843
      ],
      [
        25.4903,
        61.23819
      ],
      [
        25.48993,
        61.23719
      ],
      [
        25.4898,
        61.23613
      ],
      [
        25.49007,
        61.23448
      ],
      [
        25.49078,
        61.23328
      ],
      [
        25.49182,
        61.23202
      ],
      [
        25.49203,
        61.23161
      ],
      [
        25.49228,
        61.2313
      ],
      [
        25.49278,
        61.23027
      ],
      [
        25.4928,
        61.23011
      ],
      [
        25.49351,
        61.22916
      ],
      [
        25.49376,
        61.22894
      ],
      [
        25.49397,
        61.2286
      ],
      [
        25.49432,
        61.22768
      ],
      [
        25.49449,
        61.22693
      ],
      [
        25.49457,
        61.22636
      ],
      [
        25.49457,
        61.22554
      ],
      [
        25.4942,
        61.22449
      ],
      [
        25.49353,
        61.22298
      ],
      [
        25.49355,
        61.22174
      ],
      [
        25.49265,
        61.22012
      ],
      [
        25.49256,
        61.21993
      ],
      [
        25.49265,
        61.21979
      ],
      [
        25.49206,
        61.21866
      ],
      [
        25.49155,
        61.21785
      ],
      [
        25.49123,
        61.21701
      ],
      [
        25.49121,
        61.21662
      ],
      [
        25.49127,
        61.21625
      ],
      [
        25.49118,
        61.21547
      ],
      [
        25.49106,
        61.21501
      ],
      [
        25.49115,
        61.21468
      ],
      [
        25.49104,
        61.21434
      ],
      [
        25.49036,
        61.21322
      ],
      [
        25.48989,
        61.2126
      ],
      [
        25.48836,
        61.21098
      ],
      [
        25.48754,
        61.20997
      ],
      [
        25.48716,
        61.20928
      ],
      [
        25.48708,
        61.20885
      ],
      [
        25.48704,
        61.20707
      ],
      [
        25.48698,
        61.20663
      ],
      [
        25.48656,
        61.20559
      ],
      [
        25.48579,
        61.20435
      ],
      [
        25.48569,
        61.204
      ],
      [
        25.48564,
        61.20329
      ],
      [
        25.4857,
        61.20129
      ],
      [
        25.48648,
        61.19952
      ],
      [
        25.48672,
        61.19865
      ],
      [
        25.48645,
        61.19748
      ],
      [
        25.48666,
        61.19652
      ],
      [
        25.48704,
        61.19568
      ],
      [
        25.48856,
        61.19386
      ],
      [
        25.48908,
        61.193
      ],
      [
        25.48937,
        61.19264
      ],
      [
        25.48981,
        61.19225
      ],
      [
        25.49135,
        61.19116
      ],
      [
        25.49246,
        61.19044
      ],
      [
        25.49288,
        61.19025
      ],
      [
        25.49389,
        61.18992
      ],
      [
        25.49854,
        61.18894
      ],
      [
        25.50001,
        61.1887
      ],
      [
        25.50141,
        61.18857
      ],
      [
        25.50237,
        61.18839
      ],
      [
        25.50595,
        61.18744
      ],
      [
        25.50688,
        61.18712
      ],
      [
        25.50776,
        61.18666
      ],
      [
        25.50833,
        61.1863
      ],
      [
        25.51001,
        61.1851
      ],
      [
        25.51153,
        61.18437
      ],
      [
        25.51262,
        61.18394
      ],
      [
        25.51448,
        61.18288
      ],
      [
        25.51502,
        61.18254
      ],
      [
        25.51546,
        61.18202
      ],
      [
        25.51613,
        61.18153
      ],
      [
        25.5181,
        61.18062
      ],
      [
        25.51869,
        61.1804
      ],
      [
        25.52111,
        61.17985
      ],
      [
        25.52185,
        61.17975
      ],
      [
        25.52206,
        61.17965
      ],
      [
        25.52243,
        61.1796
      ],
      [
        25.52261,
        61.17963
      ],
      [
        25.52444,
        61.1794
      ],
      [
        25.52665,
        61.17907
      ],
      [
        25.52958,
        61.17848
      ],
      [
        25.53183,
        61.1781
      ],
      [
        25.5328,
        61.17784
      ],
      [
        25.53387,
        61.17747
      ],
      [
        25.53437,
        61.17721
      ],
      [
        25.53447,
        61.17708
      ],
      [
        25.53476,
        61.17692
      ],
      [
        25.53499,
        61.1769
      ],
      [
        25.53718,
        61.17577
      ],
      [
        25.5386,
        61.1751
      ],
      [
        25.53912,
        61.17475
      ],
      [
        25.54234,
        61.17303
      ],
      [
        25.54394,
        61.17254
      ],
      [
        25.54592,
        61.17219
      ],
      [
        25.54668,
        61.17198
      ],
      [
        25.54927,
        61.17171
      ],
      [
        25.55251,
        61.17119
      ],
      [
        25.55266,
        61.17121
      ],
      [
        25.55509,
        61.17099
      ],
      [
        25.55732,
        61.17094
      ],
      [
        25.56125,
        61.17102
      ],
      [
        25.56227,
        61.17095
      ],
      [
        25.56339,
        61.17076
      ],
      [
        25.56404,
        61.1706
      ],
      [
        25.56648,
        61.1699
      ],
      [
        25.57229,
        61.16917
      ],
      [
        25.57541,
        61.16854
      ],
      [
        25.57856,
        61.1681
      ],
      [
        25.58323,
        61.16705
      ],
      [
        25.58477,
        61.16675
      ],
      [
        25.58828,
        61.16625
      ],
      [
        25.58967,
        61.16587
      ],
      [
        25.59287,
        61.1648
      ],
      [
        25.59429,
        61.1642
      ],
      [
        25.59538,
        61.16388
      ],
      [
        25.59686,
        61.16366
      ],
      [
        25.59925,
        61.16351
      ],
      [
        25.60287,
        61.16285
      ],
      [
        25.6066,
        61.16239
      ],
      [
        25.60826,
        61.1619
      ],
      [
        25.60887,
        61.16163
      ],
      [
        25.60927,
        61.16136
      ],
      [
        25.60974,
        61.16123
      ],
      [
        25.61072,
        61.16082
      ],
      [
        25.61266,
        61.16029
      ],
      [
        25.61287,
        61.16041
      ],
      [
        25.61573,
        61.15989
      ],
      [
        25.61878,
        61.15945
      ],
      [
        25.61979,
        61.15924
      ],
      [
        25.6219,
        61.15863
      ],
      [
        25.62568,
        61.15789
      ],
      [
        25.62693,
        61.15772
      ],
      [
        25.62785,
        61.15766
      ],
      [
        25.63114,
        61.15755
      ],
      [
        25.63322,
        61.15755
      ],
      [
        25.63522,
        61.15765
      ],
      [
        25.63618,
        61.1576
      ],
      [
        25.64108,
        61.15666
      ],
      [
        25.64222,
        61.1562
      ],
      [
        25.64346,
        61.15558
      ],
      [
        25.64489,
        61.15459
      ],
      [
        25.64574,
        61.15407
      ],
      [
        25.64809,
        61.15275
      ],
      [
        25.64848,
        61.15243
      ],
      [
        25.64882,
        61.15205
      ],
      [
        25.64885,
        61.1519
      ],
      [
        25.64908,
        61.15164
      ],
      [
        25.64952,
        61.15074
      ],
      [
        25.64978,
        61.15034
      ],
      [
        25.65049,
        61.14949
      ],
      [
        25.65092,
        61.1491
      ],
      [
        25.65155,
        61.14863
      ],
      [
        25.6535,
        61.14746
      ],
      [
        25.65421,
        61.14679
      ],
      [
        25.65525,
        61.14548
      ],
      [
        25.65549,
        61.14525
      ],
      [
        25.65613,
        61.14473
      ],
      [
        25.65727,
        61.1441
      ],
      [
        25.6582,
        61.14365
      ],
      [
        25.65902,
        61.14306
      ],
      [
        25.65944,
        61.14283
      ],
      [
        25.65945,
        61.14278
      ],
      [
        25.6593,
        61.14273
      ],
      [
        25.65925,
        61.14265
      ],
      [
        25.66049,
        61.14208
      ],
      [
        25.66115,
        61.14188
      ],
      [
        25.66066,
        61.14145
      ],
      [
        25.66045,
        61.14112
      ],
      [
        25.66026,
        61.14093
      ],
      [
        25.65942,
        61.14026
      ],
      [
        25.65918,
        61.13997
      ],
      [
        25.65904,
        61.13968
      ],
      [
        25.65899,
        61.13939
      ],
      [
        25.65907,
        61.13863
      ],
      [
        25.6586,
        61.13758
      ],
      [
        25.65863,
        61.13711
      ],
      [
        25.65896,
        61.13609
      ],
      [
        25.65889,
        61.13549
      ],
      [
        25.65869,
        61.13498
      ],
      [
        25.6587,
        61.13476
      ],
      [
        25.65898,
        61.13388
      ],
      [
        25.65903,
        61.13349
      ],
      [
        25.6591,
        61.13343
      ],
      [
        25.6591,
        61.13335
      ],
      [
        25.65902,
        61.13331
      ],
      [
        25.659,
        61.1328
      ],
      [
        25.65925,
        61.13177
      ],
      [
        25.65915,
        61.13127
      ],
      [
        25.65922,
        61.13062
      ],
      [
        25.65942,
        61.12973
      ],
      [
        25.66015,
        61.12813
      ],
      [
        25.66035,
        61.12761
      ],
      [
        25.66037,
        61.12738
      ],
      [
        25.66026,
        61.12716
      ],
      [
        25.66006,
        61.12695
      ],
      [
        25.65835,
        61.12609
      ],
      [
        25.65766,
        61.1256
      ],
      [
        25.65648,
        61.1246
      ],
      [
        25.6561,
        61.12409
      ],
      [
        25.65598,
        61.12372
      ],
      [
        25.65598,
        61.12302
      ],
      [
        25.65625,
        61.12192
      ],
      [
        25.65629,
        61.12145
      ],
      [
        25.65567,
        61.12007
      ],
      [
        25.65499,
        61.11897
      ],
      [
        25.65494,
        61.11853
      ],
      [
        25.65496,
        61.11789
      ],
      [
        25.65456,
        61.11704
      ],
      [
        25.65452,
        61.11677
      ],
      [
        25.65475,
        61.11573
      ],
      [
        25.65476,
        61.11551
      ],
      [
        25.65464,
        61.11512
      ],
      [
        25.65399,
        61.11422
      ],
      [
        25.65306,
        61.11267
      ],
      [
        25.65238,
        61.11197
      ],
      [
        25.65152,
        61.11137
      ],
      [
        25.65089,
        61.11101
      ],
      [
        25.64873,
        61.11007
      ],
      [
        25.64544,
        61.10854
      ],
      [
        25.64479,
        61.1083
      ],
      [
        25.64296,
        61.10786
      ],
      [
        25.6428,
        61.10796
      ],
      [
        25.64245,
        61.10789
      ],
      [
        25.64177,
        61.10791
      ],
      [
        25.64177,
        61.10782
      ],
      [
        25.64074,
        61.10773
      ],
      [
        25.6398,
        61.10752
      ],
      [
        25.63938,
        61.10728
      ],
      [
        25.63781,
        61.10593
      ],
      [
        25.63756,
        61.10562
      ],
      [
        25.63725,
        61.10514
      ],
      [
        25.63711,
        61.10467
      ],
      [
        25.63721,
        61.10391
      ],
      [
        25.6369,
        61.10239
      ],
      [
        25.63686,
        61.10132
      ],
      [
        25.63708,
        61.10037
      ],
      [
        25.6371,
        61.10006
      ],
      [
        25.63685,
        61.09913
      ],
      [
        25.63657,
        61.09882
      ],
      [
        25.63611,
        61.09854
      ],
      [
        25.63342,
        61.09754
      ],
      [
        25.63285,
        61.09728
      ],
      [
        25.63277,
        61.0972
      ],
      [
        25.63237,
        61.09597
      ],
      [
        25.63221,
        61.09563
      ],
      [
        25.6322,
        61.09508
      ],
      [
        25.63155,
        61.09409
      ],
      [
        25.63132,
        61.09353
      ],
      [
        25.63142,
        61.09321
      ],
      [
        25.63178,
        61.09278
      ],
      [
        25.63319,
        61.09178
      ],
      [
        25.63343,
        61.0915
      ],
      [
        25.63355,
        61.0912
      ],
      [
        25.63351,
        61.0908
      ],
      [
        25.63261,
        61.08838
      ],
      [
        25.63252,
        61.08796
      ],
      [
        25.63264,
        61.08584
      ],
      [
        25.63275,
        61.0855
      ],
      [
        25.63337,
        61.08437
      ],
      [
        25.63344,
        61.08409
      ],
      [
        25.6334,
        61.08385
      ],
      [
        25.63318,
        61.08363
      ],
      [
        25.63201,
        61.08297
      ],
      [
        25.63174,
        61.08274
      ],
      [
        25.63156,
        61.08247
      ],
      [
        25.63158,
        61.08204
      ],
      [
        25.6318,
        61.0814
      ],
      [
        25.63177,
        61.08079
      ],
      [
        25.63149,
        61.08049
      ],
      [
        25.63122,
        61.08031
      ],
      [
        25.6303,
        61.07987
      ],
      [
        25.62981,
        61.07955
      ],
      [
        25.62927,
        61.07908
      ],
      [
        25.62914,
        61.07893
      ],
      [
        25.62905,
        61.07868
      ],
      [
        25.62915,
        61.07827
      ],
      [
        25.62961,
        61.07748
      ],
      [
        25.62976,
        61.0773
      ],
      [
        25.63061,
        61.07674
      ],
      [
        25.63083,
        61.07652
      ],
      [
        25.63105,
        61.07542
      ],
      [
        25.63099,
        61.07496
      ],
      [
        25.63063,
        61.07411
      ],
      [
        25.6299,
        61.07317
      ],
      [
        25.62971,
        61.07277
      ],
      [
        25.62963,
        61.0724
      ],
      [
        25.62964,
        61.0715
      ],
      [
        25.62981,
        61.07132
      ],
      [
        25.63224,
        61.07009
      ],
      [
        25.63297,
        61.06988
      ],
      [
        25.63668,
        61.06924
      ],
      [
        25.63718,
        61.06922
      ],
      [
        25.63874,
        61.06933
      ],
      [
        25.63952,
        61.06932
      ],
      [
        25.64063,
        61.06924
      ],
      [
        25.64219,
        61.069
      ],
      [
        25.64254,
        61.06901
      ],
      [
        25.6448,
        61.06949
      ],
      [
        25.64592,
        61.06967
      ],
      [
        25.64669,
        61.06973
      ],
      [
        25.64971,
        61.0697
      ],
      [
        25.6506,
        61.06956
      ],
      [
        25.65305,
        61.06889
      ],
      [
        25.65411,
        61.0687
      ],
      [
        25.65731,
        61.06828
      ],
      [
        25.65881,
        61.06794
      ],
      [
        25.65966,
        61.06767
      ],
      [
        25.65955,
        61.06762
      ],
      [
        25.66016,
        61.06734
      ],
      [
        25.66115,
        61.06674
      ],
      [
        25.66147,
        61.06665
      ],
      [
        25.66327,
        61.06591
      ],
      [
        25.66382,
        61.06558
      ],
      [
        25.6642,
        61.06521
      ],
      [
        25.66594,
        61.06289
      ],
      [
        25.66609,
        61.06265
      ],
      [
        25.66642,
        61.06157
      ],
      [
        25.66659,
        61.06139
      ],
      [
        25.66731,
        61.06105
      ],
      [
        25.66876,
        61.06057
      ],
      [
        25.66909,
        61.06051
      ],
      [
        25.66915,
        61.06031
      ],
      [
        25.66909,
        61.05671
      ],
      [
        25.66904,
        61.0564
      ],
      [
        25.66881,
        61.0563
      ],
      [
        25.66854,
        61.05603
      ],
      [
        25.66885,
        61.05478
      ],
      [
        25.6689,
        61.05423
      ],
      [
        25.66882,
        61.05404
      ],
      [
        25.66853,
        61.05374
      ],
      [
        25.66756,
        61.05316
      ],
      [
        25.6674,
        61.05301
      ],
      [
        25.66735,
        61.05285
      ],
      [
        25.66739,
        61.0527
      ],
      [
        25.66773,
        61.05229
      ],
      [
        25.66781,
        61.05212
      ],
      [
        25.6678,
        61.05191
      ],
      [
        25.66767,
        61.05175
      ],
      [
        25.66747,
        61.05167
      ],
      [
        25.66751,
        61.05163
      ],
      [
        25.66697,
        61.05084
      ],
      [
        25.66706,
        61.05077
      ],
      [
        25.66671,
        61.05071
      ],
      [
        25.66417,
        61.05087
      ],
      [
        25.66309,
        61.05075
      ],
      [
        25.66231,
        61.05057
      ],
      [
        25.66026,
        61.04949
      ],
      [
        25.65946,
        61.04957
      ],
      [
        25.65946,
        61.04924
      ],
      [
        25.65896,
        61.0491
      ],
      [
        25.65835,
        61.04881
      ],
      [
        25.65801,
        61.04876
      ],
      [
        25.6573,
        61.04878
      ],
      [
        25.65692,
        61.04873
      ],
      [
        25.65661,
        61.04863
      ],
      [
        25.65611,
        61.04821
      ],
      [
        25.65405,
        61.0474
      ],
      [
        25.65369,
        61.04718
      ],
      [
        25.65368,
        61.04695
      ],
      [
        25.65396,
        61.04635
      ],
      [
        25.65385,
        61.04611
      ],
      [
        25.65215,
        61.04513
      ],
      [
        25.6512,
        61.04452
      ],
      [
        25.65007,
        61.04416
      ],
      [
        25.65031,
        61.04385
      ],
      [
        25.6509,
        61.04327
      ],
      [
        25.65179,
        61.04249
      ],
      [
        25.65269,
        61.04192
      ],
      [
        25.6533,
        61.04163
      ],
      [
        25.65314,
        61.04155
      ],
      [
        25.65294,
        61.04153
      ],
      [
        25.65219,
        61.04082
      ],
      [
        25.64906,
        61.03901
      ],
      [
        25.64765,
        61.03809
      ],
      [
        25.64742,
        61.03789
      ],
      [
        25.64712,
        61.03748
      ],
      [
        25.64705,
        61.03721
      ],
      [
        25.64703,
        61.03652
      ],
      [
        25.6469,
        61.03592
      ],
      [
        25.64676,
        61.03566
      ],
      [
        25.64656,
        61.03544
      ],
      [
        25.64566,
        61.0346
      ],
      [
        25.64526,
        61.03414
      ],
      [
        25.64499,
        61.03361
      ],
      [
        25.64504,
        61.03285
      ],
      [
        25.64485,
        61.0327
      ],
      [
        25.64468,
        61.03264
      ],
      [
        25.64482,
        61.03254
      ],
      [
        25.64505,
        61.03217
      ],
      [
        25.64555,
        61.03168
      ],
      [
        25.64604,
        61.03125
      ],
      [
        25.64695,
        61.03059
      ],
      [
        25.64777,
        61.03014
      ],
      [
        25.64995,
        61.02917
      ],
      [
        25.6503,
        61.02889
      ],
      [
        25.65073,
        61.02815
      ],
      [
        25.65134,
        61.02739
      ],
      [
        25.65164,
        61.02712
      ],
      [
        25.65364,
        61.02571
      ],
      [
        25.65498,
        61.02498
      ],
      [
        25.65516,
        61.02484
      ],
      [
        25.65549,
        61.02438
      ],
      [
        25.65669,
        61.02378
      ],
      [
        25.65683,
        61.02365
      ],
      [
        25.65773,
        61.02239
      ],
      [
        25.65822,
        61.02197
      ],
      [
        25.65878,
        61.02167
      ],
      [
        25.661,
        61.02089
      ],
      [
        25.66136,
        61.02071
      ],
      [
        25.66144,
        61.02064
      ],
      [
        25.66143,
        61.02056
      ],
      [
        25.66095,
        61.02039
      ],
      [
        25.66042,
        61.02029
      ],
      [
        25.65667,
        61.02005
      ],
      [
        25.65584,
        61.02015
      ],
      [
        25.65315,
        61.02103
      ],
      [
        25.65233,
        61.02117
      ],
      [
        25.6503,
        61.02118
      ],
      [
        25.64881,
        61.02132
      ],
      [
        25.64873,
        61.02123
      ],
      [
        25.64851,
        61.02113
      ],
      [
        25.64767,
        61.02087
      ],
      [
        25.64799,
        61.02037
      ],
      [
        25.64803,
        61.02019
      ],
      [
        25.64762,
        61.01924
      ],
      [
        25.6475,
        61.01812
      ],
      [
        25.64767,
        61.01761
      ],
      [
        25.64798,
        61.01724
      ],
      [
        25.64814,
        61.01686
      ],
      [
        25.64815,
        61.01671
      ],
      [
        25.64798,
        61.01651
      ],
      [
        25.64731,
        61.01617
      ],
      [
        25.64679,
        61.01623
      ],
      [
        25.64675,
        61.01614
      ],
      [
        25.64648,
        61.01589
      ],
      [
        25.64617,
        61.01568
      ],
      [
        25.64476,
        61.01502
      ],
      [
        25.64532,
        61.01469
      ],
      [
        25.64597,
        61.01405
      ],
      [
        25.64628,
        61.01389
      ],
      [
        25.64614,
        61.01358
      ],
      [
        25.6463,
        61.01298
      ],
      [
        25.64654,
        61.01263
      ],
      [
        25.64673,
        61.01248
      ],
      [
        25.64713,
        61.01227
      ],
      [
        25.64786,
        61.01201
      ],
      [
        25.64963,
        61.01167
      ],
      [
        25.65082,
        61.01126
      ],
      [
        25.65141,
        61.01099
      ],
      [
        25.65164,
        61.01085
      ],
      [
        25.65198,
        61.01052
      ],
      [
        25.65304,
        61.0092
      ],
      [
        25.65312,
        61.00904
      ],
      [
        25.65315,
        61.0088
      ],
      [
        25.65296,
        61.00684
      ],
      [
        25.65275,
        61.00642
      ],
      [
        25.65139,
        61.00493
      ],
      [
        25.6499,
        61.00404
      ],
      [
        25.64957,
        61.00375
      ],
      [
        25.64946,
        61.00353
      ],
      [
        25.64945,
        61.00311
      ],
      [
        25.64955,
        61.00293
      ],
      [
        25.64988,
        61.00262
      ],
      [
        25.65041,
        61.00232
      ],
      [
        25.65041,
        61.0022
      ],
      [
        25.65056,
        61.00205
      ],
      [
        25.64915,
        61.00195
      ],
      [
        25.64912,
        61.00186
      ],
      [
        25.6488,
        61.0017
      ],
      [
        25.64803,
        61.00141
      ],
      [
        25.64792,
        61.00123
      ],
      [
        25.64797,
        61.00099
      ],
      [
        25.6477,
        61.00072
      ],
      [
        25.64765,
        61.00056
      ],
      [
        25.64766,
        61.00038
      ],
      [
        25.6479,
        61.00005
      ],
      [
        25.64886,
        60.99978
      ],
      [
        25.64932,
        60.99957
      ],
      [
        25.64974,
        60.99933
      ],
      [
        25.65018,
        60.99889
      ],
      [
        25.65039,
        60.9984
      ],
      [
        25.65038,
        60.99803
      ],
      [
        25.65034,
        60.99789
      ],
      [
        25.64994,
        60.99729
      ],
      [
        25.65136,
        60.99642
      ],
      [
        25.65169,
        60.99587
      ],
      [
        25.65115,
        60.99565
      ],
      [
        25.65128,
        60.99545
      ],
      [
        25.65105,
        60.99533
      ],
      [
        25.64886,
        60.99445
      ],
      [
        25.64825,
        60.99428
      ],
      [
        25.64857,
        60.99389
      ],
      [
        25.64862,
        60.99376
      ],
      [
        25.6476,
        60.99355
      ],
      [
        25.64625,
        60.9929
      ],
      [
        25.64445,
        60.99081
      ],
      [
        25.64097,
        60.98718
      ],
      [
        25.63743,
        60.98337
      ],
      [
        25.63924,
        60.98298
      ],
      [
        25.63956,
        60.98283
      ],
      [
        25.63965,
        60.9827
      ],
      [
        25.63989,
        60.98262
      ],
      [
        25.64006,
        60.98262
      ],
      [
        25.64067,
        60.9828
      ],
      [
        25.6413,
        60.9829
      ],
      [
        25.64581,
        60.98344
      ],
      [
        25.6457,
        60.98365
      ],
      [
        25.64792,
        60.98391
      ],
      [
        25.64801,
        60.98363
      ],
      [
        25.64911,
        60.98355
      ],
      [
        25.6495,
        60.98316
      ],
      [
        25.6496,
        60.98315
      ],
      [
        25.6511,
        60.98352
      ],
      [
        25.65689,
        60.98302
      ],
      [
        25.66107,
        60.98259
      ],
      [
        25.66002,
        60.97982
      ],
      [
        25.65888,
        60.97863
      ],
      [
        25.65836,
        60.978
      ],
      [
        25.65851,
        60.9779
      ],
      [
        25.6586,
        60.97757
      ],
      [
        25.65862,
        60.97667
      ],
      [
        25.65848,
        60.9761
      ],
      [
        25.65815,
        60.97549
      ],
      [
        25.65879,
        60.97542
      ],
      [
        25.65844,
        60.97454
      ],
      [
        25.65801,
        60.9732
      ],
      [
        25.65776,
        60.97203
      ],
      [
        25.65638,
        60.96759
      ],
      [
        25.65666,
        60.96697
      ],
      [
        25.65678,
        60.96684
      ],
      [
        25.65776,
        60.9662
      ],
      [
        25.65778,
        60.96612
      ],
      [
        25.65769,
        60.9659
      ],
      [
        25.66055,
        60.96562
      ],
      [
        25.66093,
        60.96553
      ],
      [
        25.65987,
        60.96459
      ],
      [
        25.65945,
        60.96416
      ],
      [
        25.65983,
        60.96408
      ],
      [
        25.65997,
        60.96392
      ],
      [
        25.65956,
        60.96367
      ],
      [
        25.65921,
        60.96314
      ],
      [
        25.65913,
        60.96291
      ],
      [
        25.65913,
        60.96252
      ],
      [
        25.65888,
        60.962
      ],
      [
        25.65884,
        60.96173
      ],
      [
        25.65889,
        60.96109
      ],
      [
        25.65879,
        60.96077
      ],
      [
        25.65879,
        60.96045
      ],
      [
        25.65893,
        60.95939
      ],
      [
        25.65891,
        60.95869
      ],
      [
        25.65884,
        60.9584
      ],
      [
        25.65818,
        60.95841
      ],
      [
        25.65794,
        60.95853
      ],
      [
        25.656,
        60.95858
      ],
      [
        25.65461,
        60.95856
      ],
      [
        25.65396,
        60.95843
      ],
      [
        25.65364,
        60.95831
      ],
      [
        25.65344,
        60.95817
      ],
      [
        25.6533,
        60.95795
      ],
      [
        25.65315,
        60.95751
      ],
      [
        25.65302,
        60.95741
      ],
      [
        25.65221,
        60.95638
      ],
      [
        25.65198,
        60.95593
      ],
      [
        25.65092,
        60.95485
      ],
      [
        25.65075,
        60.95449
      ],
      [
        25.65052,
        60.95428
      ],
      [
        25.65016,
        60.95406
      ],
      [
        25.64913,
        60.95283
      ],
      [
        25.64895,
        60.95258
      ],
      [
        25.64843,
        60.95152
      ],
      [
        25.64771,
        60.95048
      ],
      [
        25.64746,
        60.94998
      ],
      [
        25.64698,
        60.9485
      ],
      [
        25.64665,
        60.94658
      ],
      [
        25.64662,
        60.94593
      ],
      [
        25.64665,
        60.9458
      ],
      [
        25.64711,
        60.94518
      ],
      [
        25.64743,
        60.945
      ],
      [
        25.64735,
        60.94491
      ],
      [
        25.64634,
        60.94429
      ],
      [
        25.64567,
        60.94369
      ],
      [
        25.64478,
        60.94267
      ],
      [
        25.64437,
        60.94233
      ],
      [
        25.6431,
        60.94147
      ],
      [
        25.64295,
        60.9413
      ],
      [
        25.64285,
        60.94107
      ],
      [
        25.64256,
        60.93985
      ],
      [
        25.64288,
        60.93919
      ],
      [
        25.64341,
        60.93837
      ],
      [
        25.6437,
        60.93756
      ],
      [
        25.64365,
        60.93751
      ],
      [
        25.64378,
        60.93723
      ],
      [
        25.64413,
        60.93668
      ],
      [
        25.64471,
        60.93592
      ],
      [
        25.64508,
        60.93555
      ],
      [
        25.64601,
        60.93476
      ],
      [
        25.64812,
        60.93351
      ],
      [
        25.64859,
        60.93328
      ],
      [
        25.64868,
        60.93317
      ],
      [
        25.64845,
        60.93309
      ],
      [
        25.65013,
        60.93212
      ],
      [
        25.65089,
        60.93182
      ],
      [
        25.65173,
        60.93157
      ],
      [
        25.6527,
        60.93135
      ],
      [
        25.65554,
        60.93089
      ],
      [
        25.65697,
        60.93093
      ],
      [
        25.65963,
        60.9314
      ],
      [
        25.66119,
        60.93158
      ],
      [
        25.66268,
        60.93161
      ],
      [
        25.66351,
        60.93157
      ],
      [
        25.66398,
        60.93146
      ],
      [
        25.6687,
        60.93103
      ],
      [
        25.66948,
        60.93092
      ],
      [
        25.67107,
        60.93062
      ],
      [
        25.67203,
        60.93028
      ],
      [
        25.67483,
        60.92875
      ],
      [
        25.67584,
        60.92762
      ],
      [
        25.67638,
        60.92718
      ],
      [
        25.67712,
        60.92674
      ],
      [
        25.67778,
        60.92649
      ],
      [
        25.67903,
        60.92616
      ],
      [
        25.68106,
        60.92551
      ],
      [
        25.68156,
        60.92532
      ],
      [
        25.68207,
        60.92505
      ],
      [
        25.6827,
        60.92442
      ],
      [
        25.68357,
        60.92315
      ],
      [
        25.68368,
        60.92278
      ],
      [
        25.68368,
        60.92238
      ],
      [
        25.68363,
        60.92217
      ],
      [
        25.68349,
        60.92209
      ],
      [
        25.68356,
        60.92181
      ],
      [
        25.68352,
        60.9214
      ],
      [
        25.68371,
        60.921
      ],
      [
        25.68424,
        60.92057
      ],
      [
        25.68597,
        60.91985
      ],
      [
        25.68654,
        60.91952
      ],
      [
        25.6872,
        60.919
      ],
      [
        25.68734,
        60.9188
      ],
      [
        25.6878,
        60.91703
      ],
      [
        25.68788,
        60.91647
      ],
      [
        25.68812,
        60.91573
      ],
      [
        25.68815,
        60.91537
      ],
      [
        25.68806,
        60.91508
      ],
      [
        25.68698,
        60.9138
      ],
      [
        25.68688,
        60.91354
      ],
      [
        25.68688,
        60.91327
      ],
      [
        25.68728,
        60.91231
      ],
      [
        25.68795,
        60.91149
      ],
      [
        25.68809,
        60.91122
      ],
      [
        25.68818,
        60.91073
      ],
      [
        25.68814,
        60.91044
      ],
      [
        25.68839,
        60.90983
      ],
      [
        25.68901,
        60.90917
      ],
      [
        25.68935,
        60.90896
      ],
      [
        25.69038,
        60.90804
      ],
      [
        25.69094,
        60.90761
      ],
      [
        25.69246,
        60.90673
      ],
      [
        25.69251,
        60.90668
      ],
      [
        25.69248,
        60.90665
      ],
      [
        25.69268,
        60.90653
      ],
      [
        25.6929,
        60.90645
      ],
      [
        25.69369,
        60.90594
      ],
      [
        25.69427,
        60.90569
      ],
      [
        25.6946,
        60.90547
      ],
      [
        25.69531,
        60.90439
      ],
      [
        25.69656,
        60.90327
      ],
      [
        25.69723,
        60.90254
      ],
      [
        25.69749,
        60.90138
      ],
      [
        25.69737,
        60.90006
      ],
      [
        25.69775,
        60.89867
      ],
      [
        25.69793,
        60.89835
      ],
      [
        25.6983,
        60.89807
      ],
      [
        25.69944,
        60.89751
      ],
      [
        25.70043,
        60.89669
      ],
      [
        25.70186,
        60.89588
      ],
      [
        25.7022,
        60.89558
      ],
      [
        25.70258,
        60.89513
      ],
      [
        25.70289,
        60.89457
      ],
      [
        25.7032,
        60.89453
      ],
      [
        25.70317,
        60.89419
      ],
      [
        25.70278,
        60.89357
      ],
      [
        25.70289,
        60.89322
      ],
      [
        25.70308,
        60.893
      ],
      [
        25.70302,
        60.89293
      ],
      [
        25.70305,
        60.89282
      ],
      [
        25.70332,
        60.89242
      ],
      [
        25.70328,
        60.89201
      ],
      [
        25.70302,
        60.89156
      ],
      [
        25.70231,
        60.89095
      ],
      [
        25.70163,
        60.8905
      ],
      [
        25.70128,
        60.89006
      ],
      [
        25.70118,
        60.8897
      ],
      [
        25.70097,
        60.88941
      ],
      [
        25.69926,
        60.88828
      ],
      [
        25.6989,
        60.88792
      ],
      [
        25.69867,
        60.88753
      ],
      [
        25.69834,
        60.88715
      ],
      [
        25.69798,
        60.88687
      ],
      [
        25.69741,
        60.88652
      ],
      [
        25.69704,
        60.88635
      ],
      [
        25.69479,
        60.88562
      ],
      [
        25.69372,
        60.88542
      ],
      [
        25.69164,
        60.88521
      ],
      [
        25.69275,
        60.88198
      ],
      [
        25.69339,
        60.8806
      ],
      [
        25.69416,
        60.87939
      ],
      [
        25.69522,
        60.87796
      ],
      [
        25.69768,
        60.87552
      ],
      [
        25.69941,
        60.87404
      ],
      [
        25.70106,
        60.87247
      ],
      [
        25.70363,
        60.87021
      ],
      [
        25.70456,
        60.86978
      ],
      [
        25.70477,
        60.86963
      ],
      [
        25.70506,
        60.86928
      ],
      [
        25.70542,
        60.86867
      ],
      [
        25.70651,
        60.86784
      ],
      [
        25.70657,
        60.86773
      ],
      [
        25.70654,
        60.86736
      ],
      [
        25.70659,
        60.86716
      ],
      [
        25.70798,
        60.8654
      ],
      [
        25.70857,
        60.86455
      ],
      [
        25.71007,
        60.86215
      ],
      [
        25.71069,
        60.86145
      ],
      [
        25.71076,
        60.86118
      ],
      [
        25.71118,
        60.86029
      ],
      [
        25.71133,
        60.85985
      ],
      [
        25.71174,
        60.85822
      ],
      [
        25.71201,
        60.85666
      ],
      [
        25.71213,
        60.85409
      ],
      [
        25.7122,
        60.85362
      ],
      [
        25.71231,
        60.85344
      ],
      [
        25.71256,
        60.85327
      ],
      [
        25.71305,
        60.8531
      ],
      [
        25.71324,
        60.85294
      ],
      [
        25.71333,
        60.85273
      ],
      [
        25.71327,
        60.85266
      ],
      [
        25.71367,
        60.85206
      ],
      [
        25.71392,
        60.85158
      ],
      [
        25.71419,
        60.85088
      ],
      [
        25.71541,
        60.8486
      ],
      [
        25.71575,
        60.84774
      ],
      [
        25.71578,
        60.84723
      ],
      [
        25.71564,
        60.84644
      ],
      [
        25.71547,
        60.84599
      ],
      [
        25.71497,
        60.84516
      ],
      [
        25.71507,
        60.84392
      ],
      [
        25.7149,
        60.84266
      ],
      [
        25.71469,
        60.84166
      ],
      [
        25.71464,
        60.84101
      ],
      [
        25.71469,
        60.84035
      ],
      [
        25.71482,
        60.83971
      ],
      [
        25.7151,
        60.839
      ],
      [
        25.71547,
        60.83832
      ],
      [
        25.71653,
        60.83685
      ],
      [
        25.71958,
        60.83281
      ],
      [
        25.72064,
        60.83159
      ],
      [
        25.72151,
        60.83079
      ],
      [
        25.72236,
        60.8301
      ],
      [
        25.72636,
        60.82704
      ],
      [
        25.72678,
        60.82668
      ],
      [
        25.72778,
        60.82561
      ],
      [
        25.72834,
        60.82483
      ],
      [
        25.72866,
        60.82428
      ],
      [
        25.72987,
        60.82133
      ],
      [
        25.72999,
        60.82057
      ],
      [
        25.7303,
        60.81989
      ],
      [
        25.7304,
        60.81954
      ],
      [
        25.73053,
        60.81944
      ],
      [
        25.73059,
        60.81854
      ],
      [
        25.73044,
        60.81587
      ],
      [
        25.7303,
        60.81516
      ],
      [
        25.73037,
        60.81452
      ],
      [
        25.73026,
        60.81379
      ],
      [
        25.72978,
        60.81186
      ],
      [
        25.72957,
        60.81072
      ],
      [
        25.72963,
        60.81061
      ],
      [
        25.72909,
        60.81059
      ],
      [
        25.72878,
        60.8105
      ],
      [
        25.72832,
        60.81046
      ],
      [
        25.7252,
        60.81051
      ],
      [
        25.72258,
        60.81038
      ],
      [
        25.7182,
        60.80996
      ],
      [
        25.71822,
        60.80988
      ],
      [
        25.71632,
        60.80972
      ],
      [
        25.71496,
        60.80967
      ],
      [
        25.70828,
        60.80984
      ],
      [
        25.70552,
        60.80981
      ],
      [
        25.7031,
        60.80968
      ],
      [
        25.70202,
        60.80967
      ],
      [
        25.69387,
        60.81013
      ],
      [
        25.69284,
        60.81006
      ],
      [
        25.68963,
        60.80966
      ],
      [
        25.68832,
        60.8096
      ],
      [
        25.68625,
        60.80987
      ],
      [
        25.68512,
        60.81021
      ],
      [
        25.68419,
        60.8104
      ],
      [
        25.68323,
        60.81045
      ],
      [
        25.68262,
        60.81043
      ],
      [
        25.68159,
        60.81027
      ],
      [
        25.68078,
        60.81024
      ],
      [
        25.67869,
        60.81036
      ],
      [
        25.67778,
        60.81052
      ],
      [
        25.67649,
        60.81094
      ],
      [
        25.67442,
        60.81141
      ],
      [
        25.67102,
        60.8119
      ],
      [
        25.66484,
        60.81201
      ],
      [
        25.66317,
        60.81212
      ],
      [
        25.66106,
        60.81233
      ],
      [
        25.65959,
        60.81253
      ],
      [
        25.65809,
        60.81282
      ],
      [
        25.656,
        60.81347
      ],
      [
        25.65493,
        60.81374
      ],
      [
        25.6544,
        60.81382
      ],
      [
        25.65256,
        60.81387
      ],
      [
        25.65157,
        60.81397
      ],
      [
        25.64971,
        60.81403
      ],
      [
        25.6462,
        60.81426
      ],
      [
        25.64216,
        60.81435
      ],
      [
        25.64147,
        60.81441
      ],
      [
        25.64058,
        60.81456
      ],
      [
        25.63825,
        60.81502
      ],
      [
        25.63807,
        60.81488
      ],
      [
        25.63756,
        60.81431
      ],
      [
        25.63718,
        60.81411
      ],
      [
        25.63535,
        60.81371
      ],
      [
        25.63322,
        60.81334
      ],
      [
        25.63127,
        60.81324
      ],
      [
        25.63018,
        60.81336
      ],
      [
        25.62901,
        60.81325
      ],
      [
        25.62775,
        60.8133
      ],
      [
        25.62165,
        60.81313
      ],
      [
        25.62133,
        60.81309
      ],
      [
        25.62076,
        60.81292
      ],
      [
        25.62004,
        60.81258
      ],
      [
        25.61908,
        60.81222
      ],
      [
        25.61889,
        60.8121
      ],
      [
        25.6185,
        60.81159
      ],
      [
        25.61834,
        60.81146
      ],
      [
        25.61744,
        60.81115
      ],
      [
        25.61554,
        60.80953
      ],
      [
        25.61516,
        60.8093
      ],
      [
        25.61491,
        60.80922
      ],
      [
        25.6145,
        60.80915
      ],
      [
        25.61262,
        60.80901
      ],
      [
        25.61055,
        60.80899
      ],
      [
        25.60994,
        60.80886
      ],
      [
        25.60929,
        60.8086
      ],
      [
        25.60918,
        60.80848
      ],
      [
        25.60898,
        60.80807
      ],
      [
        25.60866,
        60.80784
      ],
      [
        25.60357,
        60.80641
      ],
      [
        25.602,
        60.80593
      ],
      [
        25.60078,
        60.80548
      ],
      [
        25.59563,
        60.80456
      ],
      [
        25.59426,
        60.80424
      ],
      [
        25.59299,
        60.80387
      ],
      [
        25.58973,
        60.80275
      ],
      [
        25.58722,
        60.80205
      ],
      [
        25.5866,
        60.802
      ],
      [
        25.58543,
        60.80211
      ],
      [
        25.58487,
        60.80204
      ],
      [
        25.58458,
        60.80192
      ],
      [
        25.584,
        60.80146
      ],
      [
        25.58313,
        60.80095
      ],
      [
        25.58271,
        60.8008
      ],
      [
        25.58143,
        60.80051
      ],
      [
        25.58029,
        60.80017
      ],
      [
        25.57895,
        60.79992
      ],
      [
        25.57447,
        60.79576
      ],
      [
        25.57356,
        60.79523
      ],
      [
        25.56932,
        60.79298
      ],
      [
        25.56895,
        60.79265
      ],
      [
        25.56836,
        60.79171
      ],
      [
        25.56779,
        60.79123
      ],
      [
        25.56729,
        60.79099
      ],
      [
        25.56668,
        60.79081
      ],
      [
        25.56599,
        60.79067
      ],
      [
        25.56525,
        60.79062
      ],
      [
        25.56452,
        60.79063
      ],
      [
        25.56281,
        60.79076
      ],
      [
        25.55938,
        60.79103
      ],
      [
        25.55859,
        60.79113
      ],
      [
        25.54802,
        60.7932
      ],
      [
        25.54416,
        60.794
      ],
      [
        25.542,
        60.79453
      ],
      [
        25.54141,
        60.79463
      ],
      [
        25.54016,
        60.79471
      ],
      [
        25.53895,
        60.79462
      ],
      [
        25.53834,
        60.79462
      ],
      [
        25.53663,
        60.79482
      ],
      [
        25.53467,
        60.79495
      ],
      [
        25.53406,
        60.79508
      ],
      [
        25.53321,
        60.79536
      ],
      [
        25.53275,
        60.79558
      ],
      [
        25.53247,
        60.79585
      ],
      [
        25.53201,
        60.79645
      ],
      [
        25.53131,
        60.79693
      ],
      [
        25.53087,
        60.79706
      ],
      [
        25.52945,
        60.79727
      ],
      [
        25.52811,
        60.79754
      ],
      [
        25.52718,
        60.79785
      ],
      [
        25.52688,
        60.79804
      ],
      [
        25.52653,
        60.79856
      ],
      [
        25.52565,
        60.79943
      ],
      [
        25.52529,
        60.79969
      ],
      [
        25.52482,
        60.79991
      ],
      [
        25.52197,
        60.80061
      ],
      [
        25.5206,
        60.80106
      ],
      [
        25.51835,
        60.80149
      ],
      [
        25.51735,
        60.80152
      ],
      [
        25.51575,
        60.80143
      ],
      [
        25.51482,
        60.8015
      ],
      [
        25.51342,
        60.80185
      ],
      [
        25.51157,
        60.80248
      ],
      [
        25.51102,
        60.80262
      ],
      [
        25.51038,
        60.80265
      ],
      [
        25.50937,
        60.80261
      ],
      [
        25.50844,
        60.80248
      ],
      [
        25.50736,
        60.80218
      ],
      [
        25.50535,
        60.80144
      ],
      [
        25.50485,
        60.80119
      ],
      [
        25.50421,
        60.80078
      ],
      [
        25.50341,
        60.80045
      ],
      [
        25.50072,
        60.79957
      ],
      [
        25.50015,
        60.79945
      ],
      [
        25.49921,
        60.79932
      ],
      [
        25.49819,
        60.79929
      ],
      [
        25.49458,
        60.79958
      ],
      [
        25.49383,
        60.79954
      ],
      [
        25.49384,
        60.79948
      ],
      [
        25.49378,
        60.79945
      ],
      [
        25.49237,
        60.79924
      ],
      [
        25.49173,
        60.79923
      ],
      [
        25.48932,
        60.79948
      ],
      [
        25.48905,
        60.79958
      ],
      [
        25.48765,
        60.80037
      ],
      [
        25.48718,
        60.80057
      ],
      [
        25.48552,
        60.80092
      ],
      [
        25.48515,
        60.80107
      ],
      [
        25.4837,
        60.80222
      ],
      [
        25.48358,
        60.80236
      ],
      [
        25.48317,
        60.80364
      ],
      [
        25.48306,
        60.80381
      ],
      [
        25.48284,
        60.80397
      ],
      [
        25.48193,
        60.80421
      ],
      [
        25.48197,
        60.80426
      ],
      [
        25.48143,
        60.80435
      ],
      [
        25.47846,
        60.8045
      ],
      [
        25.47774,
        60.80455
      ],
      [
        25.4775,
        60.80461
      ],
      [
        25.46893,
        60.79596
      ],
      [
        25.46822,
        60.79497
      ],
      [
        25.46753,
        60.7938
      ],
      [
        25.46658,
        60.7925
      ],
      [
        25.45944,
        60.78341
      ],
      [
        25.45782,
        60.78125
      ],
      [
        25.45566,
        60.77865
      ],
      [
        25.45193,
        60.77345
      ],
      [
        25.44737,
        60.76692
      ],
      [
        25.44659,
        60.76593
      ],
      [
        25.44571,
        60.76501
      ],
      [
        25.44455,
        60.76401
      ],
      [
        25.43605,
        60.75631
      ],
      [
        25.43305,
        60.75355
      ],
      [
        25.4325,
        60.75298
      ],
      [
        25.43205,
        60.75231
      ],
      [
        25.43183,
        60.75174
      ],
      [
        25.4318,
        60.75047
      ],
      [
        25.4322,
        60.74834
      ],
      [
        25.43217,
        60.74789
      ],
      [
        25.43205,
        60.74751
      ],
      [
        25.43171,
        60.74683
      ],
      [
        25.43108,
        60.74579
      ],
      [
        25.42973,
        60.74406
      ],
      [
        25.42915,
        60.74317
      ],
      [
        25.42794,
        60.74095
      ],
      [
        25.42778,
        60.74027
      ],
      [
        25.42774,
        60.73983
      ],
      [
        25.42782,
        60.73888
      ],
      [
        25.42777,
        60.73808
      ],
      [
        25.42767,
        60.73774
      ],
      [
        25.42739,
        60.7372
      ],
      [
        25.42709,
        60.73683
      ],
      [
        25.42644,
        60.73608
      ],
      [
        25.42574,
        60.73538
      ],
      [
        25.41845,
        60.72899
      ],
      [
        25.41695,
        60.7273
      ],
      [
        25.41657,
        60.72673
      ],
      [
        25.41638,
        60.72623
      ],
      [
        25.41616,
        60.72524
      ],
      [
        25.41604,
        60.72497
      ],
      [
        25.4157,
        60.72449
      ],
      [
        25.41519,
        60.724
      ],
      [
        25.41455,
        60.72357
      ],
      [
        25.41405,
        60.7233
      ],
      [
        25.41351,
        60.72308
      ],
      [
        25.41294,
        60.72288
      ],
      [
        25.41012,
        60.72212
      ],
      [
        25.40962,
        60.72195
      ],
      [
        25.40892,
        60.72163
      ],
      [
        25.4075,
        60.72075
      ],
      [
        25.40371,
        60.71823
      ],
      [
        25.40259,
        60.71744
      ],
      [
        25.40139,
        60.71642
      ],
      [
        25.40028,
        60.71503
      ],
      [
        25.39661,
        60.70919
      ],
      [
        25.39348,
        60.70528
      ],
      [
        25.39164,
        60.70312
      ],
      [
        25.39081,
        60.70228
      ],
      [
        25.38756,
        60.69931
      ],
      [
        25.38515,
        60.69676
      ],
      [
        25.38376,
        60.69715
      ],
      [
        25.38278,
        60.6964
      ],
      [
        25.38175,
        60.69521
      ],
      [
        25.37946,
        60.69594
      ],
      [
        25.37899,
        60.69599
      ],
      [
        25.37738,
        60.6958
      ],
      [
        25.37609,
        60.69572
      ],
      [
        25.3754,
        60.69573
      ],
      [
        25.37379,
        60.6959
      ],
      [
        25.37124,
        60.69545
      ],
      [
        25.37079,
        60.69533
      ],
      [
        25.3705,
        60.69517
      ],
      [
        25.36979,
        60.6946
      ],
      [
        25.36923,
        60.69437
      ],
      [
        25.36794,
        60.69402
      ],
      [
        25.36639,
        60.69374
      ],
      [
        25.36603,
        60.69359
      ],
      [
        25.36547,
        60.69347
      ],
      [
        25.36414,
        60.69331
      ],
      [
        25.36323,
        60.69335
      ],
      [
        25.3619,
        60.6933
      ],
      [
        25.36132,
        60.69334
      ],
      [
        25.35936,
        60.69377
      ],
      [
        25.35813,
        60.69379
      ],
      [
        25.35764,
        60.69389
      ],
      [
        25.35666,
        60.69435
      ],
      [
        25.35616,
        60.6947
      ],
      [
        25.35575,
        60.69531
      ],
      [
        25.35554,
        60.69547
      ],
      [
        25.35513,
        60.69563
      ],
      [
        25.35448,
        60.69577
      ],
      [
        25.35078,
        60.69609
      ],
      [
        25.34952,
        60.69629
      ],
      [
        25.34751,
        60.69677
      ],
      [
        25.34586,
        60.69693
      ],
      [
        25.34472,
        60.69718
      ],
      [
        25.34354,
        60.69726
      ],
      [
        25.343,
        60.69717
      ],
      [
        25.34062,
        60.69652
      ],
      [
        25.34008,
        60.69643
      ],
      [
        25.33817,
        60.6963
      ],
      [
        25.33767,
        60.69637
      ],
      [
        25.33723,
        60.69647
      ],
      [
        25.33608,
        60.69693
      ],
      [
        25.33557,
        60.69708
      ],
      [
        25.33508,
        60.69714
      ],
      [
        25.33355,
        60.69712
      ],
      [
        25.33287,
        60.69721
      ],
      [
        25.33224,
        60.69737
      ],
      [
        25.33163,
        60.69763
      ],
      [
        25.32825,
        60.69954
      ],
      [
        25.32761,
        60.69981
      ],
      [
        25.32693,
        60.70003
      ],
      [
        25.32556,
        60.70038
      ],
      [
        25.31976,
        60.70128
      ],
      [
        25.31452,
        60.70234
      ],
      [
        25.31362,
        60.70247
      ],
      [
        25.31301,
        60.70251
      ],
      [
        25.30928,
        60.70252
      ],
      [
        25.30862,
        60.70245
      ],
      [
        25.30797,
        60.7023
      ],
      [
        25.30749,
        60.70213
      ],
      [
        25.30704,
        60.70187
      ],
      [
        25.30556,
        60.70071
      ],
      [
        25.3036,
        60.69897
      ],
      [
        25.30113,
        60.6965
      ],
      [
        25.3001,
        60.69515
      ],
      [
        25.29983,
        60.69486
      ],
      [
        25.29948,
        60.69465
      ],
      [
        25.29906,
        60.69451
      ],
      [
        25.29811,
        60.69433
      ],
      [
        25.29622,
        60.69409
      ],
      [
        25.29525,
        60.69405
      ],
      [
        25.29421,
        60.69391
      ],
      [
        25.29094,
        60.69331
      ],
      [
        25.2893,
        60.69307
      ],
      [
        25.2886,
        60.69303
      ],
      [
        25.28614,
        60.69304
      ],
      [
        25.28558,
        60.69292
      ],
      [
        25.28514,
        60.69271
      ],
      [
        25.28433,
        60.69215
      ],
      [
        25.28359,
        60.69176
      ],
      [
        25.28269,
        60.69137
      ],
      [
        25.2812,
        60.69081
      ],
      [
        25.28039,
        60.69058
      ],
      [
        25.27974,
        60.69033
      ],
      [
        25.27867,
        60.68966
      ],
      [
        25.27799,
        60.68938
      ],
      [
        25.27547,
        60.68896
      ],
      [
        25.2744,
        60.68902
      ],
      [
        25.27122,
        60.6894
      ],
      [
        25.27054,
        60.68938
      ],
      [
        25.26961,
        60.68916
      ],
      [
        25.26682,
        60.68819
      ],
      [
        25.26551,
        60.68758
      ],
      [
        25.26532,
        60.68742
      ],
      [
        25.26496,
        60.68697
      ],
      [
        25.26457,
        60.68597
      ],
      [
        25.26437,
        60.68502
      ],
      [
        25.26426,
        60.68475
      ],
      [
        25.26402,
        60.6844
      ],
      [
        25.26335,
        60.68367
      ],
      [
        25.26302,
        60.68348
      ],
      [
        25.26183,
        60.68302
      ],
      [
        25.2617,
        60.68291
      ],
      [
        25.26164,
        60.68278
      ],
      [
        25.26241,
        60.68264
      ],
      [
        25.26289,
        60.6825
      ],
      [
        25.26519,
        60.68167
      ],
      [
        25.26579,
        60.68141
      ],
      [
        25.26611,
        60.68118
      ],
      [
        25.26621,
        60.68103
      ],
      [
        25.26653,
        60.68017
      ],
      [
        25.26681,
        60.67972
      ],
      [
        25.26706,
        60.67954
      ],
      [
        25.26823,
        60.67891
      ],
      [
        25.26928,
        60.67812
      ],
      [
        25.27033,
        60.67721
      ],
      [
        25.27276,
        60.67602
      ],
      [
        25.275,
        60.67522
      ],
      [
        25.27547,
        60.67499
      ],
      [
        25.2757,
        60.67482
      ],
      [
        25.27598,
        60.67449
      ],
      [
        25.27616,
        60.67415
      ],
      [
        25.27857,
        60.66814
      ],
      [
        25.2794,
        60.66628
      ],
      [
        25.28007,
        60.6651
      ],
      [
        25.28036,
        60.66483
      ],
      [
        25.28062,
        60.66467
      ],
      [
        25.28305,
        60.66346
      ],
      [
        25.28345,
        60.66313
      ],
      [
        25.2838,
        60.66251
      ],
      [
        25.28375,
        60.66194
      ],
      [
        25.2838,
        60.66153
      ],
      [
        25.28409,
        60.66085
      ],
      [
        25.28489,
        60.65999
      ],
      [
        25.28629,
        60.65929
      ],
      [
        25.28652,
        60.65912
      ],
      [
        25.28669,
        60.65889
      ],
      [
        25.28704,
        60.65809
      ],
      [
        25.28761,
        60.65758
      ],
      [
        25.28797,
        60.65735
      ],
      [
        25.28834,
        60.65719
      ],
      [
        25.29104,
        60.65615
      ],
      [
        25.29147,
        60.65588
      ],
      [
        25.29164,
        60.65572
      ],
      [
        25.29206,
        60.65504
      ],
      [
        25.29267,
        60.65463
      ],
      [
        25.29287,
        60.65454
      ],
      [
        25.29299,
        60.65461
      ],
      [
        25.29472,
        60.65404
      ],
      [
        25.29594,
        60.65343
      ],
      [
        25.29613,
        60.6532
      ],
      [
        25.29641,
        60.65231
      ],
      [
        25.29661,
        60.65196
      ],
      [
        25.29719,
        60.65132
      ],
      [
        25.29742,
        60.65117
      ],
      [
        25.29813,
        60.65083
      ],
      [
        25.29889,
        60.65055
      ],
      [
        25.3006,
        60.65
      ],
      [
        25.30074,
        60.64988
      ],
      [
        25.30049,
        60.6497
      ],
      [
        25.30054,
        60.64961
      ],
      [
        25.30278,
        60.64887
      ],
      [
        25.30362,
        60.64849
      ],
      [
        25.30385,
        60.64829
      ],
      [
        25.30386,
        60.64825
      ],
      [
        25.30372,
        60.64812
      ],
      [
        25.30381,
        60.64799
      ],
      [
        25.30406,
        60.64793
      ],
      [
        25.30444,
        60.64739
      ],
      [
        25.30478,
        60.64701
      ],
      [
        25.3057,
        60.64629
      ],
      [
        25.30616,
        60.64569
      ],
      [
        25.30657,
        60.64451
      ],
      [
        25.30662,
        60.644
      ],
      [
        25.30679,
        60.64361
      ],
      [
        25.30708,
        60.64264
      ],
      [
        25.30703,
        60.64237
      ],
      [
        25.30672,
        60.64181
      ],
      [
        25.30671,
        60.64162
      ],
      [
        25.30705,
        60.64126
      ],
      [
        25.30718,
        60.64065
      ],
      [
        25.30758,
        60.63989
      ],
      [
        25.30855,
        60.63858
      ],
      [
        25.30909,
        60.63766
      ],
      [
        25.30947,
        60.63719
      ],
      [
        25.30981,
        60.63687
      ],
      [
        25.31091,
        60.63598
      ],
      [
        25.31357,
        60.63406
      ],
      [
        25.31357,
        60.634
      ],
      [
        25.30943,
        60.63113
      ],
      [
        25.30894,
        60.63088
      ],
      [
        25.30786,
        60.63007
      ],
      [
        25.30572,
        60.62913
      ],
      [
        25.29968,
        60.62694
      ],
      [
        25.3,
        60.62671
      ],
      [
        25.29538,
        60.62502
      ],
      [
        25.29128,
        60.62361
      ],
      [
        25.28544,
        60.62149
      ],
      [
        25.28375,
        60.62079
      ],
      [
        25.28089,
        60.61953
      ],
      [
        25.27893,
        60.61854
      ],
      [
        25.27788,
        60.61795
      ],
      [
        25.27624,
        60.61686
      ],
      [
        25.27481,
        60.61574
      ],
      [
        25.27337,
        60.61436
      ],
      [
        25.27312,
        60.61442
      ],
      [
        25.26302,
        60.60481
      ],
      [
        25.26159,
        60.60358
      ],
      [
        25.26013,
        60.60243
      ],
      [
        25.25492,
        60.59888
      ],
      [
        25.25032,
        60.59589
      ],
      [
        25.23978,
        60.58888
      ],
      [
        25.23483,
        60.58538
      ],
      [
        25.23242,
        60.5835
      ],
      [
        25.22856,
        60.58033
      ],
      [
        25.22599,
        60.57807
      ],
      [
        25.22301,
        60.57519
      ],
      [
        25.21369,
        60.56572
      ],
      [
        25.21155,
        60.56362
      ],
      [
        25.19664,
        60.55065
      ],
      [
        25.19295,
        60.54726
      ],
      [
        25.19101,
        60.54534
      ],
      [
        25.18808,
        60.54219
      ],
      [
        25.16779,
        60.51903
      ],
      [
        25.16748,
        60.51905
      ],
      [
        25.16301,
        60.5139
      ],
      [
        25.16154,
        60.51214
      ],
      [
        25.16106,
        60.51176
      ],
      [
        25.16063,
        60.51102
      ],
      [
        25.16025,
        60.51051
      ],
      [
        25.16001,
        60.50997
      ],
      [
        25.15909,
        60.50862
      ],
      [
        25.15691,
        60.50402
      ],
      [
        25.15645,
        60.50358
      ],
      [
        25.15645,
        60.50324
      ],
      [
        25.15666,
        60.50303
      ],
      [
        25.15498,
        60.49965
      ],
      [
        25.15277,
        60.49582
      ],
      [
        25.15111,
        60.49326
      ],
      [
        25.14953,
        60.49108
      ],
      [
        25.1454,
        60.48587
      ],
      [
        25.14453,
        60.48439
      ],
      [
        25.14402,
        60.48313
      ],
      [
        25.1438,
        60.48225
      ],
      [
        25.14195,
        60.47196
      ],
      [
        25.14156,
        60.47196
      ],
      [
        25.14107,
        60.47044
      ],
      [
        25.14091,
        60.47038
      ],
      [
        25.13836,
        60.47016
      ],
      [
        25.13519,
        60.46972
      ],
      [
        25.13345,
        60.46935
      ],
      [
        25.13278,
        60.46925
      ],
      [
        25.13224,
        60.46908
      ],
      [
        25.13062,
        60.46838
      ],
      [
        25.12993,
        60.46815
      ],
      [
        25.12931,
        60.46775
      ],
      [
        25.12637,
        60.46656
      ],
      [
        25.1235,
        60.46547
      ],
      [
        25.1224,
        60.46523
      ],
      [
        25.1218,
        60.46519
      ],
      [
        25.12004,
        60.46525
      ],
      [
        25.11784,
        60.46518
      ],
      [
        25.11763,
        60.46526
      ],
      [
        25.1171,
        60.46528
      ],
      [
        25.11677,
        60.46519
      ],
      [
        25.11372,
        60.4652
      ],
      [
        25.10551,
        60.46474
      ],
      [
        25.10485,
        60.46475
      ],
      [
        25.10433,
        60.46468
      ],
      [
        25.10174,
        60.46467
      ],
      [
        25.09876,
        60.46475
      ],
      [
        25.09751,
        60.46468
      ],
      [
        25.09733,
        60.46477
      ],
      [
        25.09689,
        60.46473
      ],
      [
        25.09672,
        60.46458
      ],
      [
        25.09642,
        60.46448
      ],
      [
        25.08704,
        60.46278
      ],
      [
        25.08684,
        60.46288
      ],
      [
        25.08603,
        60.46292
      ],
      [
        25.08584,
        60.46271
      ],
      [
        25.08586,
        60.46249
      ],
      [
        25.08574,
        60.46213
      ],
      [
        25.08593,
        60.46192
      ],
      [
        25.08604,
        60.46169
      ],
      [
        25.086,
        60.46145
      ],
      [
        25.08553,
        60.46012
      ],
      [
        25.08541,
        60.45988
      ],
      [
        25.08497,
        60.45948
      ],
      [
        25.08463,
        60.45899
      ],
      [
        25.08393,
        60.45759
      ],
      [
        25.08346,
        60.45678
      ],
      [
        25.08315,
        60.45655
      ],
      [
        25.08316,
        60.4564
      ],
      [
        25.08311,
        60.45635
      ],
      [
        25.08252,
        60.45612
      ],
      [
        25.08236,
        60.45592
      ],
      [
        25.08245,
        60.45548
      ],
      [
        25.08246,
        60.45498
      ],
      [
        25.08229,
        60.45431
      ],
      [
        25.08216,
        60.45409
      ],
      [
        25.08156,
        60.45349
      ],
      [
        25.08104,
        60.45313
      ],
      [
        25.08041,
        60.45212
      ],
      [
        25.07901,
        60.45067
      ],
      [
        25.0785,
        60.44987
      ],
      [
        25.07821,
        60.44928
      ],
      [
        25.07791,
        60.44831
      ],
      [
        25.07783,
        60.44781
      ],
      [
        25.07783,
        60.44634
      ],
      [
        25.07778,
        60.44602
      ],
      [
        25.07711,
        60.44472
      ],
      [
        25.07571,
        60.4438
      ],
      [
        25.07551,
        60.4434
      ],
      [
        25.07493,
        60.44283
      ],
      [
        25.07094,
        60.43952
      ],
      [
        25.06917,
        60.43828
      ],
      [
        25.06569,
        60.436
      ],
      [
        25.05963,
        60.43299
      ],
      [
        25.05812,
        60.43215
      ],
      [
        25.05632,
        60.43099
      ],
      [
        25.05583,
        60.43062
      ],
      [
        25.05504,
        60.42993
      ],
      [
        25.05469,
        60.42952
      ],
      [
        25.05436,
        60.42903
      ],
      [
        25.05392,
        60.42806
      ],
      [
        25.05379,
        60.42754
      ],
      [
        25.0535,
        60.42523
      ],
      [
        25.05315,
        60.42472
      ],
      [
        25.05336,
        60.42429
      ],
      [
        25.05311,
        60.42195
      ],
      [
        25.05285,
        60.42045
      ],
      [
        25.05283,
        60.41975
      ],
      [
        25.05276,
        60.41962
      ],
      [
        25.05223,
        60.41708
      ],
      [
        25.05104,
        60.41541
      ],
      [
        25.05061,
        60.41517
      ],
      [
        25.04976,
        60.41488
      ],
      [
        25.05031,
        60.41458
      ],
      [
        25.05091,
        60.41451
      ],
      [
        25.05084,
        60.41443
      ],
      [
        25.04991,
        60.41368
      ],
      [
        25.04858,
        60.41283
      ],
      [
        25.04791,
        60.41246
      ],
      [
        25.04623,
        60.4117
      ],
      [
        25.04415,
        60.41094
      ],
      [
        25.04348,
        60.41079
      ],
      [
        25.04268,
        60.41041
      ],
      [
        25.04144,
        60.40992
      ],
      [
        25.04019,
        60.40926
      ],
      [
        25.03932,
        60.40872
      ],
      [
        25.03874,
        60.40828
      ],
      [
        25.03775,
        60.40732
      ],
      [
        25.03707,
        60.40637
      ],
      [
        25.03656,
        60.40575
      ],
      [
        25.03596,
        60.40517
      ],
      [
        25.03432,
        60.40383
      ],
      [
        25.03315,
        60.40269
      ],
      [
        25.0319,
        60.40249
      ],
      [
        25.0315,
        60.40233
      ],
      [
        25.03017,
        60.40165
      ],
      [
        25.02846,
        60.40098
      ],
      [
        25.02531,
        60.40029
      ],
      [
        25.02503,
        60.40016
      ],
      [
        25.02412,
        60.39956
      ],
      [
        25.02275,
        60.39823
      ],
      [
        25.02272,
        60.39803
      ],
      [
        25.02255,
        60.39768
      ],
      [
        25.022,
        60.39604
      ],
      [
        25.02203,
        60.39575
      ],
      [
        25.0223,
        60.39555
      ],
      [
        25.02212,
        60.39545
      ],
      [
        25.02181,
        60.39491
      ],
      [
        25.02239,
        60.39352
      ],
      [
        25.02287,
        60.39288
      ],
      [
        25.02341,
        60.39176
      ],
      [
        25.02353,
        60.39158
      ],
      [
        25.02374,
        60.39144
      ],
      [
        25.02387,
        60.39128
      ],
      [
        25.02399,
        60.39124
      ],
      [
        25.02393,
        60.39119
      ],
      [
        25.024,
        60.39102
      ],
      [
        25.02397,
        60.39078
      ],
      [
        25.025,
        60.38906
      ],
      [
        25.02511,
        60.38878
      ],
      [
        25.02513,
        60.3882
      ],
      [
        25.0255,
        60.38686
      ],
      [
        25.02579,
        60.38454
      ],
      [
        25.02592,
        60.38417
      ],
      [
        25.02598,
        60.38371
      ],
      [
        25.02601,
        60.38342
      ],
      [
        25.02592,
        60.38337
      ],
      [
        25.02601,
        60.38333
      ],
      [
        25.0259,
        60.38267
      ],
      [
        25.02557,
        60.38188
      ],
      [
        25.02517,
        60.38114
      ],
      [
        25.02376,
        60.37917
      ],
      [
        25.0235,
        60.37886
      ],
      [
        25.02095,
        60.37647
      ],
      [
        25.02056,
        60.37603
      ],
      [
        25.02033,
        60.37573
      ],
      [
        25.01939,
        60.37407
      ],
      [
        25.01862,
        60.37309
      ],
      [
        25.01803,
        60.3725
      ],
      [
        25.01725,
        60.37184
      ],
      [
        25.01671,
        60.37146
      ],
      [
        25.01538,
        60.37066
      ],
      [
        25.01406,
        60.36958
      ],
      [
        25.01253,
        60.36823
      ],
      [
        25.01197,
        60.36808
      ],
      [
        25.01119,
        60.36752
      ],
      [
        25.0103,
        60.36674
      ],
      [
        25.01001,
        60.36619
      ],
      [
        25.0098,
        60.36593
      ],
      [
        25.00897,
        60.36511
      ],
      [
        25.00908,
        60.36495
      ],
      [
        25.01034,
        60.36385
      ],
      [
        25.01069,
        60.36335
      ],
      [
        25.01174,
        60.36215
      ],
      [
        25.01213,
        60.36163
      ],
      [
        25.01266,
        60.36073
      ],
      [
        25.01276,
        60.36027
      ],
      [
        25.01274,
        60.35973
      ],
      [
        25.0127,
        60.35956
      ],
      [
        25.01235,
        60.35905
      ],
      [
        25.01187,
        60.35818
      ],
      [
        25.01173,
        60.3577
      ],
      [
        25.01093,
        60.35661
      ],
      [
        25.01032,
        60.35601
      ],
      [
        25.01,
        60.35556
      ],
      [
        25.00646,
        60.34974
      ],
      [
        25.00587,
        60.34888
      ],
      [
        25.00512,
        60.34802
      ],
      [
        25.00372,
        60.34695
      ],
      [
        25.00343,
        60.34667
      ],
      [
        25.00303,
        60.34618
      ],
      [
        25.00276,
        60.3456
      ],
      [
        25.00268,
        60.34503
      ],
      [
        25.00289,
        60.34437
      ],
      [
        25.00291,
        60.34391
      ],
      [
        25.0032,
        60.34301
      ],
      [
        25.00343,
        60.34281
      ],
      [
        25.00341,
        60.34269
      ],
      [
        25.00348,
        60.34258
      ],
      [
        25.00335,
        60.34245
      ],
      [
        25.00341,
        60.34193
      ],
      [
        25.00389,
        60.34035
      ],
      [
        25.00402,
        60.34023
      ],
      [
        25.00424,
        60.33957
      ],
      [
        25.00431,
        60.33909
      ],
      [
        25.00429,
        60.33647
      ],
      [
        25.00412,
        60.33539
      ],
      [
        25.004,
        60.33325
      ],
      [
        25.00386,
        60.33238
      ],
      [
        25.00386,
        60.33207
      ],
      [
        25.0036,
        60.3312
      ],
      [
        25.00329,
        60.33039
      ],
      [
        25.00289,
        60.32981
      ],
      [
        25.00274,
        60.3294
      ],
      [
        25.00137,
        60.32676
      ],
      [
        25.00121,
        60.3263
      ],
      [
        25.00103,
        60.32533
      ],
      [
        25.001,
        60.32418
      ],
      [
        25.00111,
        60.32398
      ],
      [
        25.00121,
        60.32357
      ],
      [
        25.0012,
        60.32322
      ],
      [
        25.0013,
        60.32245
      ],
      [
        25.00126,
        60.32134
      ],
      [
        25.0009,
        60.32
      ],
      [
        25.00065,
        60.31933
      ],
      [
        25.00066,
        60.31897
      ],
      [
        24.99974,
        60.31641
      ],
      [
        24.99957,
        60.31618
      ],
      [
        24.99955,
        60.31587
      ],
      [
        24.99899,
        60.31424
      ],
      [
        24.99888,
        60.31329
      ],
      [
        24.99899,
        60.31208
      ],
      [
        24.99918,
        60.31098
      ],
      [
        24.99929,
        60.30991
      ],
      [
        24.99909,
        60.30905
      ],
      [
        24.99931,
        60.3083
      ],
      [
        24.99944,
        60.30809
      ],
      [
        24.99999,
        60.30773
      ],
      [
        25.00013,
        60.30759
      ],
      [
        24.99988,
        60.30686
      ],
      [
        24.9998,
        60.30679
      ],
      [
        24.99902,
        60.30655
      ],
      [
        24.99827,
        60.3062
      ],
      [
        24.99618,
        60.30561
      ],
      [
        24.99571,
        60.30533
      ],
      [
        24.99415,
        60.30424
      ],
      [
        24.99248,
        60.30265
      ],
      [
        24.99155,
        60.30151
      ],
      [
        24.99022,
        60.3002
      ],
      [
        24.99014,
        60.30007
      ],
      [
        24.99056,
        60.29984
      ],
      [
        24.99046,
        60.29973
      ],
      [
        24.98911,
        60.29886
      ],
      [
        24.98671,
        60.29702
      ],
      [
        24.98511,
        60.2953
      ],
      [
        24.98415,
        60.29391
      ],
      [
        24.98356,
        60.29292
      ],
      [
        24.98315,
        60.29207
      ],
      [
        24.98268,
        60.29106
      ],
      [
        24.98261,
        60.29067
      ],
      [
        24.98272,
        60.29016
      ],
      [
        24.98289,
        60.28988
      ],
      [
        24.98312,
        60.28961
      ],
      [
        24.98422,
        60.28877
      ],
      [
        24.9844,
        60.28851
      ],
      [
        24.98449,
        60.28809
      ],
      [
        24.98442,
        60.28746
      ],
      [
        24.9842,
        60.28694
      ],
      [
        24.98399,
        60.28667
      ],
      [
        24.9837,
        60.28641
      ],
      [
        24.98294,
        60.28601
      ],
      [
        24.9833,
        60.28517
      ],
      [
        24.98334,
        60.28489
      ],
      [
        24.98351,
        60.28476
      ],
      [
        24.98346,
        60.2847
      ],
      [
        24.98362,
        60.28459
      ],
      [
        24.98353,
        60.28434
      ],
      [
        24.98345,
        60.2837
      ],
      [
        24.98397,
        60.28313
      ],
      [
        24.98403,
        60.28303
      ],
      [
        24.984,
        60.28279
      ],
      [
        24.98362,
        60.28243
      ],
      [
        24.98345,
        60.2822
      ],
      [
        24.98263,
        60.28151
      ],
      [
        24.98211,
        60.28094
      ],
      [
        24.98207,
        60.28076
      ],
      [
        24.98063,
        60.27922
      ],
      [
        24.98026,
        60.27897
      ],
      [
        24.97967,
        60.27876
      ],
      [
        24.97922,
        60.2785
      ],
      [
        24.97852,
        60.27796
      ],
      [
        24.97819,
        60.27754
      ],
      [
        24.97649,
        60.27427
      ],
      [
        24.9763,
        60.2738
      ],
      [
        24.97571,
        60.27187
      ],
      [
        24.97527,
        60.27082
      ],
      [
        24.97463,
        60.2696
      ],
      [
        24.97466,
        60.26932
      ],
      [
        24.9749,
        60.26868
      ],
      [
        24.97496,
        60.26809
      ],
      [
        24.97489,
        60.26769
      ],
      [
        24.97467,
        60.26743
      ],
      [
        24.97433,
        60.26721
      ],
      [
        24.97351,
        60.26683
      ],
      [
        24.97337,
        60.26639
      ],
      [
        24.97327,
        60.26561
      ],
      [
        24.97302,
        60.26525
      ],
      [
        24.97268,
        60.26496
      ],
      [
        24.97234,
        60.26449
      ],
      [
        24.97208,
        60.26427
      ],
      [
        24.97117,
        60.26367
      ],
      [
        24.97201,
        60.26319
      ],
      [
        24.97238,
        60.26265
      ],
      [
        24.97323,
        60.26192
      ],
      [
        24.97341,
        60.2615
      ],
      [
        24.97389,
        60.26088
      ],
      [
        24.97411,
        60.26045
      ],
      [
        24.97473,
        60.25975
      ],
      [
        24.97524,
        60.25864
      ],
      [
        24.97551,
        60.25791
      ],
      [
        24.97589,
        60.25727
      ],
      [
        24.97588,
        60.25677
      ],
      [
        24.97612,
        60.25649
      ],
      [
        24.97613,
        60.25635
      ],
      [
        24.97581,
        60.25613
      ],
      [
        24.97571,
        60.25596
      ],
      [
        24.97581,
        60.25587
      ],
      [
        24.97649,
        60.25573
      ],
      [
        24.97664,
        60.25564
      ],
      [
        24.97697,
        60.25505
      ],
      [
        24.97746,
        60.25437
      ],
      [
        24.97769,
        60.25374
      ],
      [
        24.97776,
        60.25297
      ],
      [
        24.97767,
        60.25265
      ],
      [
        24.97734,
        60.2521
      ],
      [
        24.97667,
        60.25136
      ],
      [
        24.97611,
        60.25098
      ],
      [
        24.97501,
        60.25044
      ],
      [
        24.97459,
        60.25012
      ],
      [
        24.97434,
        60.24985
      ],
      [
        24.97377,
        60.24893
      ],
      [
        24.97322,
        60.24821
      ],
      [
        24.97255,
        60.24772
      ],
      [
        24.97237,
        60.24752
      ],
      [
        24.97214,
        60.24678
      ],
      [
        24.9721,
        60.24637
      ],
      [
        24.97221,
        60.24562
      ],
      [
        24.97231,
        60.24538
      ],
      [
        24.97228,
        60.24485
      ],
      [
        24.97239,
        60.24445
      ],
      [
        24.97233,
        60.24394
      ],
      [
        24.97225,
        60.24379
      ],
      [
        24.97183,
        60.2434
      ],
      [
        24.97127,
        60.24306
      ],
      [
        24.97107,
        60.24284
      ],
      [
        24.97096,
        60.24252
      ],
      [
        24.97105,
        60.2422
      ],
      [
        24.97127,
        60.24185
      ],
      [
        24.97164,
        60.24145
      ],
      [
        24.97385,
        60.24017
      ],
      [
        24.97466,
        60.23986
      ],
      [
        24.9769,
        60.23926
      ],
      [
        24.97695,
        60.23915
      ],
      [
        24.9768,
        60.239
      ],
      [
        24.97693,
        60.23891
      ],
      [
        24.97704,
        60.23865
      ],
      [
        24.97729,
        60.23846
      ],
      [
        24.9777,
        60.23836
      ],
      [
        24.9795,
        60.23821
      ],
      [
        24.97972,
        60.23821
      ],
      [
        24.98111,
        60.23845
      ],
      [
        24.98159,
        60.23845
      ],
      [
        24.982,
        60.23835
      ],
      [
        24.98388,
        60.23759
      ],
      [
        24.98442,
        60.23731
      ],
      [
        24.98466,
        60.23711
      ],
      [
        24.9834,
        60.23673
      ],
      [
        24.98108,
        60.23556
      ],
      [
        24.9724,
        60.23105
      ],
      [
        24.9709,
        60.23018
      ],
      [
        24.9612,
        60.22523
      ],
      [
        24.95969,
        60.22459
      ],
      [
        24.95635,
        60.22333
      ],
      [
        24.9559,
        60.22307
      ],
      [
        24.95572,
        60.22274
      ],
      [
        24.95556,
        60.22263
      ],
      [
        24.95469,
        60.22251
      ],
      [
        24.9536,
        60.22204
      ],
      [
        24.95259,
        60.22182
      ],
      [
        24.95201,
        60.22163
      ],
      [
        24.95163,
        60.22144
      ],
      [
        24.95138,
        60.22137
      ],
      [
        24.9512,
        60.22138
      ],
      [
        24.951,
        60.22132
      ],
      [
        24.95096,
        60.22123
      ],
      [
        24.9501,
        60.22106
      ],
      [
        24.9498,
        60.22096
      ],
      [
        24.94959,
        60.22083
      ],
      [
        24.94938,
        60.22086
      ],
      [
        24.94891,
        60.2208
      ],
      [
        24.94572,
        60.2196
      ],
      [
        24.94411,
        60.21891
      ],
      [
        24.94362,
        60.21842
      ],
      [
        24.94312,
        60.21804
      ],
      [
        24.94215,
        60.21753
      ],
      [
        24.94115,
        60.21717
      ],
      [
        24.94044,
        60.21671
      ],
      [
        24.93994,
        60.21632
      ],
      [
        24.93799,
        60.21458
      ],
      [
        24.9375,
        60.21391
      ],
      [
        24.9372,
        60.21361
      ],
      [
        24.93628,
        60.21214
      ],
      [
        24.93533,
        60.21049
      ],
      [
        24.93523,
        60.2101
      ],
      [
        24.93477,
        60.20919
      ],
      [
        24.93436,
        60.20817
      ],
      [
        24.9333,
        60.20701
      ],
      [
        24.93316,
        60.20679
      ],
      [
        24.933,
        60.20621
      ],
      [
        24.93283,
        60.20584
      ],
      [
        24.93264,
        60.2051
      ],
      [
        24.93249,
        60.20391
      ],
      [
        24.93251,
        60.20352
      ],
      [
        24.93321,
        60.2014
      ],
      [
        24.93449,
        60.19869
      ],
      [
        24.93446,
        60.19859
      ],
      [
        24.93458,
        60.19821
      ],
      [
        24.93453,
        60.19779
      ],
      [
        24.93464,
        60.19698
      ],
      [
        24.93482,
        60.19668
      ],
      [
        24.93467,
        60.19626
      ],
      [
        24.93464,
        60.19582
      ],
      [
        24.934,
        60.19339
      ],
      [
        24.93401,
        60.19266
      ],
      [
        24.93441,
        60.19192
      ],
      [
        24.93452,
        60.19147
      ],
      [
        24.93487,
        60.19097
      ],
      [
        24.93542,
        60.18909
      ],
      [
        24.93721,
        60.18521
      ],
      [
        24.93723,
        60.18518
      ],
      [
        24.93776,
        60.18534
      ],
      [
        24.93775,
        60.1854
      ],
      [
        24.93243,
        60.18462
      ],
      [
        24.93225,
        60.1845
      ],
      [
        24.93204,
        60.18402
      ],
      [
        24.93151,
        60.18309
      ],
      [
        24.93121,
        60.18288
      ],
      [
        24.93055,
        60.18264
      ],
      [
        24.93057,
        60.18251
      ],
      [
        24.93047,
        60.18214
      ],
      [
        24.93118,
        60.18156
      ],
      [
        24.93121,
        60.18148
      ],
      [
        24.9311,
        60.18101
      ],
      [
        24.93102,
        60.17932
      ],
      [
        24.9308,
        60.17878
      ],
      [
        24.93079,
        60.17856
      ],
      [
        24.93127,
        60.17773
      ],
      [
        24.93157,
        60.17754
      ],
      [
        24.93113,
        60.17713
      ],
      [
        24.9311,
        60.17703
      ],
      [
        24.93144,
        60.17676
      ],
      [
        24.93143,
        60.17656
      ],
      [
        24.93135,
        60.1764
      ],
      [
        24.93092,
        60.17627
      ],
      [
        24.93099,
        60.17621
      ],
      [
        24.93096,
        60.17615
      ],
      [
        24.93176,
        60.17545
      ],
      [
        24.93285,
        60.17434
      ],
      [
        24.93296,
        60.17412
      ],
      [
        24.9335,
        60.17354
      ],
      [
        24.93377,
        60.17334
      ],
      [
        24.93468,
        60.17243
      ],
      [
        24.93449,
        60.17224
      ],
      [
        24.93399,
        60.17196
      ],
      [
        24.93189,
        60.17114
      ],
      [
        24.93114,
        60.1709
      ]
    ]
  }
}
