{
  "type": "FeatureCollection",
  "features": [
    {
      "type": "Feature",
      "properties": {
        "id": "arctic-by-cycle-central-lapland-gravel-loop",
        "themes": [
          "gravel",
          "touring"
        ]
      },
      "geometry": {
        "type": "MultiLineString",
        "coordinates": [
          [
            [
              26.071514,
              66.461705
            ],
            [
              26.075209,
              66.46664
            ],
            [
              26.07948,
              66.468459
            ],
            [
              26.08552,
              66.469579
            ],
            [
              26.097359,
              66.469669
            ],
            [
              26.10201,
              66.4688
            ],
            [
              26.10383,
              66.46877
            ],
            [
              26.117439,
              66.47047
            ],
            [
              26.12201,
              66.47067
            ],
            [
              26.12451,
              66.47141
            ],
            [
              26.12641,
              66.47364
            ],
            [
              26.12565,
              66.47784
            ],
            [
              26.12463,
              66.479429
            ],
            [
              26.12541,
              66.48344
            ],
            [
              26.12475,
              66.48421
            ],
            [
              26.12153,
              66.48572
            ],
            [
              26.11868,
              66.4877
            ],
            [
              26.118099,
              66.48912
            ],
            [
              26.11879,
              66.49223
            ],
            [
              26.12324,
              66.49325
            ],
            [
              26.12463,
              66.49328
            ],
            [
              26.13021,
              66.49212
            ],
            [
              26.13215,
              66.49087
            ],
            [
              26.13387,
              66.49115
            ],
            [
              26.13676,
              66.49572
            ],
            [
              26.138839,
              66.49651
            ],
            [
              26.145029,
              66.49706
            ],
            [
              26.15445,
              66.50078
            ],
            [
              26.15996,
              66.50507
            ],
            [
              26.17071,
              66.50936
            ],
            [
              26.1722,
              66.511089
            ],
            [
              26.18164,
              66.51414
            ],
            [
              26.18988,
              66.51506
            ],
            [
              26.19928,
              66.512739
            ],
            [
              26.20086,
              66.51266
            ],
            [
              26.22659,
              66.51699
            ],
            [
              26.23469,
              66.51582
            ],
            [
              26.25209,
              66.51474
            ],
            [
              26.26,
              66.51344
            ],
            [
              26.26644,
              66.5137
            ],
            [
              26.26789,
              66.51347
            ],
            [
              26.26995,
              66.512559
            ],
            [
              26.27302,
              66.51266
            ],
            [
              26.27481,
              66.512209
            ],
            [
              26.27906,
              66.512209
            ],
            [
              26.28188,
              66.513319
            ],
            [
              26.2833,
              66.51349
            ],
            [
              26.29344,
              66.5104
            ],
            [
              26.3016,
              66.509289
            ],
            [
              26.31173,
              66.50533
            ],
            [
              26.3154,
              66.50557
            ],
            [
              26.31793,
              66.506379
            ],
            [
              26.32639,
              66.50604
            ],
            [
              26.33042,
              66.50732
            ],
            [
              26.34048,
              66.50671
            ],
            [
              26.346229,
              66.50672
            ],
            [
              26.349989,
              66.507589
            ],
            [
              26.35159,
              66.509
            ],
            [
              26.35357,
              66.50959
            ],
            [
              26.35801,
              66.51009
            ],
            [
              26.36291,
              66.50976
            ],
            [
              26.36469,
              66.50848
            ],
            [
              26.36737,
              66.507729
            ],
            [
              26.37583,
              66.50686
            ],
            [
              26.38117,
              66.505759
            ],
            [
              26.39049,
              66.50498
            ],
            [
              26.3963,
              66.50517
            ],
            [
              26.40093,
              66.50467
            ],
            [
              26.41144,
              66.50261
            ],
            [
              26.41445,
              66.50095
            ],
            [
              26.41846,
              66.49965
            ],
            [
              26.41992,
              66.49834
            ],
            [
              26.42241,
              66.498189
            ],
            [
              26.43194,
              66.49875
            ],
            [
              26.43558,
              66.49836
            ],
            [
              26.44395,
              66.49356
            ],
            [
              26.44696,
              66.49294
            ],
            [
              26.47932,
              66.489999
            ],
            [
              26.518975,
              66.487655
            ],
            [
              26.531248,
              66.485164
            ],
            [
              26.541677,
              66.484559
            ],
            [
              26.551075,
              66.485014
            ],
            [
              26.568155,
              66.483185
            ],
            [
              26.572919,
              66.48186
            ],
            [
              26.56951,
              66.492419
            ],
            [
              26.56615,
              66.49514
            ],
            [
              26.560009,
              66.49767
            ],
            [
              26.56668,
              66.500609
            ],
            [
              26.57002,
              66.50296
            ],
            [
              26.57336,
              66.504239
            ],
            [
              26.57625,
              66.50659
            ],
            [
              26.57789,
              66.5116
            ],
            [
              26.58471,
              66.51909
            ],
            [
              26.58395,
              66.52303
            ],
            [
              26.58464,
              66.524159
            ],
            [
              26.58687,
              66.52517
            ],
            [
              26.59857,
              66.52701
            ],
            [
              26.60816,
              66.52506
            ],
            [
              26.61189,
              66.52469
            ],
            [
              26.61752,
              66.524789
            ],
            [
              26.62554,
              66.52575
            ],
            [
              26.63393,
              66.52569
            ],
            [
              26.6362,
              66.525409
            ],
            [
              26.6404,
              66.52359
            ],
            [
              26.64265,
              66.52301
            ],
            [
              26.65913,
              66.52042
            ],
            [
              26.6612,
              66.51907
            ],
            [
              26.660889,
              66.51605
            ],
            [
              26.66167,
              66.515159
            ],
            [
              26.66904,
              66.512829
            ],
            [
              26.673369,
              66.51205
            ],
            [
              26.68888,
              66.511089
            ],
            [
              26.70764,
              66.508579
            ],
            [
              26.72937,
              66.50738
            ],
            [
              26.74665,
              66.503789
            ],
            [
              26.74943,
              66.50349
            ],
            [
              26.75298,
              66.503479
            ],
            [
              26.75589,
              66.50449
            ],
            [
              26.76355,
              66.50521
            ],
            [
              26.76784,
              66.504819
            ],
            [
              26.77634,
              66.50337
            ],
            [
              26.78093,
              66.50297
            ],
            [
              26.78661,
              66.503029
            ],
            [
              26.79409,
              66.50414
            ],
            [
              26.79681,
              66.50427
            ],
            [
              26.80719,
              66.50349
            ],
            [
              26.81556,
              66.50158
            ],
            [
              26.826709,
              66.50156
            ],
            [
              26.8357,
              66.498999
            ],
            [
              26.84956,
              66.49818
            ],
            [
              26.85748,
              66.49651
            ],
            [
              26.86318,
              66.49657
            ],
            [
              26.86901,
              66.49471
            ],
            [
              26.87263,
              66.49432
            ],
            [
              26.87709,
              66.494649
            ],
            [
              26.88069,
              66.49547
            ],
            [
              26.87812,
              66.49881
            ],
            [
              26.87794,
              66.50032
            ],
            [
              26.88037,
              66.50362
            ],
            [
              26.8858,
              66.50868
            ],
            [
              26.88516,
              66.50963
            ],
            [
              26.88284,
              66.51011
            ],
            [
              26.87537,
              66.51093
            ],
            [
              26.87084,
              66.51196
            ],
            [
              26.86748,
              66.5119
            ],
            [
              26.86454,
              66.513059
            ],
            [
              26.8652,
              66.51496
            ],
            [
              26.86423,
              66.516189
            ],
            [
              26.86721,
              66.51728
            ],
            [
              26.86866,
              66.518649
            ],
            [
              26.86808,
              66.521429
            ],
            [
              26.87682,
              66.521429
            ],
            [
              26.88167,
              66.52172
            ],
            [
              26.89181,
              66.5206
            ],
            [
              26.90035,
              66.52023
            ],
            [
              26.90588,
              66.51943
            ],
            [
              26.90768,
              66.51885
            ],
            [
              26.91531,
              66.51831
            ],
            [
              26.93202,
              66.51596
            ],
            [
              26.93348,
              66.51609
            ],
            [
              26.93597,
              66.51746
            ],
            [
              26.93863,
              66.5176
            ],
            [
              26.94919,
              66.51685
            ],
            [
              26.9595,
              66.51777
            ],
            [
              26.96871,
              66.51747
            ],
            [
              26.99053,
              66.51566
            ],
            [
              26.99427,
              66.51571
            ],
            [
              27.00794,
              66.51694
            ],
            [
              27.0319,
              66.516859
            ],
            [
              27.01981,
              66.524109
            ],
            [
              27.01562,
              66.52571
            ],
            [
              26.97428,
              66.5373
            ],
            [
              26.96905,
              66.53846
            ],
            [
              26.95161,
              66.54137
            ],
            [
              26.94693,
              66.54262
            ],
            [
              26.94172,
              66.544749
            ],
            [
              26.93266,
              66.55063
            ],
            [
              26.92948,
              66.55381
            ],
            [
              26.92469,
              66.562169
            ],
            [
              26.92664,
              66.563109
            ],
            [
              26.92746,
              66.56422
            ],
            [
              26.92622,
              66.5681
            ],
            [
              26.93178,
              66.56896
            ],
            [
              26.97605,
              66.56879
            ],
            [
              26.98367,
              66.56964
            ],
            [
              26.98489,
              66.57008
            ],
            [
              26.98577,
              66.57118
            ],
            [
              26.98698,
              66.57664
            ],
            [
              26.98817,
              66.57736
            ],
            [
              26.99185,
              66.578109
            ],
            [
              26.9892,
              66.58136
            ],
            [
              26.98909,
              66.583169
            ],
            [
              26.9849,
              66.58562
            ],
            [
              26.98019,
              66.58642
            ],
            [
              26.97533,
              66.58788
            ],
            [
              26.97126,
              66.592429
            ],
            [
              26.99811,
              66.59779
            ],
            [
              27.00417,
              66.60472
            ],
            [
              27.01485,
              66.606489
            ],
            [
              27.01542,
              66.607029
            ],
            [
              27.01643,
              66.61928
            ],
            [
              27.02493,
              66.625649
            ],
            [
              27.02785,
              66.62591
            ],
            [
              27.0351,
              66.625519
            ],
            [
              27.03959,
              66.62599
            ],
            [
              27.04261,
              66.62594
            ],
            [
              27.04403,
              66.626279
            ],
            [
              27.04645,
              66.62873
            ],
            [
              27.04416,
              66.630759
            ],
            [
              27.04999,
              66.63117
            ],
            [
              27.05506,
              66.63279
            ],
            [
              27.05604,
              66.63422
            ],
            [
              27.05648,
              66.63736
            ],
            [
              27.0575,
              66.63862
            ],
            [
              27.06474,
              66.64342
            ],
            [
              27.06829,
              66.6478
            ],
            [
              27.07166,
              66.65035
            ],
            [
              27.07355,
              66.65078
            ],
            [
              27.07758,
              66.65063
            ],
            [
              27.08687,
              66.642849
            ],
            [
              27.09018,
              66.64134
            ],
            [
              27.1053,
              66.63845
            ],
            [
              27.1108,
              66.63661
            ],
            [
              27.11203,
              66.635859
            ],
            [
              27.12238,
              66.63753
            ],
            [
              27.12705,
              66.641909
            ],
            [
              27.12537,
              66.6449
            ],
            [
              27.1294,
              66.65219
            ],
            [
              27.13106,
              66.652649
            ],
            [
              27.1587,
              66.65599
            ],
            [
              27.16032,
              66.656809
            ],
            [
              27.16131,
              66.65833
            ],
            [
              27.16726,
              66.660659
            ],
            [
              27.18025,
              66.660529
            ],
            [
              27.1831,
              66.66101
            ],
            [
              27.18476,
              66.662139
            ],
            [
              27.18688,
              66.672169
            ],
            [
              27.18761,
              66.67287
            ],
            [
              27.1893,
              66.67344
            ],
            [
              27.19073,
              66.67363
            ],
            [
              27.19714,
              66.67317
            ],
            [
              27.20943,
              66.67555
            ],
            [
              27.21789,
              66.67574
            ],
            [
              27.2207,
              66.676289
            ],
            [
              27.22637,
              66.68227
            ],
            [
              27.23335,
              66.685
            ],
            [
              27.23347,
              66.68557
            ],
            [
              27.23083,
              66.68908
            ],
            [
              27.23399,
              66.691509
            ],
            [
              27.2339,
              66.692089
            ],
            [
              27.22935,
              66.69428
            ],
            [
              27.22999,
              66.69619
            ],
            [
              27.22812,
              66.69781
            ],
            [
              27.22008,
              66.696569
            ],
            [
              27.212885,
              66.710911
            ]
          ],
          [
            [
              25.594403,
              66.462845
            ],
            [
              25.592669,
              66.46147
            ],
            [
              25.59636,
              66.46214
            ],
            [
              25.59818,
              66.46178
            ],
            [
              25.59808,
              66.46203
            ],
            [
              25.60622,
              66.46492
            ],
            [
              25.60939,
              66.466489
            ],
            [
              25.61516,
              66.47074
            ],
            [
              25.61751,
              66.471909
            ],
            [
              25.61902,
              66.4736
            ],
            [
              25.6244,
              66.47716
            ],
            [
              25.64171,
              66.48386
            ],
            [
              25.64994,
              66.4852
            ],
            [
              25.67377,
              66.483019
            ],
            [
              25.6927,
              66.48384
            ],
            [
              25.6995,
              66.486999
            ],
            [
              25.707249,
              66.49198
            ],
            [
              25.71019,
              66.49315
            ],
            [
              25.714099,
              66.49602
            ]
          ],
          [
            [
              25.921218,
              66.497248
            ],
            [
              25.9297,
              66.49664
            ],
            [
              25.94468,
              66.494569
            ],
            [
              25.951339,
              66.49252
            ],
            [
              25.96261,
              66.48965
            ],
            [
              25.97137,
              66.48527
            ],
            [
              25.98116,
              66.48392
            ],
            [
              25.99065,
              66.48056
            ],
            [
              25.999289,
              66.476029
            ],
            [
              26.00851,
              66.47004
            ],
            [
              26.01229,
              66.46866
            ],
            [
              26.01782,
              66.46722
            ],
            [
              26.02074,
              66.464879
            ],
            [
              26.02288,
              66.46392
            ],
            [
              26.0348,
              66.46109
            ],
            [
              26.04191,
              66.45901
            ],
            [
              26.04608,
              66.458479
            ],
            [
              26.05423,
              66.45801
            ],
            [
              26.05693,
              66.45752
            ],
            [
              26.06455,
              66.45502
            ],
            [
              26.074356,
              66.450827
            ],
            [
              26.081909,
              66.44931
            ],
            [
              26.085342,
              66.448172
            ],
            [
              26.09011,
              66.45009
            ],
            [
              26.09118,
              66.45121
            ],
            [
              26.08973,
              66.45345
            ],
            [
              26.08579,
              66.45684
            ],
            [
              26.08296,
              66.45836
            ],
            [
              26.07575,
              66.461119
            ],
            [
              26.071514,
              66.461705
            ]
          ],
          [
            [
              25.782866,
              66.497476
            ],
            [
              25.78459,
              66.497119
            ],
            [
              25.78708,
              66.4971
            ],
            [
              25.79232,
              66.49617
            ],
            [
              25.79805,
              66.49584
            ],
            [
              25.80071,
              66.49596
            ],
            [
              25.80376,
              66.49562
            ],
            [
              25.80919,
              66.4945
            ],
            [
              25.81729,
              66.49396
            ],
            [
              25.82364,
              66.49205
            ],
            [
              25.83434,
              66.490759
            ],
            [
              25.84039,
              66.490759
            ],
            [
              25.84626,
              66.48985
            ],
            [
              25.85058,
              66.48863
            ],
            [
              25.85899,
              66.48699
            ],
            [
              25.86884,
              66.48459
            ],
            [
              25.87644,
              66.48232
            ],
            [
              25.88169,
              66.48169
            ],
            [
              25.88427,
              66.480819
            ],
            [
              25.88839,
              66.48034
            ],
            [
              25.89315,
              66.47823
            ],
            [
              25.90125,
              66.47579
            ],
            [
              25.91688,
              66.473209
            ],
            [
              25.92005,
              66.4719
            ],
            [
              25.92294,
              66.4714
            ],
            [
              25.9272,
              66.47226
            ],
            [
              25.92687,
              66.472849
            ],
            [
              25.92756,
              66.47387
            ],
            [
              25.93221,
              66.475809
            ],
            [
              25.92282,
              66.484489
            ],
            [
              25.92391,
              66.48627
            ],
            [
              25.92364,
              66.48742
            ],
            [
              25.91974,
              66.4916
            ],
            [
              25.921218,
              66.497248
            ]
          ],
          [
            [
              25.715646,
              66.496967
            ],
            [
              25.716349,
              66.497299
            ],
            [
              25.71807,
              66.49672
            ],
            [
              25.72451,
              66.495819
            ],
            [
              25.73057,
              66.49558
            ],
            [
              25.74089,
              66.49629
            ],
            [
              25.74417,
              66.496129
            ],
            [
              25.74962,
              66.496669
            ],
            [
              25.75475,
              66.496799
            ],
            [
              25.76131,
              66.49633
            ],
            [
              25.76164,
              66.49674
            ],
            [
              25.7638,
              66.49699
            ],
            [
              25.7651,
              66.49821
            ],
            [
              25.76971,
              66.49825
            ],
            [
              25.782866,
              66.497476
            ]
          ],
          [
            [
              24.656153,
              66.533781
            ],
            [
              24.64833,
              66.530379
            ],
            [
              24.65012,
              66.529669
            ],
            [
              24.6522,
              66.52959
            ],
            [
              24.65514,
              66.52889
            ],
            [
              24.660889,
              66.52883
            ],
            [
              24.66563,
              66.529579
            ],
            [
              24.67209,
              66.52834
            ],
            [
              24.67585,
              66.52538
            ],
            [
              24.67754,
              66.525
            ],
            [
              24.68235,
              66.52504
            ],
            [
              24.68476,
              66.524699
            ],
            [
              24.68597,
              66.52355
            ],
            [
              24.68893,
              66.52231
            ],
            [
              24.69171,
              66.52015
            ],
            [
              24.69456,
              66.51904
            ],
            [
              24.69708,
              66.5185
            ],
            [
              24.70286,
              66.517889
            ],
            [
              24.70559,
              66.51732
            ],
            [
              24.71065,
              66.518029
            ],
            [
              24.71402,
              66.51887
            ],
            [
              24.72981,
              66.51831
            ],
            [
              24.7358,
              66.51491
            ],
            [
              24.74095,
              66.51048
            ],
            [
              24.74192,
              66.509339
            ],
            [
              24.74247,
              66.50592
            ],
            [
              24.74491,
              66.50281
            ],
            [
              24.74631,
              66.50192
            ],
            [
              24.74752,
              66.50147
            ],
            [
              24.7572,
              66.49992
            ],
            [
              24.75914,
              66.498999
            ],
            [
              24.76044,
              66.49629
            ],
            [
              24.76174,
              66.49571
            ],
            [
              24.7702,
              66.49267
            ],
            [
              24.78236,
              66.4902
            ],
            [
              24.794339,
              66.49184
            ],
            [
              24.79712,
              66.49413
            ],
            [
              24.79964,
              66.49532
            ],
            [
              24.82157,
              66.49769
            ],
            [
              24.83022,
              66.497
            ],
            [
              24.84571,
              66.49874
            ],
            [
              24.85032,
              66.49969
            ],
            [
              24.853179,
              66.5014
            ],
            [
              24.8655,
              66.51312
            ],
            [
              24.86998,
              66.51524
            ],
            [
              24.8752,
              66.51985
            ],
            [
              24.87735,
              66.52063
            ],
            [
              24.884799,
              66.52198
            ],
            [
              24.88706,
              66.523129
            ],
            [
              24.88751,
              66.52865
            ],
            [
              24.89348,
              66.53351
            ],
            [
              24.90696,
              66.53269
            ],
            [
              24.91316,
              66.53281
            ],
            [
              24.91726,
              66.532489
            ],
            [
              24.94558,
              66.52625
            ],
            [
              24.95775,
              66.52652
            ],
            [
              24.98524,
              66.52305
            ],
            [
              25.00784,
              66.524
            ],
            [
              25.017119,
              66.521339
            ],
            [
              25.030069,
              66.51971
            ],
            [
              25.04465,
              66.51638
            ],
            [
              25.05504,
              66.51066
            ],
            [
              25.0618,
              66.50878
            ],
            [
              25.074179,
              66.50064
            ],
            [
              25.086659,
              66.496359
            ],
            [
              25.08824,
              66.494209
            ],
            [
              25.08912,
              66.493799
            ],
            [
              25.1005,
              66.49259
            ],
            [
              25.10855,
              66.49126
            ],
            [
              25.12529,
              66.490939
            ],
            [
              25.12916,
              66.49051
            ],
            [
              25.1351,
              66.48941
            ],
            [
              25.1511,
              66.48564
            ],
            [
              25.157889,
              66.48268
            ],
            [
              25.16235,
              66.48148
            ],
            [
              25.17155,
              66.477549
            ],
            [
              25.17358,
              66.47701
            ],
            [
              25.2173,
              66.474019
            ],
            [
              25.23349,
              66.469579
            ],
            [
              25.24551,
              66.46727
            ],
            [
              25.25022,
              66.46711
            ],
            [
              25.26588,
              66.46753
            ],
            [
              25.27103,
              66.46678
            ],
            [
              25.29512,
              66.46622
            ],
            [
              25.30153,
              66.464429
            ],
            [
              25.31437,
              66.45786
            ],
            [
              25.32347,
              66.45518
            ],
            [
              25.32674,
              66.45286
            ],
            [
              25.33322,
              66.45025
            ],
            [
              25.33818,
              66.44896
            ],
            [
              25.35431,
              66.4461
            ],
            [
              25.35953,
              66.44229
            ],
            [
              25.37562,
              66.43934
            ],
            [
              25.38289,
              66.43715
            ],
            [
              25.38511,
              66.436
            ],
            [
              25.38909,
              66.43282
            ],
            [
              25.38977,
              66.43309
            ],
            [
              25.39397,
              66.43304
            ],
            [
              25.40552,
              66.43423
            ],
            [
              25.40952,
              66.4349
            ],
            [
              25.410419,
              66.43552
            ],
            [
              25.41274,
              66.44112
            ],
            [
              25.42481,
              66.4419
            ],
            [
              25.42607,
              66.443839
            ],
            [
              25.4271,
              66.44418
            ],
            [
              25.43481,
              66.44526
            ],
            [
              25.43953,
              66.44625
            ],
            [
              25.44034,
              66.446749
            ],
            [
              25.44304,
              66.453469
            ],
            [
              25.44577,
              66.45431
            ],
            [
              25.44948,
              66.4563
            ],
            [
              25.45287,
              66.456959
            ],
            [
              25.46008,
              66.459729
            ],
            [
              25.46443,
              66.46356
            ],
            [
              25.47191,
              66.467969
            ],
            [
              25.483429,
              66.469269
            ],
            [
              25.48908,
              66.47032
            ],
            [
              25.49384,
              66.47329
            ],
            [
              25.49647,
              66.47416
            ],
            [
              25.50115,
              66.47449
            ],
            [
              25.50368,
              66.475269
            ],
            [
              25.505389,
              66.47546
            ],
            [
              25.51838,
              66.47439
            ],
            [
              25.52036,
              66.47401
            ],
            [
              25.5242,
              66.47215
            ],
            [
              25.526789,
              66.47156
            ],
            [
              25.54161,
              66.47096
            ],
            [
              25.54538,
              66.4704
            ],
            [
              25.561445,
              66.465318
            ],
            [
              25.563326,
              66.465791
            ],
            [
              25.564053,
              66.465445
            ],
            [
              25.568388,
              66.465322
            ],
            [
              25.571092,
              66.46445
            ],
            [
              25.572791,
              66.464935
            ],
            [
              25.571947,
              66.465678
            ],
            [
              25.572655,
              66.466774
            ],
            [
              25.574096,
              66.467048
            ],
            [
              25.577725,
              66.466854
            ],
            [
              25.584115,
              66.465751
            ],
            [
              25.587148,
              66.465749
            ],
            [
              25.594403,
              66.462845
            ]
          ]
        ]
      }
    },
    {
      "type": "Feature",
      "properties": {
        "id": "arctic-by-cycle-santa-s-eastern-gravel-loop",
        "themes": [
          "gravel",
          "touring"
        ]
      },
      "geometry": {
        "type": "LineString",
        "coordinates": [
          [
            25.715646,
            66.496968
          ],
          [
            25.71635,
            66.4973
          ],
          [
            25.71709,
            66.49694
          ],
          [
            25.71807,
            66.49672
          ],
          [
            25.72451,
            66.49582
          ],
          [
            25.73057,
            66.49558
          ],
          [
            25.74089,
            66.49629
          ],
          [
            25.74417,
            66.49613
          ],
          [
            25.74962,
            66.49667
          ],
          [
            25.75475,
            66.4968
          ],
          [
            25.76131,
            66.49633
          ],
          [
            25.76164,
            66.49674
          ],
          [
            25.7638,
            66.49699
          ],
          [
            25.7651,
            66.49821
          ],
          [
            25.76971,
            66.49825
          ],
          [
            25.78127,
            66.49767
          ],
          [
            25.78459,
            66.49712
          ],
          [
            25.78708,
            66.4971
          ],
          [
            25.79232,
            66.49617
          ],
          [
            25.79805,
            66.49584
          ],
          [
            25.80071,
            66.49596
          ],
          [
            25.80919,
            66.4945
          ],
          [
            25.81729,
            66.49396
          ],
          [
            25.82364,
            66.49205
          ],
          [
            25.83434,
            66.49076
          ],
          [
            25.84039,
            66.49076
          ],
          [
            25.84626,
            66.48985
          ],
          [
            25.85058,
            66.48863
          ],
          [
            25.85899,
            66.48699
          ],
          [
            25.86884,
            66.48459
          ],
          [
            25.87644,
            66.48232
          ],
          [
            25.88169,
            66.48169
          ],
          [
            25.88427,
            66.48082
          ],
          [
            25.88839,
            66.48034
          ],
          [
            25.89315,
            66.47823
          ],
          [
            25.90125,
            66.47579
          ],
          [
            25.91688,
            66.47321
          ],
          [
            25.92005,
            66.4719
          ],
          [
            25.92294,
            66.4714
          ],
          [
            25.9272,
            66.47226
          ],
          [
            25.92687,
            66.47285
          ],
          [
            25.92756,
            66.47387
          ],
          [
            25.93221,
            66.47581
          ],
          [
            25.92282,
            66.48449
          ],
          [
            25.92391,
            66.48627
          ],
          [
            25.92364,
            66.48742
          ],
          [
            25.91974,
            66.4916
          ],
          [
            25.92084,
            66.49651
          ],
          [
            25.92124,
            66.49729
          ],
          [
            25.93281,
            66.49627
          ],
          [
            25.94468,
            66.49457
          ],
          [
            25.95134,
            66.49252
          ],
          [
            25.96261,
            66.48965
          ],
          [
            25.97137,
            66.48527
          ],
          [
            25.98116,
            66.48392
          ],
          [
            25.98673,
            66.48217
          ],
          [
            25.99065,
            66.48056
          ],
          [
            25.99929,
            66.47603
          ],
          [
            26.00851,
            66.47004
          ],
          [
            26.01229,
            66.46866
          ],
          [
            26.01782,
            66.46722
          ],
          [
            26.02074,
            66.46488
          ],
          [
            26.02288,
            66.46392
          ],
          [
            26.0348,
            66.46109
          ],
          [
            26.04191,
            66.45901
          ],
          [
            26.04608,
            66.45848
          ],
          [
            26.05423,
            66.45801
          ],
          [
            26.05693,
            66.45752
          ],
          [
            26.06455,
            66.45502
          ],
          [
            26.074356,
            66.450827
          ],
          [
            26.081909,
            66.449311
          ],
          [
            26.085342,
            66.448172
          ],
          [
            26.09011,
            66.45009
          ],
          [
            26.09118,
            66.45121
          ],
          [
            26.09111,
            66.452
          ],
          [
            26.08665,
            66.45617
          ],
          [
            26.08296,
            66.45836
          ],
          [
            26.07575,
            66.46112
          ],
          [
            26.07148,
            66.46171
          ],
          [
            26.07521,
            66.46664
          ],
          [
            26.07948,
            66.46846
          ],
          [
            26.08552,
            66.46958
          ],
          [
            26.09736,
            66.46967
          ],
          [
            26.10201,
            66.4688
          ],
          [
            26.10383,
            66.46877
          ],
          [
            26.11744,
            66.47047
          ],
          [
            26.12201,
            66.47067
          ],
          [
            26.12451,
            66.47141
          ],
          [
            26.12641,
            66.47364
          ],
          [
            26.12565,
            66.47784
          ],
          [
            26.12463,
            66.47943
          ],
          [
            26.12541,
            66.48344
          ],
          [
            26.12475,
            66.48421
          ],
          [
            26.12153,
            66.48572
          ],
          [
            26.11868,
            66.4877
          ],
          [
            26.1181,
            66.48912
          ],
          [
            26.11879,
            66.49223
          ],
          [
            26.12324,
            66.49325
          ],
          [
            26.12463,
            66.49328
          ],
          [
            26.13021,
            66.49212
          ],
          [
            26.13215,
            66.49087
          ],
          [
            26.13387,
            66.49115
          ],
          [
            26.13676,
            66.49572
          ],
          [
            26.13884,
            66.49651
          ],
          [
            26.14503,
            66.49706
          ],
          [
            26.15445,
            66.50078
          ],
          [
            26.15996,
            66.50507
          ],
          [
            26.17071,
            66.50936
          ],
          [
            26.1722,
            66.51109
          ],
          [
            26.18164,
            66.51414
          ],
          [
            26.18988,
            66.51506
          ],
          [
            26.19928,
            66.51274
          ],
          [
            26.20086,
            66.51266
          ],
          [
            26.22659,
            66.51699
          ],
          [
            26.23469,
            66.51582
          ],
          [
            26.25209,
            66.51474
          ],
          [
            26.26,
            66.51344
          ],
          [
            26.26644,
            66.5137
          ],
          [
            26.26789,
            66.51347
          ],
          [
            26.26995,
            66.51256
          ],
          [
            26.27302,
            66.51266
          ],
          [
            26.27481,
            66.51221
          ],
          [
            26.27906,
            66.51221
          ],
          [
            26.28188,
            66.51332
          ],
          [
            26.2833,
            66.51349
          ],
          [
            26.29344,
            66.5104
          ],
          [
            26.3016,
            66.50929
          ],
          [
            26.31173,
            66.50533
          ],
          [
            26.3154,
            66.50557
          ],
          [
            26.31793,
            66.50638
          ],
          [
            26.32639,
            66.50604
          ],
          [
            26.33042,
            66.50732
          ],
          [
            26.34048,
            66.50671
          ],
          [
            26.34623,
            66.50672
          ],
          [
            26.34999,
            66.50759
          ],
          [
            26.35159,
            66.509
          ],
          [
            26.35357,
            66.50959
          ],
          [
            26.35801,
            66.51009
          ],
          [
            26.36291,
            66.50976
          ],
          [
            26.36469,
            66.50848
          ],
          [
            26.36737,
            66.50773
          ],
          [
            26.37583,
            66.50686
          ],
          [
            26.38117,
            66.50576
          ],
          [
            26.39049,
            66.50498
          ],
          [
            26.3963,
            66.50517
          ],
          [
            26.40093,
            66.50467
          ],
          [
            26.41144,
            66.50261
          ],
          [
            26.41445,
            66.50095
          ],
          [
            26.41846,
            66.49965
          ],
          [
            26.41992,
            66.49834
          ],
          [
            26.42241,
            66.49819
          ],
          [
            26.43194,
            66.49875
          ],
          [
            26.43558,
            66.49836
          ],
          [
            26.44395,
            66.49356
          ],
          [
            26.44696,
            66.49294
          ],
          [
            26.47932,
            66.49
          ],
          [
            26.518975,
            66.487655
          ],
          [
            26.531248,
            66.485165
          ],
          [
            26.541677,
            66.484559
          ],
          [
            26.551075,
            66.485014
          ],
          [
            26.568156,
            66.483185
          ],
          [
            26.572919,
            66.48186
          ],
          [
            26.56951,
            66.49242
          ],
          [
            26.56615,
            66.49514
          ],
          [
            26.56001,
            66.49767
          ],
          [
            26.56668,
            66.50061
          ],
          [
            26.57002,
            66.50296
          ],
          [
            26.57336,
            66.50424
          ],
          [
            26.57625,
            66.50659
          ],
          [
            26.57789,
            66.5116
          ],
          [
            26.58471,
            66.51909
          ],
          [
            26.58395,
            66.52303
          ],
          [
            26.58464,
            66.52416
          ],
          [
            26.58687,
            66.52517
          ],
          [
            26.59857,
            66.52701
          ],
          [
            26.60816,
            66.52506
          ],
          [
            26.61189,
            66.52469
          ],
          [
            26.61752,
            66.52479
          ],
          [
            26.62554,
            66.52575
          ],
          [
            26.63393,
            66.52569
          ],
          [
            26.6364,
            66.52537
          ],
          [
            26.6404,
            66.52359
          ],
          [
            26.64265,
            66.52301
          ],
          [
            26.65913,
            66.52042
          ],
          [
            26.6612,
            66.51907
          ],
          [
            26.66089,
            66.51605
          ],
          [
            26.66167,
            66.51516
          ],
          [
            26.66904,
            66.51283
          ],
          [
            26.67337,
            66.51205
          ],
          [
            26.68888,
            66.51109
          ],
          [
            26.70739,
            66.5086
          ],
          [
            26.72937,
            66.50738
          ],
          [
            26.74665,
            66.50379
          ],
          [
            26.74943,
            66.50349
          ],
          [
            26.75298,
            66.50348
          ],
          [
            26.75589,
            66.50449
          ],
          [
            26.76355,
            66.50521
          ],
          [
            26.76784,
            66.50482
          ],
          [
            26.77634,
            66.50337
          ],
          [
            26.78093,
            66.50297
          ],
          [
            26.78661,
            66.50303
          ],
          [
            26.79409,
            66.50414
          ],
          [
            26.79681,
            66.50427
          ],
          [
            26.80719,
            66.50349
          ],
          [
            26.81556,
            66.50158
          ],
          [
            26.82671,
            66.50156
          ],
          [
            26.8357,
            66.499
          ],
          [
            26.84956,
            66.49818
          ],
          [
            26.85748,
            66.49651
          ],
          [
            26.86318,
            66.49657
          ],
          [
            26.86901,
            66.49471
          ],
          [
            26.87263,
            66.49432
          ],
          [
            26.87709,
            66.49465
          ],
          [
            26.88069,
            66.49547
          ],
          [
            26.87812,
            66.49881
          ],
          [
            26.87794,
            66.50032
          ],
          [
            26.88037,
            66.50362
          ],
          [
            26.8858,
            66.50868
          ],
          [
            26.88516,
            66.50963
          ],
          [
            26.88284,
            66.51011
          ],
          [
            26.87537,
            66.51093
          ],
          [
            26.87084,
            66.51196
          ],
          [
            26.86748,
            66.5119
          ],
          [
            26.86454,
            66.51306
          ],
          [
            26.8652,
            66.51496
          ],
          [
            26.86423,
            66.51619
          ],
          [
            26.86721,
            66.51728
          ],
          [
            26.86866,
            66.51865
          ],
          [
            26.86808,
            66.52143
          ],
          [
            26.87682,
            66.52143
          ],
          [
            26.88167,
            66.52172
          ],
          [
            26.89181,
            66.5206
          ],
          [
            26.90035,
            66.52023
          ],
          [
            26.90588,
            66.51943
          ],
          [
            26.90768,
            66.51885
          ],
          [
            26.91531,
            66.51831
          ],
          [
            26.93202,
            66.51596
          ],
          [
            26.93348,
            66.51609
          ],
          [
            26.93597,
            66.51746
          ],
          [
            26.93863,
            66.5176
          ],
          [
            26.94919,
            66.51685
          ],
          [
            26.9595,
            66.51777
          ],
          [
            26.96871,
            66.51747
          ],
          [
            26.99053,
            66.51566
          ],
          [
            26.99427,
            66.51571
          ],
          [
            27.00794,
            66.51694
          ],
          [
            27.0319,
            66.51686
          ],
          [
            27.01981,
            66.52411
          ],
          [
            27.01562,
            66.52571
          ],
          [
            26.97428,
            66.5373
          ],
          [
            26.96905,
            66.53846
          ],
          [
            26.95161,
            66.54137
          ],
          [
            26.94693,
            66.54262
          ],
          [
            26.94172,
            66.54475
          ],
          [
            26.93266,
            66.55063
          ],
          [
            26.92948,
            66.55381
          ],
          [
            26.92469,
            66.56217
          ],
          [
            26.92637,
            66.56291
          ],
          [
            26.92746,
            66.56422
          ],
          [
            26.92622,
            66.5681
          ],
          [
            26.93178,
            66.56896
          ],
          [
            26.97605,
            66.56879
          ],
          [
            26.98367,
            66.56964
          ],
          [
            26.98489,
            66.57008
          ],
          [
            26.98577,
            66.57118
          ],
          [
            26.98698,
            66.57664
          ],
          [
            26.98817,
            66.57736
          ],
          [
            26.99185,
            66.57811
          ],
          [
            26.9892,
            66.58136
          ],
          [
            26.98909,
            66.58317
          ],
          [
            26.9849,
            66.58562
          ],
          [
            26.98019,
            66.58642
          ],
          [
            26.97533,
            66.58788
          ],
          [
            26.97126,
            66.59243
          ],
          [
            26.99811,
            66.59779
          ],
          [
            27.00417,
            66.60472
          ],
          [
            27.01485,
            66.60649
          ],
          [
            27.01542,
            66.60703
          ],
          [
            27.01643,
            66.61928
          ],
          [
            27.02493,
            66.62565
          ],
          [
            27.02785,
            66.62591
          ],
          [
            27.0351,
            66.62552
          ],
          [
            27.03959,
            66.62599
          ],
          [
            27.04261,
            66.62594
          ],
          [
            27.04403,
            66.62628
          ],
          [
            27.04645,
            66.62873
          ],
          [
            27.04416,
            66.63076
          ],
          [
            27.04999,
            66.63117
          ],
          [
            27.05506,
            66.63279
          ],
          [
            27.05604,
            66.63422
          ],
          [
            27.05648,
            66.63736
          ],
          [
            27.0575,
            66.63862
          ],
          [
            27.06474,
            66.64342
          ],
          [
            27.06829,
            66.6478
          ],
          [
            27.07166,
            66.65035
          ],
          [
            27.07355,
            66.65078
          ],
          [
            27.07758,
            66.65063
          ],
          [
            27.08687,
            66.64285
          ],
          [
            27.09018,
            66.64134
          ],
          [
            27.1053,
            66.63845
          ],
          [
            27.1108,
            66.63661
          ],
          [
            27.11203,
            66.63586
          ],
          [
            27.12238,
            66.63753
          ],
          [
            27.12705,
            66.64191
          ],
          [
            27.12537,
            66.6449
          ],
          [
            27.1294,
            66.65219
          ],
          [
            27.13106,
            66.65265
          ],
          [
            27.1587,
            66.65599
          ],
          [
            27.16032,
            66.65681
          ],
          [
            27.16131,
            66.65833
          ],
          [
            27.16726,
            66.66066
          ],
          [
            27.18025,
            66.66053
          ],
          [
            27.1831,
            66.66101
          ],
          [
            27.18476,
            66.66214
          ],
          [
            27.18688,
            66.67217
          ],
          [
            27.18761,
            66.67287
          ],
          [
            27.19073,
            66.67363
          ],
          [
            27.19714,
            66.67317
          ],
          [
            27.20943,
            66.67555
          ],
          [
            27.21789,
            66.67574
          ],
          [
            27.22004,
            66.67607
          ],
          [
            27.22144,
            66.67681
          ],
          [
            27.22637,
            66.68227
          ],
          [
            27.23335,
            66.685
          ],
          [
            27.23347,
            66.68557
          ],
          [
            27.23083,
            66.68908
          ],
          [
            27.23399,
            66.69151
          ],
          [
            27.2339,
            66.69209
          ],
          [
            27.22935,
            66.69428
          ],
          [
            27.22999,
            66.69619
          ],
          [
            27.22812,
            66.69781
          ],
          [
            27.22008,
            66.69657
          ],
          [
            27.21272,
            66.71124
          ],
          [
            27.19649,
            66.71117
          ],
          [
            27.19587,
            66.71248
          ],
          [
            27.19346,
            66.71432
          ],
          [
            27.19472,
            66.71691
          ],
          [
            27.19187,
            66.71904
          ],
          [
            27.1913,
            66.72047
          ],
          [
            27.19421,
            66.72643
          ],
          [
            27.19724,
            66.72666
          ],
          [
            27.19853,
            66.72779
          ],
          [
            27.19816,
            66.7299
          ],
          [
            27.19901,
            66.73119
          ],
          [
            27.19766,
            66.73562
          ],
          [
            27.19792,
            66.73853
          ],
          [
            27.19894,
            66.7403
          ],
          [
            27.19453,
            66.74252
          ],
          [
            27.19572,
            66.74516
          ],
          [
            27.19399,
            66.74779
          ],
          [
            27.18845,
            66.75023
          ],
          [
            27.18308,
            66.75025
          ],
          [
            27.18386,
            66.75279
          ],
          [
            27.19159,
            66.75473
          ],
          [
            27.1988,
            66.75441
          ],
          [
            27.20272,
            66.75374
          ],
          [
            27.20432,
            66.75393
          ],
          [
            27.21136,
            66.75642
          ],
          [
            27.21293,
            66.75968
          ],
          [
            27.21409,
            66.76003
          ],
          [
            27.22109,
            66.75989
          ],
          [
            27.24287,
            66.76303
          ],
          [
            27.24652,
            66.76294
          ],
          [
            27.26903,
            66.75711
          ],
          [
            27.27167,
            66.75698
          ],
          [
            27.27546,
            66.7575
          ],
          [
            27.27787,
            66.75728
          ],
          [
            27.28031,
            66.75666
          ],
          [
            27.28174,
            66.75593
          ],
          [
            27.28389,
            66.75277
          ],
          [
            27.31855,
            66.74118
          ],
          [
            27.32006,
            66.74109
          ],
          [
            27.33045,
            66.74275
          ],
          [
            27.33492,
            66.74266
          ],
          [
            27.35227,
            66.74365
          ],
          [
            27.35727,
            66.74007
          ],
          [
            27.36182,
            66.73705
          ],
          [
            27.36274,
            66.73722
          ],
          [
            27.36395,
            66.73686
          ],
          [
            27.36713,
            66.7354
          ],
          [
            27.38336,
            66.73104
          ],
          [
            27.39735,
            66.72063
          ],
          [
            27.3999,
            66.72092
          ],
          [
            27.40229,
            66.72089
          ],
          [
            27.41123,
            66.71908
          ],
          [
            27.41872,
            66.71822
          ],
          [
            27.41889,
            66.71816
          ],
          [
            27.41841,
            66.71729
          ],
          [
            27.42051,
            66.71729
          ],
          [
            27.41841,
            66.71729
          ],
          [
            27.41872,
            66.71822
          ],
          [
            27.41123,
            66.71908
          ],
          [
            27.40263,
            66.72085
          ],
          [
            27.3999,
            66.72091
          ],
          [
            27.39736,
            66.72062
          ],
          [
            27.38336,
            66.73104
          ],
          [
            27.38254,
            66.73143
          ],
          [
            27.36713,
            66.7354
          ],
          [
            27.36274,
            66.73722
          ],
          [
            27.36182,
            66.73705
          ],
          [
            27.3495,
            66.74595
          ],
          [
            27.34929,
            66.74674
          ],
          [
            27.34618,
            66.74935
          ],
          [
            27.34717,
            66.7495
          ],
          [
            27.34585,
            66.7515
          ],
          [
            27.34515,
            66.75465
          ],
          [
            27.34388,
            66.76226
          ],
          [
            27.3444,
            66.76548
          ],
          [
            27.34257,
            66.76739
          ],
          [
            27.34153,
            66.76739
          ],
          [
            27.33859,
            66.7706
          ],
          [
            27.33283,
            66.77537
          ],
          [
            27.33351,
            66.77577
          ],
          [
            27.33515,
            66.78084
          ],
          [
            27.33458,
            66.78346
          ],
          [
            27.33621,
            66.78932
          ],
          [
            27.33509,
            66.78967
          ],
          [
            27.337,
            66.79222
          ],
          [
            27.33733,
            66.79545
          ],
          [
            27.33204,
            66.79699
          ],
          [
            27.32582,
            66.79795
          ],
          [
            27.31892,
            66.79977
          ],
          [
            27.30746,
            66.80697
          ],
          [
            27.30174,
            66.80864
          ],
          [
            27.29337,
            66.81052
          ],
          [
            27.2657,
            66.81819
          ],
          [
            27.26021,
            66.81921
          ],
          [
            27.2464,
            66.82266
          ],
          [
            27.23566,
            66.82451
          ],
          [
            27.23119,
            66.82654
          ],
          [
            27.22664,
            66.82727
          ],
          [
            27.21279,
            66.8282
          ],
          [
            27.20381,
            66.82925
          ],
          [
            27.19291,
            66.83169
          ],
          [
            27.18661,
            66.83442
          ],
          [
            27.17578,
            66.84306
          ],
          [
            27.17419,
            66.84491
          ],
          [
            27.16658,
            66.84889
          ],
          [
            27.15775,
            66.85216
          ],
          [
            27.14759,
            66.85372
          ],
          [
            27.1331,
            66.855
          ],
          [
            27.12999,
            66.85555
          ],
          [
            27.130552,
            66.853685
          ],
          [
            27.13222,
            66.852223
          ],
          [
            27.130615,
            66.85369
          ],
          [
            27.12988,
            66.855572
          ],
          [
            27.1239,
            66.85625
          ],
          [
            27.11688,
            66.85637
          ],
          [
            27.10992,
            66.85784
          ],
          [
            27.10634,
            66.85891
          ],
          [
            27.09535,
            66.8634
          ],
          [
            27.06655,
            66.87234
          ],
          [
            27.05498,
            66.8791
          ],
          [
            27.04324,
            66.88185
          ],
          [
            27.03722,
            66.88553
          ],
          [
            27.03112,
            66.8857
          ],
          [
            27.02073,
            66.88517
          ],
          [
            27.01702,
            66.8858
          ],
          [
            27.01951,
            66.88884
          ],
          [
            27.02375,
            66.89019
          ],
          [
            27.03848,
            66.89796
          ],
          [
            27.05482,
            66.90141
          ],
          [
            27.05654,
            66.90335
          ],
          [
            27.049875,
            66.906474
          ],
          [
            27.02387,
            66.90725
          ],
          [
            27.01699,
            66.90795
          ],
          [
            27.01292,
            66.90966
          ],
          [
            27.01202,
            66.91053
          ],
          [
            27.01276,
            66.91472
          ],
          [
            27.01486,
            66.91763
          ],
          [
            27.01474,
            66.91833
          ],
          [
            27.00858,
            66.92248
          ],
          [
            27.00313,
            66.92451
          ],
          [
            26.99941,
            66.92525
          ],
          [
            26.99854,
            66.92575
          ],
          [
            26.99148,
            66.93358
          ],
          [
            26.99257,
            66.93634
          ],
          [
            26.99391,
            66.93692
          ],
          [
            27.02388,
            66.94313
          ],
          [
            27.02596,
            66.94393
          ],
          [
            27.03063,
            66.945
          ],
          [
            27.04333,
            66.94512
          ],
          [
            27.0699,
            66.94756
          ],
          [
            27.06907,
            66.94873
          ],
          [
            27.0518,
            66.9586
          ],
          [
            27.05552,
            66.96381
          ],
          [
            27.05941,
            66.96797
          ],
          [
            27.06402,
            66.9677
          ],
          [
            27.066,
            66.96801
          ],
          [
            27.06801,
            66.96649
          ],
          [
            27.0728,
            66.96565
          ],
          [
            27.07608,
            66.96524
          ],
          [
            27.08058,
            66.96578
          ],
          [
            27.08776,
            66.96467
          ],
          [
            27.08808,
            66.96257
          ],
          [
            27.09072,
            66.96139
          ],
          [
            27.10429,
            66.95978
          ],
          [
            27.11016,
            66.95847
          ],
          [
            27.11456,
            66.95868
          ],
          [
            27.12458,
            66.95714
          ],
          [
            27.12667,
            66.9554
          ],
          [
            27.12598,
            66.95485
          ],
          [
            27.12363,
            66.95423
          ],
          [
            27.12281,
            66.95332
          ],
          [
            27.12464,
            66.9521
          ],
          [
            27.1249,
            66.95096
          ],
          [
            27.13104,
            66.94764
          ],
          [
            27.13126,
            66.94471
          ],
          [
            27.15201,
            66.93719
          ],
          [
            27.15715,
            66.93613
          ],
          [
            27.16574,
            66.93591
          ],
          [
            27.1679,
            66.93692
          ],
          [
            27.17311,
            66.93843
          ],
          [
            27.17858,
            66.93916
          ],
          [
            27.18377,
            66.93803
          ],
          [
            27.20841,
            66.93794
          ],
          [
            27.21537,
            66.93975
          ],
          [
            27.21889,
            66.93992
          ],
          [
            27.22468,
            66.94069
          ],
          [
            27.23098,
            66.94046
          ],
          [
            27.24055,
            66.93872
          ],
          [
            27.24846,
            66.9387
          ],
          [
            27.25519,
            66.93986
          ],
          [
            27.26139,
            66.94021
          ],
          [
            27.28819,
            66.93878
          ],
          [
            27.29191,
            66.93901
          ],
          [
            27.29892,
            66.93883
          ],
          [
            27.30401,
            66.93697
          ],
          [
            27.31442,
            66.93666
          ],
          [
            27.33163,
            66.93555
          ],
          [
            27.33424,
            66.93467
          ],
          [
            27.33701,
            66.93159
          ],
          [
            27.34508,
            66.92821
          ],
          [
            27.34767,
            66.92763
          ],
          [
            27.35611,
            66.92337
          ],
          [
            27.37517,
            66.92255
          ],
          [
            27.39083,
            66.92222
          ],
          [
            27.39136,
            66.92186
          ],
          [
            27.39096,
            66.91813
          ],
          [
            27.3947,
            66.91747
          ],
          [
            27.39449,
            66.91574
          ],
          [
            27.3978,
            66.91221
          ],
          [
            27.40214,
            66.91032
          ],
          [
            27.42828,
            66.90352
          ],
          [
            27.43862,
            66.90348
          ],
          [
            27.44593,
            66.90294
          ],
          [
            27.44857,
            66.91819
          ],
          [
            27.45009,
            66.92081
          ],
          [
            27.45811,
            66.92618
          ],
          [
            27.46245,
            66.93094
          ],
          [
            27.47698,
            66.93718
          ],
          [
            27.49862,
            66.94866
          ],
          [
            27.49993,
            66.95002
          ],
          [
            27.50557,
            66.96224
          ],
          [
            27.50346,
            66.96218
          ],
          [
            27.50035,
            66.96113
          ],
          [
            27.48661,
            66.96074
          ],
          [
            27.48314,
            66.96084
          ],
          [
            27.47442,
            66.9619
          ],
          [
            27.4681,
            66.96206
          ],
          [
            27.44784,
            66.96009
          ],
          [
            27.40146,
            66.96128
          ],
          [
            27.38661,
            66.96332
          ],
          [
            27.37337,
            66.96683
          ],
          [
            27.35452,
            66.97125
          ],
          [
            27.35244,
            66.97243
          ],
          [
            27.35143,
            66.97371
          ],
          [
            27.35213,
            66.98062
          ],
          [
            27.34581,
            66.98211
          ],
          [
            27.34212,
            66.98253
          ],
          [
            27.33478,
            66.9822
          ],
          [
            27.33026,
            66.9824
          ],
          [
            27.32917,
            66.9814
          ],
          [
            27.32704,
            66.98129
          ],
          [
            27.31619,
            66.98466
          ],
          [
            27.31335,
            66.98346
          ],
          [
            27.31164,
            66.98315
          ],
          [
            27.30737,
            66.98382
          ],
          [
            27.30376,
            66.98335
          ],
          [
            27.30113,
            66.98445
          ],
          [
            27.29989,
            66.98459
          ],
          [
            27.29255,
            66.98235
          ],
          [
            27.27537,
            66.98752
          ],
          [
            27.27014,
            66.98736
          ],
          [
            27.26806,
            66.98777
          ],
          [
            27.26272,
            66.98779
          ],
          [
            27.26009,
            66.987
          ],
          [
            27.25625,
            66.98698
          ],
          [
            27.25512,
            66.98654
          ],
          [
            27.25181,
            66.98657
          ],
          [
            27.25181,
            66.98922
          ],
          [
            27.25093,
            66.99069
          ],
          [
            27.25114,
            66.99429
          ],
          [
            27.24956,
            66.99517
          ],
          [
            27.24659,
            66.99524
          ],
          [
            27.24638,
            66.99709
          ],
          [
            27.24819,
            66.99907
          ],
          [
            27.24651,
            67.00086
          ],
          [
            27.24297,
            67.00239
          ],
          [
            27.25251,
            67.00632
          ],
          [
            27.25358,
            67.00645
          ],
          [
            27.25407,
            67.00711
          ],
          [
            27.24994,
            67.01103
          ],
          [
            27.24889,
            67.01296
          ],
          [
            27.24894,
            67.01434
          ],
          [
            27.25301,
            67.01893
          ],
          [
            27.25233,
            67.01909
          ],
          [
            27.24886,
            67.01879
          ],
          [
            27.2476,
            67.01886
          ],
          [
            27.24578,
            67.01958
          ],
          [
            27.24437,
            67.01899
          ],
          [
            27.24137,
            67.01905
          ],
          [
            27.24056,
            67.01943
          ],
          [
            27.24031,
            67.02133
          ],
          [
            27.24008,
            67.02102
          ],
          [
            27.24056,
            67.01943
          ],
          [
            27.24163,
            67.01902
          ],
          [
            27.24437,
            67.01899
          ],
          [
            27.24578,
            67.01958
          ],
          [
            27.24631,
            67.01949
          ],
          [
            27.2476,
            67.01886
          ],
          [
            27.24915,
            67.0188
          ],
          [
            27.25131,
            67.01898
          ],
          [
            27.25138,
            67.01918
          ],
          [
            27.25279,
            67.01925
          ],
          [
            27.25413,
            67.01995
          ],
          [
            27.25441,
            67.01978
          ],
          [
            27.25701,
            67.02356
          ],
          [
            27.25692,
            67.02574
          ],
          [
            27.25602,
            67.0272
          ],
          [
            27.25448,
            67.02793
          ],
          [
            27.24839,
            67.0335
          ],
          [
            27.2446,
            67.03511
          ],
          [
            27.20329,
            67.04576
          ],
          [
            27.18807,
            67.04866
          ],
          [
            27.17917,
            67.0498
          ],
          [
            27.15988,
            67.05167
          ],
          [
            27.15558,
            67.05187
          ],
          [
            27.15161,
            67.05161
          ],
          [
            27.14755,
            67.05079
          ],
          [
            27.14163,
            67.04827
          ],
          [
            27.13786,
            67.04727
          ],
          [
            27.12574,
            67.04634
          ],
          [
            27.12061,
            67.04624
          ],
          [
            27.12014,
            67.046
          ],
          [
            27.1136,
            67.04549
          ],
          [
            27.10906,
            67.04372
          ],
          [
            27.10629,
            67.04067
          ],
          [
            27.10516,
            67.0402
          ],
          [
            27.09369,
            67.03793
          ],
          [
            27.086583,
            67.03427
          ],
          [
            27.084266,
            67.034053
          ],
          [
            27.082892,
            67.033433
          ],
          [
            27.080617,
            67.033031
          ],
          [
            27.073063,
            67.030435
          ],
          [
            27.066152,
            67.029397
          ],
          [
            27.059928,
            67.029313
          ],
          [
            27.056923,
            67.029632
          ],
          [
            27.054949,
            67.029196
          ],
          [
            27.048253,
            67.030117
          ],
          [
            27.0416,
            67.030151
          ],
          [
            27.040612,
            67.030536
          ],
          [
            27.04263,
            67.031859
          ],
          [
            27.04439,
            67.034404
          ],
          [
            27.046235,
            67.03561
          ],
          [
            27.04542,
            67.037134
          ],
          [
            27.043145,
            67.037468
          ],
          [
            27.041042,
            67.038674
          ],
          [
            27.03456,
            67.03926
          ],
          [
            27.03001,
            67.040566
          ],
          [
            27.029452,
            67.041202
          ],
          [
            27.026834,
            67.042189
          ],
          [
            27.02619,
            67.043294
          ],
          [
            27.023615,
            67.044566
          ],
          [
            27.021554,
            67.044918
          ],
          [
            27.018507,
            67.046474
          ],
          [
            27.012326,
            67.048114
          ],
          [
            27.012626,
            67.04947
          ],
          [
            27.009364,
            67.050926
          ],
          [
            27.009149,
            67.052331
          ],
          [
            27.005115,
            67.054824
          ],
          [
            27.003698,
            67.056648
          ],
          [
            27.006746,
            67.057718
          ],
          [
            27.003826,
            67.06098
          ],
          [
            27.001937,
            67.061231
          ],
          [
            27.001765,
            67.065212
          ],
          [
            26.998289,
            67.066633
          ],
          [
            26.995456,
            67.067135
          ],
          [
            26.994425,
            67.068105
          ],
          [
            26.98364,
            67.07239
          ],
          [
            26.98385,
            67.07276
          ],
          [
            26.98673,
            67.07335
          ],
          [
            26.98763,
            67.07387
          ],
          [
            26.98746,
            67.07503
          ],
          [
            26.98947,
            67.07784
          ],
          [
            26.98967,
            67.07937
          ],
          [
            26.98694,
            67.08102
          ],
          [
            26.98668,
            67.08238
          ],
          [
            26.98409,
            67.08311
          ],
          [
            26.98362,
            67.0838
          ],
          [
            26.98512,
            67.08515
          ],
          [
            26.98673,
            67.0856
          ],
          [
            26.98836,
            67.08662
          ],
          [
            26.99005,
            67.08684
          ],
          [
            26.99121,
            67.08739
          ],
          [
            26.99239,
            67.08912
          ],
          [
            26.99613,
            67.08977
          ],
          [
            26.99624,
            67.09056
          ],
          [
            26.99281,
            67.09248
          ],
          [
            26.99159,
            67.09267
          ],
          [
            26.98811,
            67.09192
          ],
          [
            26.98635,
            67.09223
          ],
          [
            26.9844,
            67.09204
          ],
          [
            26.98579,
            67.09051
          ],
          [
            26.98474,
            67.08996
          ],
          [
            26.97787,
            67.08972
          ],
          [
            26.97101,
            67.09111
          ],
          [
            26.96594,
            67.09155
          ],
          [
            26.965581,
            67.092338
          ],
          [
            26.96249,
            67.09284
          ],
          [
            26.961331,
            67.092773
          ],
          [
            26.960559,
            67.09319
          ],
          [
            26.958456,
            67.093057
          ],
          [
            26.956782,
            67.093274
          ],
          [
            26.95588,
            67.09299
          ],
          [
            26.952918,
            67.092873
          ],
          [
            26.951244,
            67.093207
          ],
          [
            26.953519,
            67.093875
          ],
          [
            26.953562,
            67.094243
          ],
          [
            26.952876,
            67.095629
          ],
          [
            26.951201,
            67.096297
          ],
          [
            26.951588,
            67.096932
          ],
          [
            26.954507,
            67.097583
          ],
          [
            26.958198,
            67.097683
          ],
          [
            26.959228,
            67.098067
          ],
          [
            26.958413,
            67.103845
          ],
          [
            26.956567,
            67.106032
          ],
          [
            26.954077,
            67.107535
          ],
          [
            26.952833,
            67.109922
          ],
          [
            26.949356,
            67.111675
          ],
          [
            26.948669,
            67.112609
          ],
          [
            26.946094,
            67.114061
          ],
          [
            26.944334,
            67.116882
          ],
          [
            26.94055,
            67.11951
          ],
          [
            26.94167,
            67.11967
          ],
          [
            26.94202,
            67.12041
          ],
          [
            26.94086,
            67.12329
          ],
          [
            26.94104,
            67.12452
          ],
          [
            26.93887,
            67.12587
          ],
          [
            26.93849,
            67.12735
          ],
          [
            26.94016,
            67.12953
          ],
          [
            26.9383,
            67.1302
          ],
          [
            26.93602,
            67.13173
          ],
          [
            26.93385,
            67.13229
          ],
          [
            26.92765,
            67.13498
          ],
          [
            26.9248,
            67.1357
          ],
          [
            26.92067,
            67.13893
          ],
          [
            26.92272,
            67.13954
          ],
          [
            26.92416,
            67.14092
          ],
          [
            26.92981,
            67.14145
          ],
          [
            26.93186,
            67.14272
          ],
          [
            26.93691,
            67.14442
          ],
          [
            26.92583,
            67.14904
          ],
          [
            26.92069,
            67.1557
          ],
          [
            26.91803,
            67.15698
          ],
          [
            26.9171,
            67.15696
          ],
          [
            26.90957,
            67.15426
          ],
          [
            26.90871,
            67.15428
          ],
          [
            26.90628,
            67.15859
          ],
          [
            26.89781,
            67.16022
          ],
          [
            26.89717,
            67.16138
          ],
          [
            26.89778,
            67.16309
          ],
          [
            26.89526,
            67.16497
          ],
          [
            26.88685,
            67.16706
          ],
          [
            26.88124,
            67.16898
          ],
          [
            26.88008,
            67.17141
          ],
          [
            26.87239,
            67.17285
          ],
          [
            26.86549,
            67.17256
          ],
          [
            26.86242,
            67.1721
          ],
          [
            26.84919,
            67.17196
          ],
          [
            26.8473,
            67.17098
          ],
          [
            26.847108,
            67.169258
          ],
          [
            26.846057,
            67.17136
          ],
          [
            26.846422,
            67.171982
          ],
          [
            26.839405,
            67.172274
          ],
          [
            26.82781,
            67.17213
          ],
          [
            26.822657,
            67.172471
          ],
          [
            26.820896,
            67.175139
          ],
          [
            26.820223,
            67.178191
          ],
          [
            26.814639,
            67.180809
          ],
          [
            26.813977,
            67.182391
          ],
          [
            26.814924,
            67.183365
          ],
          [
            26.814875,
            67.184533
          ],
          [
            26.811336,
            67.187171
          ],
          [
            26.806255,
            67.189666
          ],
          [
            26.801897,
            67.190979
          ],
          [
            26.800562,
            67.192254
          ],
          [
            26.796041,
            67.194648
          ],
          [
            26.7852,
            67.19754
          ],
          [
            26.78291,
            67.19722
          ],
          [
            26.77143,
            67.19822
          ],
          [
            26.76543,
            67.19947
          ],
          [
            26.75953,
            67.20015
          ],
          [
            26.75786,
            67.20111
          ],
          [
            26.75612,
            67.20126
          ],
          [
            26.71455,
            67.19996
          ],
          [
            26.70861,
            67.200646
          ],
          [
            26.703501,
            67.200718
          ],
          [
            26.683336,
            67.198211
          ],
          [
            26.663597,
            67.197458
          ],
          [
            26.660174,
            67.196871
          ],
          [
            26.649213,
            67.193963
          ],
          [
            26.64107,
            67.193432
          ],
          [
            26.64545,
            67.15849
          ],
          [
            26.647351,
            67.151162
          ],
          [
            26.646924,
            67.147751
          ],
          [
            26.647774,
            67.131215
          ],
          [
            26.645093,
            67.112889
          ],
          [
            26.642827,
            67.110079
          ],
          [
            26.635804,
            67.104351
          ],
          [
            26.630808,
            67.098495
          ],
          [
            26.626319,
            67.094271
          ],
          [
            26.622959,
            67.091928
          ],
          [
            26.61912,
            67.090102
          ],
          [
            26.613691,
            67.088301
          ],
          [
            26.607861,
            67.087017
          ],
          [
            26.6,
            67.085996
          ],
          [
            26.597272,
            67.085987
          ],
          [
            26.59426,
            67.087104
          ],
          [
            26.587526,
            67.088364
          ],
          [
            26.571807,
            67.095043
          ],
          [
            26.561155,
            67.09681
          ],
          [
            26.553135,
            67.099088
          ],
          [
            26.543903,
            67.104247
          ],
          [
            26.529186,
            67.108625
          ],
          [
            26.516841,
            67.113756
          ],
          [
            26.512579,
            67.114646
          ],
          [
            26.491776,
            67.117088
          ],
          [
            26.487393,
            67.118171
          ],
          [
            26.483274,
            67.120119
          ],
          [
            26.476574,
            67.125632
          ],
          [
            26.474208,
            67.12704
          ],
          [
            26.437423,
            67.139814
          ],
          [
            26.433234,
            67.141855
          ],
          [
            26.425454,
            67.146987
          ],
          [
            26.420815,
            67.148919
          ],
          [
            26.406514,
            67.152544
          ],
          [
            26.396639,
            67.154093
          ],
          [
            26.392045,
            67.155298
          ],
          [
            26.370247,
            67.164172
          ],
          [
            26.365684,
            67.165626
          ],
          [
            26.36,
            67.166634
          ],
          [
            26.34203,
            67.16841
          ],
          [
            26.337555,
            67.169261
          ],
          [
            26.333349,
            67.170582
          ],
          [
            26.316775,
            67.17751
          ],
          [
            26.304859,
            67.188284
          ],
          [
            26.27229,
            67.181412
          ],
          [
            26.255796,
            67.173933
          ],
          [
            26.2384,
            67.17181
          ],
          [
            26.230772,
            67.171286
          ],
          [
            26.228161,
            67.1703
          ],
          [
            26.22408,
            67.167548
          ],
          [
            26.223595,
            67.166638
          ],
          [
            26.225104,
            67.160204
          ],
          [
            26.235882,
            67.154324
          ],
          [
            26.239947,
            67.152903
          ],
          [
            26.248076,
            67.147129
          ],
          [
            26.243607,
            67.147912
          ],
          [
            26.238097,
            67.147678
          ],
          [
            26.235761,
            67.1497
          ],
          [
            26.231633,
            67.150644
          ],
          [
            26.228945,
            67.150669
          ],
          [
            26.226228,
            67.150136
          ],
          [
            26.223452,
            67.150195
          ],
          [
            26.220686,
            67.152083
          ],
          [
            26.216257,
            67.15343
          ],
          [
            26.211654,
            67.154176
          ],
          [
            26.210338,
            67.153903
          ],
          [
            26.209155,
            67.153019
          ],
          [
            26.203597,
            67.152894
          ],
          [
            26.202116,
            67.152195
          ],
          [
            26.198018,
            67.152811
          ],
          [
            26.189693,
            67.152328
          ],
          [
            26.186624,
            67.152553
          ],
          [
            26.184521,
            67.15362
          ],
          [
            26.175401,
            67.15621
          ],
          [
            26.17111,
            67.158893
          ],
          [
            26.158837,
            67.162982
          ],
          [
            26.148954,
            67.16264
          ],
          [
            26.145995,
            67.163402
          ],
          [
            26.142872,
            67.163331
          ],
          [
            26.135425,
            67.164505
          ],
          [
            26.130924,
            67.162994
          ],
          [
            26.122068,
            67.162127
          ],
          [
            26.12016,
            67.162537
          ],
          [
            26.117777,
            67.16261
          ],
          [
            26.114499,
            67.163913
          ],
          [
            26.111919,
            67.164378
          ],
          [
            26.112098,
            67.162032
          ],
          [
            26.11108,
            67.16123
          ],
          [
            26.107274,
            67.1604
          ],
          [
            26.103467,
            67.158577
          ],
          [
            26.101089,
            67.158306
          ],
          [
            26.095448,
            67.159007
          ],
          [
            26.093661,
            67.158788
          ],
          [
            26.09138,
            67.157735
          ],
          [
            26.085839,
            67.15646
          ],
          [
            26.081473,
            67.154476
          ],
          [
            26.078667,
            67.153629
          ],
          [
            26.07248,
            67.15082
          ],
          [
            26.071293,
            67.14959
          ],
          [
            26.075292,
            67.145625
          ],
          [
            26.075665,
            67.140452
          ],
          [
            26.076753,
            67.138693
          ],
          [
            26.093904,
            67.130575
          ],
          [
            26.093798,
            67.126165
          ],
          [
            26.091746,
            67.125123
          ],
          [
            26.087859,
            67.124449
          ],
          [
            26.08713,
            67.123685
          ],
          [
            26.096435,
            67.118123
          ],
          [
            26.096698,
            67.116165
          ],
          [
            26.103774,
            67.107535
          ],
          [
            26.097999,
            67.108071
          ],
          [
            26.092988,
            67.107508
          ],
          [
            26.087041,
            67.108041
          ],
          [
            26.069515,
            67.108368
          ],
          [
            26.063673,
            67.107711
          ],
          [
            26.058957,
            67.105855
          ],
          [
            26.056217,
            67.105283
          ],
          [
            26.03446,
            67.105993
          ],
          [
            26.030855,
            67.106293
          ],
          [
            26.025277,
            67.108029
          ],
          [
            26.016265,
            67.109732
          ],
          [
            26.008453,
            67.112769
          ],
          [
            25.999613,
            67.11347
          ],
          [
            25.991974,
            67.114805
          ],
          [
            25.988713,
            67.112936
          ],
          [
            25.989228,
            67.109866
          ],
          [
            25.988609,
            67.109425
          ],
          [
            25.985258,
            67.108478
          ],
          [
            25.984596,
            67.107633
          ],
          [
            25.9764,
            67.102878
          ],
          [
            25.972992,
            67.101744
          ],
          [
            25.971298,
            67.099955
          ],
          [
            25.964431,
            67.095832
          ],
          [
            25.966164,
            67.093932
          ],
          [
            25.966403,
            67.087265
          ],
          [
            25.960086,
            67.083104
          ],
          [
            25.957489,
            67.081964
          ],
          [
            25.950987,
            67.080363
          ],
          [
            25.95035,
            67.078234
          ],
          [
            25.948766,
            67.077509
          ],
          [
            25.949581,
            67.076381
          ],
          [
            25.949063,
            67.075609
          ],
          [
            25.950852,
            67.074636
          ],
          [
            25.948559,
            67.071049
          ],
          [
            25.945527,
            67.069331
          ],
          [
            25.945118,
            67.06857
          ],
          [
            25.942948,
            67.067923
          ],
          [
            25.939031,
            67.065828
          ],
          [
            25.933452,
            67.063926
          ],
          [
            25.934,
            67.059966
          ],
          [
            25.939117,
            67.058782
          ],
          [
            25.941471,
            67.058589
          ],
          [
            25.945257,
            67.057158
          ],
          [
            25.947121,
            67.055386
          ],
          [
            25.947791,
            67.053409
          ],
          [
            25.951039,
            67.049252
          ],
          [
            25.949423,
            67.046521
          ],
          [
            25.945626,
            67.044882
          ],
          [
            25.942005,
            67.044976
          ],
          [
            25.936277,
            67.046892
          ],
          [
            25.93177,
            67.047342
          ],
          [
            25.929533,
            67.045314
          ],
          [
            25.929738,
            67.044354
          ],
          [
            25.931821,
            67.04299
          ],
          [
            25.956536,
            67.033138
          ],
          [
            25.962622,
            67.029649
          ],
          [
            25.967007,
            67.017183
          ],
          [
            25.969047,
            67.015651
          ],
          [
            25.965417,
            67.015322
          ],
          [
            25.959383,
            67.013617
          ],
          [
            25.956575,
            67.011936
          ],
          [
            25.949211,
            67.011998
          ],
          [
            25.932864,
            67.007495
          ],
          [
            25.931565,
            67.006799
          ],
          [
            25.931557,
            67.002586
          ],
          [
            25.930759,
            67.001368
          ],
          [
            25.922857,
            66.999848
          ],
          [
            25.914807,
            66.996132
          ],
          [
            25.910553,
            66.995536
          ],
          [
            25.895942,
            66.998118
          ],
          [
            25.889777,
            67.000418
          ],
          [
            25.886076,
            67.00031
          ],
          [
            25.885895,
            67.001426
          ],
          [
            25.88403,
            67.003109
          ],
          [
            25.870965,
            67.007214
          ],
          [
            25.860567,
            67.011135
          ],
          [
            25.853021,
            67.015389
          ],
          [
            25.846317,
            67.018078
          ],
          [
            25.840197,
            67.021776
          ],
          [
            25.831995,
            67.024482
          ],
          [
            25.824257,
            67.026098
          ],
          [
            25.823262,
            67.026741
          ],
          [
            25.823682,
            67.028092
          ],
          [
            25.819071,
            67.027637
          ],
          [
            25.814522,
            67.02633
          ],
          [
            25.810274,
            67.025878
          ],
          [
            25.807785,
            67.024823
          ],
          [
            25.801605,
            67.020835
          ],
          [
            25.796455,
            67.022109
          ],
          [
            25.791821,
            67.022712
          ],
          [
            25.790404,
            67.022628
          ],
          [
            25.786158,
            67.02377
          ],
          [
            25.782937,
            67.023449
          ],
          [
            25.782253,
            67.022061
          ],
          [
            25.779204,
            67.021489
          ],
          [
            25.772208,
            67.02107
          ],
          [
            25.768689,
            67.019797
          ],
          [
            25.770365,
            67.017554
          ],
          [
            25.769976,
            67.016663
          ],
          [
            25.768217,
            67.016077
          ],
          [
            25.761393,
            67.015826
          ],
          [
            25.76013,
            67.01547
          ],
          [
            25.75953,
            67.01574
          ],
          [
            25.7529,
            67.01617
          ],
          [
            25.74955,
            67.01673
          ],
          [
            25.74826,
            67.01831
          ],
          [
            25.74955,
            67.01673
          ],
          [
            25.75062,
            67.01668
          ],
          [
            25.7529,
            67.01617
          ],
          [
            25.75586,
            67.01587
          ],
          [
            25.75953,
            67.01574
          ],
          [
            25.761996,
            67.012929
          ],
          [
            25.760278,
            67.011284
          ],
          [
            25.764121,
            67.01062
          ],
          [
            25.765683,
            67.010042
          ],
          [
            25.76661,
            67.00881
          ],
          [
            25.772103,
            67.008241
          ],
          [
            25.773407,
            67.007595
          ],
          [
            25.772961,
            67.003412
          ],
          [
            25.782076,
            66.998273
          ],
          [
            25.78429,
            66.996101
          ],
          [
            25.785853,
            66.995589
          ],
          [
            25.789526,
            66.995229
          ],
          [
            25.792376,
            66.994516
          ],
          [
            25.797079,
            66.995262
          ],
          [
            25.798641,
            66.995019
          ],
          [
            25.803517,
            66.993317
          ],
          [
            25.807912,
            66.992872
          ],
          [
            25.811757,
            66.992042
          ],
          [
            25.819653,
            66.989761
          ],
          [
            25.825833,
            66.990196
          ],
          [
            25.827892,
            66.988687
          ],
          [
            25.82851,
            66.98737
          ],
          [
            25.832012,
            66.985298
          ],
          [
            25.834158,
            66.984761
          ],
          [
            25.835874,
            66.983553
          ],
          [
            25.836218,
            66.980969
          ],
          [
            25.838192,
            66.980331
          ],
          [
            25.844972,
            66.979761
          ],
          [
            25.847222,
            66.978812
          ],
          [
            25.84911,
            66.977402
          ],
          [
            25.8505,
            66.974901
          ],
          [
            25.852379,
            66.974522
          ],
          [
            25.84886,
            66.969178
          ],
          [
            25.845794,
            66.966334
          ],
          [
            25.844461,
            66.965687
          ],
          [
            25.836243,
            66.963532
          ],
          [
            25.830969,
            66.956338
          ],
          [
            25.825899,
            66.953886
          ],
          [
            25.81715,
            66.951035
          ],
          [
            25.810245,
            66.9507
          ],
          [
            25.804857,
            66.948967
          ],
          [
            25.799087,
            66.946456
          ],
          [
            25.787221,
            66.943835
          ],
          [
            25.753494,
            66.941211
          ],
          [
            25.748354,
            66.939202
          ],
          [
            25.731864,
            66.935007
          ],
          [
            25.714995,
            66.935823
          ],
          [
            25.712563,
            66.933827
          ],
          [
            25.713863,
            66.930294
          ],
          [
            25.713467,
            66.927548
          ],
          [
            25.711204,
            66.926104
          ],
          [
            25.709599,
            66.924054
          ],
          [
            25.697801,
            66.922011
          ],
          [
            25.693433,
            66.919357
          ],
          [
            25.689256,
            66.918455
          ],
          [
            25.684736,
            66.91585
          ],
          [
            25.679374,
            66.914109
          ],
          [
            25.676913,
            66.913879
          ],
          [
            25.673765,
            66.914041
          ],
          [
            25.671811,
            66.913611
          ],
          [
            25.665877,
            66.909494
          ],
          [
            25.66255,
            66.905385
          ],
          [
            25.663845,
            66.900097
          ],
          [
            25.667075,
            66.898033
          ],
          [
            25.668806,
            66.89612
          ],
          [
            25.6718,
            66.895125
          ],
          [
            25.679105,
            66.889854
          ],
          [
            25.683088,
            66.888081
          ],
          [
            25.692894,
            66.88466
          ],
          [
            25.693711,
            66.882754
          ],
          [
            25.673122,
            66.880495
          ],
          [
            25.640154,
            66.874674
          ],
          [
            25.636128,
            66.874491
          ],
          [
            25.630012,
            66.875134
          ],
          [
            25.594292,
            66.8821
          ],
          [
            25.585999,
            66.882237
          ],
          [
            25.576783,
            66.883599
          ],
          [
            25.56712,
            66.883287
          ],
          [
            25.563551,
            66.88401
          ],
          [
            25.55311,
            66.88528
          ],
          [
            25.55266,
            66.88211
          ],
          [
            25.5507,
            66.87964
          ],
          [
            25.55112,
            66.87797
          ],
          [
            25.55706,
            66.87426
          ],
          [
            25.56154,
            66.87092
          ],
          [
            25.56177,
            66.87028
          ],
          [
            25.55875,
            66.86643
          ],
          [
            25.55735,
            66.86119
          ],
          [
            25.5618,
            66.85847
          ],
          [
            25.58114,
            66.8544
          ],
          [
            25.58464,
            66.84958
          ],
          [
            25.59117,
            66.84669
          ],
          [
            25.59757,
            66.84594
          ],
          [
            25.6172,
            66.8402
          ],
          [
            25.653,
            66.8405
          ],
          [
            25.66464,
            66.83614
          ],
          [
            25.70155,
            66.82638
          ],
          [
            25.71123,
            66.8222
          ],
          [
            25.7137,
            66.82184
          ],
          [
            25.73538,
            66.82048
          ],
          [
            25.75281,
            66.81516
          ],
          [
            25.75936,
            66.81681
          ],
          [
            25.76305,
            66.81827
          ],
          [
            25.76672,
            66.82087
          ],
          [
            25.76695,
            66.82147
          ],
          [
            25.76689,
            66.82174
          ],
          [
            25.76615,
            66.82251
          ],
          [
            25.76274,
            66.8229
          ],
          [
            25.75905,
            66.82392
          ],
          [
            25.75308,
            66.82499
          ],
          [
            25.75138,
            66.8257
          ],
          [
            25.74976,
            66.82737
          ],
          [
            25.73728,
            66.83048
          ],
          [
            25.73599,
            66.82934
          ],
          [
            25.73492,
            66.82936
          ],
          [
            25.73599,
            66.82934
          ],
          [
            25.73649,
            66.82963
          ],
          [
            25.73728,
            66.83048
          ],
          [
            25.74081,
            66.82968
          ],
          [
            25.74976,
            66.82737
          ],
          [
            25.75015,
            66.82718
          ],
          [
            25.75138,
            66.8257
          ],
          [
            25.75308,
            66.82499
          ],
          [
            25.75905,
            66.82392
          ],
          [
            25.76274,
            66.8229
          ],
          [
            25.76615,
            66.82251
          ],
          [
            25.76674,
            66.82201
          ],
          [
            25.76695,
            66.82147
          ],
          [
            25.76672,
            66.82087
          ],
          [
            25.76305,
            66.81827
          ],
          [
            25.75936,
            66.81681
          ],
          [
            25.75281,
            66.81516
          ],
          [
            25.75933,
            66.81053
          ],
          [
            25.76621,
            66.80707
          ],
          [
            25.76829,
            66.80559
          ],
          [
            25.77063,
            66.80295
          ],
          [
            25.77004,
            66.79925
          ],
          [
            25.77467,
            66.79727
          ],
          [
            25.77596,
            66.79615
          ],
          [
            25.77377,
            66.79278
          ],
          [
            25.77128,
            66.7913
          ],
          [
            25.76996,
            66.78897
          ],
          [
            25.76943,
            66.78626
          ],
          [
            25.77041,
            66.78394
          ],
          [
            25.7741,
            66.7812
          ],
          [
            25.78378,
            66.77929
          ],
          [
            25.78623,
            66.77802
          ],
          [
            25.78594,
            66.77586
          ],
          [
            25.78781,
            66.77126
          ],
          [
            25.78522,
            66.76916
          ],
          [
            25.7828,
            66.76588
          ],
          [
            25.78524,
            66.75959
          ],
          [
            25.78481,
            66.75793
          ],
          [
            25.79049,
            66.75348
          ],
          [
            25.79071,
            66.75191
          ],
          [
            25.79045,
            66.75136
          ],
          [
            25.78718,
            66.74992
          ],
          [
            25.78707,
            66.74756
          ],
          [
            25.78507,
            66.7453
          ],
          [
            25.78493,
            66.74419
          ],
          [
            25.78615,
            66.74189
          ],
          [
            25.78552,
            66.73903
          ],
          [
            25.79991,
            66.73878
          ],
          [
            25.80244,
            66.73925
          ],
          [
            25.80625,
            66.74069
          ],
          [
            25.80834,
            66.74025
          ],
          [
            25.81951,
            66.73873
          ],
          [
            25.82293,
            66.73861
          ],
          [
            25.82433,
            66.73907
          ],
          [
            25.82529,
            66.74032
          ],
          [
            25.83227,
            66.74073
          ],
          [
            25.8325,
            66.74257
          ],
          [
            25.83121,
            66.74349
          ],
          [
            25.83094,
            66.74427
          ],
          [
            25.83281,
            66.74592
          ],
          [
            25.83349,
            66.74631
          ],
          [
            25.8307,
            66.748685
          ],
          [
            25.83281,
            66.74592
          ],
          [
            25.83104,
            66.74445
          ],
          [
            25.83092,
            66.7441
          ],
          [
            25.83121,
            66.74349
          ],
          [
            25.8325,
            66.74257
          ],
          [
            25.83269,
            66.74165
          ],
          [
            25.83227,
            66.74073
          ],
          [
            25.82864,
            66.7404
          ],
          [
            25.82529,
            66.74032
          ],
          [
            25.82433,
            66.73907
          ],
          [
            25.82293,
            66.73861
          ],
          [
            25.81951,
            66.73873
          ],
          [
            25.80625,
            66.74069
          ],
          [
            25.80588,
            66.74069
          ],
          [
            25.80244,
            66.73925
          ],
          [
            25.79991,
            66.73878
          ],
          [
            25.78552,
            66.73903
          ],
          [
            25.78291,
            66.73669
          ],
          [
            25.78201,
            66.73467
          ],
          [
            25.78338,
            66.73056
          ],
          [
            25.78255,
            66.72654
          ],
          [
            25.78328,
            66.71927
          ],
          [
            25.78196,
            66.71728
          ],
          [
            25.77835,
            66.71428
          ],
          [
            25.75807,
            66.70336
          ],
          [
            25.75029,
            66.69682
          ],
          [
            25.72678,
            66.68168
          ],
          [
            25.7184,
            66.67858
          ],
          [
            25.70053,
            66.67459
          ],
          [
            25.69847,
            66.67367
          ],
          [
            25.69853,
            66.67211
          ],
          [
            25.70707,
            66.65505
          ],
          [
            25.70584,
            66.65358
          ],
          [
            25.69558,
            66.64906
          ],
          [
            25.69344,
            66.64476
          ],
          [
            25.69426,
            66.64339
          ],
          [
            25.69888,
            66.64093
          ],
          [
            25.7127,
            66.63631
          ],
          [
            25.7205,
            66.63461
          ],
          [
            25.7229,
            66.63342
          ],
          [
            25.72435,
            66.63186
          ],
          [
            25.72498,
            66.62556
          ],
          [
            25.73289,
            66.61969
          ],
          [
            25.74818,
            66.61247
          ],
          [
            25.76158,
            66.60915
          ],
          [
            25.77188,
            66.60421
          ],
          [
            25.78306,
            66.60084
          ],
          [
            25.78569,
            66.59925
          ],
          [
            25.78854,
            66.59542
          ],
          [
            25.79163,
            66.59475
          ],
          [
            25.79195,
            66.59297
          ],
          [
            25.79547,
            66.59026
          ],
          [
            25.79938,
            66.57829
          ],
          [
            25.79555,
            66.56294
          ],
          [
            25.78744,
            66.55139
          ],
          [
            25.79225,
            66.55077
          ],
          [
            25.79978,
            66.55043
          ],
          [
            25.80401,
            66.54958
          ],
          [
            25.80755,
            66.54924
          ],
          [
            25.82204,
            66.54893
          ],
          [
            25.83034,
            66.5494
          ],
          [
            25.831543,
            66.542703
          ],
          [
            25.83327,
            66.54267
          ],
          [
            25.83419,
            66.54286
          ],
          [
            25.84441,
            66.54372
          ],
          [
            25.8444,
            66.5436
          ],
          [
            25.83327,
            66.54267
          ],
          [
            25.83108,
            66.54268
          ],
          [
            25.82632,
            66.54204
          ],
          [
            25.82273,
            66.54222
          ],
          [
            25.817,
            66.54197
          ],
          [
            25.81846,
            66.53857
          ],
          [
            25.82034,
            66.53693
          ],
          [
            25.82444,
            66.53474
          ],
          [
            25.8264,
            66.53144
          ],
          [
            25.82392,
            66.5289
          ],
          [
            25.82317,
            66.52688
          ],
          [
            25.82338,
            66.52191
          ],
          [
            25.81889,
            66.51932
          ],
          [
            25.81467,
            66.51913
          ],
          [
            25.80254,
            66.51744
          ],
          [
            25.79333,
            66.51668
          ],
          [
            25.78833,
            66.5156
          ],
          [
            25.78436,
            66.51553
          ],
          [
            25.7855,
            66.51475
          ],
          [
            25.78537,
            66.51425
          ],
          [
            25.78064,
            66.51114
          ],
          [
            25.77875,
            66.51042
          ],
          [
            25.77411,
            66.50961
          ],
          [
            25.76571,
            66.50894
          ],
          [
            25.75862,
            66.50794
          ],
          [
            25.75077,
            66.506
          ],
          [
            25.7493,
            66.50531
          ],
          [
            25.74608,
            66.50189
          ],
          [
            25.74511,
            66.49923
          ],
          [
            25.74339,
            66.49729
          ],
          [
            25.74089,
            66.49629
          ],
          [
            25.73387,
            66.49572
          ],
          [
            25.72853,
            66.49557
          ],
          [
            25.72451,
            66.49582
          ],
          [
            25.71759,
            66.49687
          ]
        ]
      }
    },
    {
      "type": "Feature",
      "properties": {
        "id": "arctic-by-cycle-santa-s-western-gravel-loop",
        "themes": [
          "gravel",
          "touring"
        ]
      },
      "geometry": {
        "type": "MultiLineString",
        "coordinates": [
          [
            [
              25.457808,
              66.879043
            ],
            [
              25.46729,
              66.88038
            ],
            [
              25.47462,
              66.880759
            ],
            [
              25.47899,
              66.881378
            ],
            [
              25.49556,
              66.88767
            ],
            [
              25.49812,
              66.888059
            ],
            [
              25.50567,
              66.88842
            ],
            [
              25.51132,
              66.88993
            ],
            [
              25.51437,
              66.89026
            ],
            [
              25.52254,
              66.888999
            ],
            [
              25.55311,
              66.885279
            ],
            [
              25.55266,
              66.88211
            ],
            [
              25.5507,
              66.879639
            ],
            [
              25.55112,
              66.87797
            ],
            [
              25.55706,
              66.87426
            ],
            [
              25.56154,
              66.87092
            ],
            [
              25.56177,
              66.870279
            ],
            [
              25.55875,
              66.866429
            ],
            [
              25.55735,
              66.861188
            ],
            [
              25.5618,
              66.85847
            ],
            [
              25.58114,
              66.8544
            ],
            [
              25.58464,
              66.84958
            ],
            [
              25.59117,
              66.846689
            ],
            [
              25.59757,
              66.84594
            ],
            [
              25.6172,
              66.840199
            ],
            [
              25.653,
              66.8405
            ],
            [
              25.66464,
              66.83614
            ],
            [
              25.70155,
              66.82638
            ],
            [
              25.71123,
              66.822199
            ],
            [
              25.7137,
              66.821839
            ],
            [
              25.73538,
              66.82048
            ],
            [
              25.75281,
              66.81516
            ],
            [
              25.75936,
              66.81681
            ],
            [
              25.76305,
              66.81827
            ],
            [
              25.76672,
              66.82087
            ],
            [
              25.76674,
              66.82201
            ],
            [
              25.76615,
              66.822509
            ],
            [
              25.76274,
              66.8229
            ],
            [
              25.75905,
              66.82392
            ],
            [
              25.75308,
              66.82499
            ],
            [
              25.75138,
              66.8257
            ],
            [
              25.74976,
              66.82737
            ],
            [
              25.74081,
              66.829679
            ],
            [
              25.73728,
              66.830479
            ],
            [
              25.73599,
              66.82934
            ],
            [
              25.73492,
              66.829359
            ],
            [
              25.73599,
              66.82934
            ],
            [
              25.73649,
              66.829629
            ],
            [
              25.73728,
              66.830479
            ],
            [
              25.74081,
              66.829679
            ],
            [
              25.74666,
              66.82804
            ],
            [
              25.74976,
              66.82737
            ],
            [
              25.75015,
              66.82718
            ],
            [
              25.75138,
              66.8257
            ],
            [
              25.75308,
              66.82499
            ],
            [
              25.75905,
              66.82392
            ],
            [
              25.76274,
              66.8229
            ],
            [
              25.76615,
              66.822509
            ],
            [
              25.76674,
              66.82201
            ],
            [
              25.76695,
              66.82147
            ],
            [
              25.76672,
              66.82087
            ],
            [
              25.76305,
              66.81827
            ],
            [
              25.75936,
              66.81681
            ],
            [
              25.75281,
              66.81516
            ],
            [
              25.75933,
              66.81053
            ],
            [
              25.76621,
              66.807069
            ],
            [
              25.76829,
              66.805589
            ],
            [
              25.77063,
              66.802949
            ],
            [
              25.77004,
              66.79925
            ],
            [
              25.77467,
              66.79727
            ],
            [
              25.77596,
              66.79615
            ],
            [
              25.77377,
              66.792778
            ],
            [
              25.77128,
              66.7913
            ],
            [
              25.76996,
              66.78897
            ],
            [
              25.76943,
              66.78626
            ],
            [
              25.77041,
              66.78394
            ],
            [
              25.7741,
              66.7812
            ],
            [
              25.78378,
              66.77929
            ],
            [
              25.78623,
              66.77802
            ],
            [
              25.78594,
              66.775859
            ],
            [
              25.78781,
              66.77126
            ],
            [
              25.78522,
              66.76916
            ],
            [
              25.7828,
              66.765879
            ],
            [
              25.78524,
              66.75959
            ],
            [
              25.78481,
              66.75793
            ],
            [
              25.79049,
              66.753479
            ],
            [
              25.79071,
              66.751909
            ],
            [
              25.79045,
              66.75136
            ],
            [
              25.78718,
              66.74992
            ],
            [
              25.78707,
              66.747558
            ],
            [
              25.78507,
              66.7453
            ],
            [
              25.78493,
              66.74419
            ],
            [
              25.78615,
              66.74189
            ],
            [
              25.78552,
              66.73903
            ],
            [
              25.79991,
              66.73878
            ],
            [
              25.80244,
              66.73925
            ],
            [
              25.80625,
              66.74069
            ],
            [
              25.80834,
              66.74025
            ],
            [
              25.81951,
              66.73873
            ],
            [
              25.82293,
              66.738609
            ],
            [
              25.82433,
              66.73907
            ],
            [
              25.82529,
              66.74032
            ],
            [
              25.83227,
              66.74073
            ],
            [
              25.83266,
              66.74145
            ],
            [
              25.8325,
              66.74257
            ],
            [
              25.83121,
              66.743489
            ],
            [
              25.83094,
              66.74427
            ],
            [
              25.83281,
              66.74592
            ],
            [
              25.83349,
              66.746309
            ],
            [
              25.8307,
              66.748684
            ],
            [
              25.83281,
              66.74592
            ],
            [
              25.83104,
              66.74445
            ],
            [
              25.83092,
              66.7441
            ],
            [
              25.83121,
              66.743489
            ],
            [
              25.8325,
              66.74257
            ],
            [
              25.83227,
              66.74073
            ],
            [
              25.82864,
              66.740399
            ],
            [
              25.82529,
              66.74032
            ],
            [
              25.82433,
              66.73907
            ],
            [
              25.82316,
              66.73865
            ],
            [
              25.81951,
              66.73873
            ],
            [
              25.80625,
              66.74069
            ],
            [
              25.80588,
              66.74069
            ],
            [
              25.80244,
              66.73925
            ],
            [
              25.79991,
              66.73878
            ],
            [
              25.78552,
              66.73903
            ],
            [
              25.78291,
              66.736689
            ],
            [
              25.78201,
              66.734669
            ],
            [
              25.78338,
              66.73056
            ],
            [
              25.78255,
              66.72654
            ],
            [
              25.78328,
              66.719269
            ],
            [
              25.78196,
              66.71728
            ],
            [
              25.77835,
              66.71428
            ],
            [
              25.75807,
              66.70336
            ],
            [
              25.75029,
              66.69682
            ],
            [
              25.72678,
              66.68168
            ],
            [
              25.72013,
              66.679069
            ],
            [
              25.70053,
              66.674589
            ],
            [
              25.69847,
              66.67367
            ],
            [
              25.69853,
              66.67211
            ],
            [
              25.70707,
              66.65505
            ],
            [
              25.70584,
              66.65358
            ],
            [
              25.69558,
              66.64906
            ],
            [
              25.69349,
              66.64434
            ],
            [
              25.69434,
              66.643339
            ],
            [
              25.69888,
              66.64093
            ],
            [
              25.7127,
              66.636309
            ],
            [
              25.71986,
              66.63481
            ],
            [
              25.7229,
              66.63342
            ],
            [
              25.72435,
              66.63186
            ],
            [
              25.72498,
              66.625558
            ],
            [
              25.73289,
              66.61969
            ],
            [
              25.74818,
              66.61247
            ],
            [
              25.76158,
              66.60915
            ],
            [
              25.77188,
              66.604209
            ],
            [
              25.78306,
              66.60084
            ],
            [
              25.78569,
              66.59925
            ],
            [
              25.78748,
              66.5964
            ],
            [
              25.789359,
              66.595143
            ]
          ],
          [
            [
              25.597209,
              66.461972
            ],
            [
              25.59636,
              66.46214
            ],
            [
              25.59267,
              66.46147
            ],
            [
              25.594424,
              66.462855
            ],
            [
              25.587204,
              66.465732
            ],
            [
              25.58416,
              66.465725
            ],
            [
              25.58011,
              66.466559
            ],
            [
              25.574263,
              66.467062
            ],
            [
              25.572657,
              66.466684
            ],
            [
              25.572054,
              66.465683
            ],
            [
              25.572789,
              66.464931
            ],
            [
              25.571049,
              66.464416
            ],
            [
              25.568211,
              66.465367
            ],
            [
              25.564185,
              66.46543
            ],
            [
              25.563427,
              66.465799
            ],
            [
              25.561436,
              66.465267
            ],
            [
              25.54538,
              66.4704
            ],
            [
              25.54161,
              66.47096
            ],
            [
              25.52679,
              66.47156
            ],
            [
              25.5242,
              66.47215
            ],
            [
              25.52036,
              66.47401
            ],
            [
              25.51838,
              66.47439
            ],
            [
              25.50539,
              66.47546
            ],
            [
              25.50368,
              66.475269
            ],
            [
              25.50115,
              66.47449
            ],
            [
              25.49647,
              66.47416
            ],
            [
              25.49384,
              66.47329
            ],
            [
              25.48908,
              66.47032
            ],
            [
              25.48343,
              66.469269
            ],
            [
              25.47191,
              66.467969
            ],
            [
              25.46443,
              66.46356
            ],
            [
              25.46008,
              66.459728
            ],
            [
              25.45287,
              66.456959
            ],
            [
              25.44948,
              66.4563
            ],
            [
              25.44577,
              66.45431
            ],
            [
              25.44304,
              66.453469
            ],
            [
              25.44034,
              66.446749
            ],
            [
              25.43953,
              66.44625
            ],
            [
              25.43481,
              66.44526
            ],
            [
              25.4271,
              66.44418
            ],
            [
              25.42607,
              66.443839
            ],
            [
              25.42481,
              66.4419
            ],
            [
              25.41274,
              66.44112
            ],
            [
              25.41042,
              66.43552
            ],
            [
              25.40952,
              66.4349
            ],
            [
              25.40552,
              66.43423
            ],
            [
              25.39397,
              66.43304
            ],
            [
              25.38977,
              66.43309
            ],
            [
              25.38909,
              66.43282
            ],
            [
              25.38511,
              66.436
            ],
            [
              25.38289,
              66.43715
            ],
            [
              25.37562,
              66.43934
            ],
            [
              25.35953,
              66.44229
            ],
            [
              25.35431,
              66.4461
            ],
            [
              25.33818,
              66.44896
            ],
            [
              25.33322,
              66.45025
            ],
            [
              25.32674,
              66.45286
            ],
            [
              25.32347,
              66.45518
            ],
            [
              25.31437,
              66.45786
            ],
            [
              25.30153,
              66.464428
            ],
            [
              25.29512,
              66.46622
            ],
            [
              25.27103,
              66.46678
            ],
            [
              25.26588,
              66.46753
            ],
            [
              25.25022,
              66.46711
            ],
            [
              25.24551,
              66.46727
            ],
            [
              25.23349,
              66.469578
            ],
            [
              25.2173,
              66.474019
            ],
            [
              25.17358,
              66.47701
            ],
            [
              25.17155,
              66.477548
            ],
            [
              25.16235,
              66.48148
            ],
            [
              25.15789,
              66.48268
            ],
            [
              25.1511,
              66.48564
            ],
            [
              25.1351,
              66.48941
            ],
            [
              25.12916,
              66.49051
            ],
            [
              25.12529,
              66.490939
            ],
            [
              25.10855,
              66.49126
            ],
            [
              25.1005,
              66.49259
            ],
            [
              25.08912,
              66.493798
            ],
            [
              25.08824,
              66.494209
            ],
            [
              25.08666,
              66.496359
            ],
            [
              25.07418,
              66.50064
            ],
            [
              25.0618,
              66.50878
            ],
            [
              25.05504,
              66.51066
            ],
            [
              25.04465,
              66.51638
            ],
            [
              25.03007,
              66.51971
            ],
            [
              25.01712,
              66.521339
            ],
            [
              25.00784,
              66.524
            ],
            [
              24.98524,
              66.52305
            ],
            [
              24.95775,
              66.52652
            ],
            [
              24.94558,
              66.52625
            ],
            [
              24.91726,
              66.532489
            ],
            [
              24.91316,
              66.53281
            ],
            [
              24.90696,
              66.53269
            ],
            [
              24.89348,
              66.53351
            ],
            [
              24.88751,
              66.52865
            ],
            [
              24.88706,
              66.523129
            ],
            [
              24.8848,
              66.52198
            ],
            [
              24.87735,
              66.52063
            ],
            [
              24.8752,
              66.51985
            ],
            [
              24.86998,
              66.51524
            ],
            [
              24.8655,
              66.51312
            ],
            [
              24.85318,
              66.5014
            ],
            [
              24.85032,
              66.49969
            ],
            [
              24.84571,
              66.49874
            ],
            [
              24.83022,
              66.497
            ],
            [
              24.82157,
              66.49769
            ],
            [
              24.79964,
              66.49532
            ],
            [
              24.79712,
              66.49413
            ],
            [
              24.79434,
              66.49184
            ],
            [
              24.78236,
              66.4902
            ],
            [
              24.7702,
              66.49267
            ],
            [
              24.76174,
              66.49571
            ],
            [
              24.76044,
              66.49629
            ],
            [
              24.75914,
              66.498999
            ],
            [
              24.7572,
              66.49992
            ],
            [
              24.74752,
              66.50147
            ],
            [
              24.74631,
              66.50192
            ],
            [
              24.74491,
              66.50281
            ],
            [
              24.74247,
              66.50592
            ],
            [
              24.74192,
              66.509339
            ],
            [
              24.74095,
              66.51048
            ],
            [
              24.7358,
              66.51491
            ],
            [
              24.72981,
              66.51831
            ],
            [
              24.71402,
              66.51887
            ],
            [
              24.71065,
              66.518029
            ],
            [
              24.70559,
              66.51732
            ],
            [
              24.70286,
              66.517889
            ],
            [
              24.69708,
              66.5185
            ],
            [
              24.69456,
              66.51904
            ],
            [
              24.69171,
              66.52015
            ],
            [
              24.68893,
              66.52231
            ],
            [
              24.68597,
              66.52355
            ],
            [
              24.68476,
              66.524699
            ],
            [
              24.68235,
              66.52504
            ],
            [
              24.67754,
              66.525
            ],
            [
              24.67585,
              66.52538
            ],
            [
              24.67209,
              66.52834
            ],
            [
              24.66563,
              66.529579
            ],
            [
              24.66089,
              66.52883
            ],
            [
              24.65514,
              66.52889
            ],
            [
              24.6522,
              66.52959
            ],
            [
              24.65012,
              66.529669
            ],
            [
              24.64833,
              66.530379
            ],
            [
              24.648812,
              66.530588
            ]
          ],
          [
            [
              25.71464,
              66.49642
            ],
            [
              25.70968,
              66.49284
            ],
            [
              25.70725,
              66.49198
            ],
            [
              25.6995,
              66.486999
            ],
            [
              25.6975,
              66.48634
            ],
            [
              25.69261,
              66.48375
            ],
            [
              25.67915,
              66.48308
            ],
            [
              25.67262,
              66.48305
            ],
            [
              25.65059,
              66.485209
            ],
            [
              25.64581,
              66.484719
            ],
            [
              25.64102,
              66.48366
            ],
            [
              25.62516,
              66.47763
            ],
            [
              25.60939,
              66.466488
            ],
            [
              25.60622,
              66.46492
            ],
            [
              25.59808,
              66.46203
            ],
            [
              25.59818,
              66.46178
            ],
            [
              25.597209,
              66.461972
            ]
          ],
          [
            [
              25.789359,
              66.595143
            ],
            [
              25.79163,
              66.59475
            ],
            [
              25.79195,
              66.592969
            ],
            [
              25.79547,
              66.59026
            ],
            [
              25.79938,
              66.578289
            ],
            [
              25.79555,
              66.56294
            ],
            [
              25.78744,
              66.55139
            ],
            [
              25.79225,
              66.55077
            ],
            [
              25.79978,
              66.55043
            ],
            [
              25.80401,
              66.54958
            ],
            [
              25.80755,
              66.54924
            ],
            [
              25.82204,
              66.54893
            ],
            [
              25.83034,
              66.5494
            ],
            [
              25.831543,
              66.542703
            ],
            [
              25.83327,
              66.54267
            ],
            [
              25.83419,
              66.54286
            ],
            [
              25.84441,
              66.543718
            ],
            [
              25.8444,
              66.5436
            ],
            [
              25.83327,
              66.54267
            ],
            [
              25.83108,
              66.54268
            ],
            [
              25.82632,
              66.54204
            ],
            [
              25.82273,
              66.54222
            ],
            [
              25.817,
              66.54197
            ],
            [
              25.81846,
              66.53857
            ],
            [
              25.82034,
              66.53693
            ],
            [
              25.82444,
              66.53474
            ],
            [
              25.8264,
              66.53144
            ],
            [
              25.82392,
              66.528898
            ],
            [
              25.82317,
              66.52688
            ],
            [
              25.82338,
              66.52191
            ],
            [
              25.81889,
              66.519318
            ],
            [
              25.81467,
              66.51913
            ],
            [
              25.80254,
              66.517438
            ],
            [
              25.79333,
              66.516679
            ],
            [
              25.78833,
              66.5156
            ],
            [
              25.78436,
              66.51553
            ],
            [
              25.7855,
              66.51475
            ],
            [
              25.78537,
              66.51425
            ],
            [
              25.77987,
              66.51078
            ],
            [
              25.77411,
              66.509609
            ],
            [
              25.76571,
              66.508939
            ],
            [
              25.75862,
              66.50794
            ],
            [
              25.75431,
              66.50693
            ],
            [
              25.74985,
              66.50564
            ],
            [
              25.74669,
              66.502399
            ],
            [
              25.73828,
              66.50375
            ],
            [
              25.73905,
              66.50305
            ],
            [
              25.73385,
              66.49632
            ],
            [
              25.73054,
              66.49593
            ],
            [
              25.73071,
              66.49561
            ],
            [
              25.72451,
              66.495819
            ],
            [
              25.71658,
              66.49702
            ]
          ]
        ]
      }
    },
    {
      "type": "Feature",
      "properties": {
        "id": "eurovelo-11-east-europe-route",
        "themes": [
          "gravel",
          "touring"
        ]
      },
      "geometry": {
        "type": "LineString",
        "coordinates": [
          [
            26.010604,
            69.401171
          ],
          [
            26.063218,
            69.395614
          ],
          [
            26.154478,
            69.390464
          ],
          [
            26.188552,
            69.386301
          ],
          [
            26.248484,
            69.383147
          ],
          [
            26.275778,
            69.376431
          ],
          [
            26.40918,
            69.36347
          ],
          [
            26.472051,
            69.35508
          ],
          [
            26.481707,
            69.352269
          ],
          [
            26.541746,
            69.346862
          ],
          [
            26.574533,
            69.333901
          ],
          [
            26.631653,
            69.319139
          ],
          [
            26.657531,
            69.310491
          ],
          [
            26.68577,
            69.304161
          ],
          [
            26.722462,
            69.292295
          ],
          [
            26.771386,
            69.283004
          ],
          [
            26.815116,
            69.261761
          ],
          [
            26.822004,
            69.244745
          ],
          [
            26.851294,
            69.223373
          ],
          [
            26.860414,
            69.212258
          ],
          [
            26.908264,
            69.202301
          ],
          [
            26.939785,
            69.188697
          ],
          [
            26.977508,
            69.183805
          ],
          [
            27.031538,
            69.171875
          ],
          [
            27.059433,
            69.159193
          ],
          [
            27.118399,
            69.143872
          ],
          [
            27.1979,
            69.136255
          ],
          [
            27.225087,
            69.136577
          ],
          [
            27.233112,
            69.129882
          ],
          [
            27.228777,
            69.123573
          ],
          [
            27.235644,
            69.120719
          ],
          [
            27.226653,
            69.119539
          ],
          [
            27.220709,
            69.120398
          ],
          [
            27.216203,
            69.118896
          ],
          [
            27.210646,
            69.111235
          ],
          [
            27.191827,
            69.101064
          ],
          [
            27.18451,
            69.088747
          ],
          [
            27.187257,
            69.08407
          ],
          [
            27.178566,
            69.079134
          ],
          [
            27.176013,
            69.073985
          ],
          [
            27.142389,
            69.062033
          ],
          [
            27.116811,
            69.047806
          ],
          [
            27.107542,
            69.046304
          ],
          [
            27.080612,
            69.04566
          ],
          [
            27.051408,
            69.036305
          ],
          [
            27.026839,
            69.026692
          ],
          [
            27.019587,
            69.018023
          ],
          [
            26.984653,
            69.002895
          ],
          [
            26.984568,
            68.998711
          ],
          [
            26.995811,
            68.990021
          ],
          [
            26.991756,
            68.975236
          ],
          [
            26.958261,
            68.960495
          ],
          [
            26.949334,
            68.954294
          ],
          [
            26.95575,
            68.945174
          ],
          [
            26.946952,
            68.933866
          ],
          [
            26.970663,
            68.919511
          ],
          [
            27.012355,
            68.910434
          ],
          [
            27.015888,
            68.907001
          ],
          [
            27.028277,
            68.906089
          ],
          [
            27.036389,
            68.902164
          ],
          [
            27.04682,
            68.900625
          ],
          [
            27.07529,
            68.900703
          ],
          [
            27.094545,
            68.896164
          ],
          [
            27.101599,
            68.889231
          ],
          [
            27.114745,
            68.882852
          ],
          [
            27.158932,
            68.871692
          ],
          [
            27.175935,
            68.864163
          ],
          [
            27.198172,
            68.860152
          ],
          [
            27.241184,
            68.842921
          ],
          [
            27.271727,
            68.836378
          ],
          [
            27.282366,
            68.828082
          ],
          [
            27.312428,
            68.816642
          ],
          [
            27.320566,
            68.815482
          ],
          [
            27.330056,
            68.817173
          ],
          [
            27.340071,
            68.815662
          ],
          [
            27.384198,
            68.79671
          ],
          [
            27.393667,
            68.783644
          ],
          [
            27.407635,
            68.782792
          ],
          [
            27.417815,
            68.780289
          ],
          [
            27.425934,
            68.774526
          ],
          [
            27.450226,
            68.767562
          ],
          [
            27.458796,
            68.762548
          ],
          [
            27.457073,
            68.748544
          ],
          [
            27.444846,
            68.740478
          ],
          [
            27.445343,
            68.733468
          ],
          [
            27.438266,
            68.725301
          ],
          [
            27.43903,
            68.721435
          ],
          [
            27.453865,
            68.713031
          ],
          [
            27.458883,
            68.697244
          ],
          [
            27.4996,
            68.677334
          ],
          [
            27.535394,
            68.664901
          ],
          [
            27.543663,
            68.650542
          ],
          [
            27.54468,
            68.629821
          ],
          [
            27.53737,
            68.618887
          ],
          [
            27.524385,
            68.613371
          ],
          [
            27.510685,
            68.610082
          ],
          [
            27.493141,
            68.608365
          ],
          [
            27.482695,
            68.604692
          ],
          [
            27.47774,
            68.596378
          ],
          [
            27.467625,
            68.588283
          ],
          [
            27.472134,
            68.58125
          ],
          [
            27.488366,
            68.571667
          ],
          [
            27.499136,
            68.561768
          ],
          [
            27.523714,
            68.549022
          ],
          [
            27.52784,
            68.530378
          ],
          [
            27.525979,
            68.517751
          ],
          [
            27.514527,
            68.510063
          ],
          [
            27.492934,
            68.505182
          ],
          [
            27.45904,
            68.492911
          ],
          [
            27.449407,
            68.482771
          ],
          [
            27.432403,
            68.474391
          ],
          [
            27.42897,
            68.467645
          ],
          [
            27.433155,
            68.459748
          ],
          [
            27.422094,
            68.453489
          ],
          [
            27.425124,
            68.445986
          ],
          [
            27.405083,
            68.435134
          ],
          [
            27.40996,
            68.4131
          ],
          [
            27.3996,
            68.40066
          ],
          [
            27.3982,
            68.39472
          ],
          [
            27.4014,
            68.39241
          ],
          [
            27.37974,
            68.38413
          ],
          [
            27.33969,
            68.35997
          ],
          [
            27.33274,
            68.34841
          ],
          [
            27.33643,
            68.34304
          ],
          [
            27.33516,
            68.33697
          ],
          [
            27.32114,
            68.31999
          ],
          [
            27.2967,
            68.30322
          ],
          [
            27.27907,
            68.26849
          ],
          [
            27.22932,
            68.24102
          ],
          [
            27.18819,
            68.22667
          ],
          [
            27.17581,
            68.21978
          ],
          [
            27.11528,
            68.2095
          ],
          [
            27.10296,
            68.204
          ],
          [
            27.09111,
            68.18746
          ],
          [
            27.0923,
            68.18379
          ],
          [
            27.09913,
            68.18102
          ],
          [
            27.0936,
            68.17904
          ],
          [
            27.09395,
            68.17723
          ],
          [
            27.1017,
            68.16877
          ],
          [
            27.09578,
            68.1447
          ],
          [
            27.10443,
            68.12774
          ],
          [
            27.12674,
            68.10607
          ],
          [
            27.11846,
            68.09413
          ],
          [
            27.09077,
            68.07479
          ],
          [
            27.07137,
            68.04693
          ],
          [
            27.03077,
            68.03341
          ],
          [
            26.95397,
            68.02156
          ],
          [
            26.89581,
            68.00109
          ],
          [
            26.88439,
            67.99153
          ],
          [
            26.86819,
            67.98323
          ],
          [
            26.84468,
            67.9747
          ],
          [
            26.8158,
            67.96885
          ],
          [
            26.77789,
            67.95356
          ],
          [
            26.77003,
            67.94371
          ],
          [
            26.76784,
            67.93334
          ],
          [
            26.75174,
            67.92393
          ],
          [
            26.7484,
            67.91486
          ],
          [
            26.75261,
            67.90811
          ],
          [
            26.75248,
            67.89827
          ],
          [
            26.74495,
            67.88441
          ],
          [
            26.73246,
            67.87144
          ],
          [
            26.729,
            67.85637
          ],
          [
            26.73128,
            67.84577
          ],
          [
            26.72201,
            67.84112
          ],
          [
            26.719679,
            67.837326
          ],
          [
            26.751432,
            67.826803
          ],
          [
            26.774324,
            67.810565
          ],
          [
            26.780913,
            67.8027
          ],
          [
            26.760338,
            67.764758
          ],
          [
            26.763986,
            67.752474
          ],
          [
            26.750379,
            67.71964
          ],
          [
            26.754466,
            67.706099
          ],
          [
            26.751077,
            67.694457
          ],
          [
            26.719521,
            67.657231
          ],
          [
            26.72206,
            67.64974
          ],
          [
            26.745054,
            67.621989
          ],
          [
            26.739711,
            67.598683
          ],
          [
            26.739405,
            67.567754
          ],
          [
            26.686385,
            67.539938
          ],
          [
            26.678398,
            67.531761
          ],
          [
            26.650105,
            67.524036
          ],
          [
            26.634481,
            67.515876
          ],
          [
            26.617242,
            67.512051
          ],
          [
            26.626933,
            67.502864
          ],
          [
            26.627091,
            67.495452
          ],
          [
            26.620697,
            67.487047
          ],
          [
            26.604608,
            67.481441
          ],
          [
            26.60098,
            67.473319
          ],
          [
            26.577907,
            67.448846
          ],
          [
            26.572185,
            67.436444
          ],
          [
            26.593166,
            67.416065
          ],
          [
            26.599842,
            67.415784
          ],
          [
            26.593102,
            67.415199
          ],
          [
            26.570735,
            67.407341
          ],
          [
            26.566986,
            67.397814
          ],
          [
            26.597239,
            67.384491
          ],
          [
            26.604235,
            67.374406
          ],
          [
            26.631268,
            67.348522
          ],
          [
            26.656358,
            67.336432
          ],
          [
            26.665489,
            67.326329
          ],
          [
            26.677403,
            67.318653
          ],
          [
            26.684302,
            67.299978
          ],
          [
            26.693734,
            67.289004
          ],
          [
            26.680663,
            67.266111
          ],
          [
            26.678603,
            67.249181
          ],
          [
            26.66708,
            67.23738
          ],
          [
            26.629465,
            67.209206
          ],
          [
            26.634207,
            67.20309
          ],
          [
            26.642683,
            67.202425
          ],
          [
            26.652145,
            67.194636
          ],
          [
            26.641073,
            67.193434
          ],
          [
            26.64736,
            67.151163
          ],
          [
            26.645365,
            67.113612
          ],
          [
            26.624787,
            67.093055
          ],
          [
            26.609209,
            67.087261
          ],
          [
            26.578159,
            67.083464
          ],
          [
            26.50883,
            67.058443
          ],
          [
            26.488359,
            67.052994
          ],
          [
            26.429694,
            67.026708
          ],
          [
            26.394675,
            67.019284
          ],
          [
            26.379204,
            67.009519
          ],
          [
            26.370428,
            66.999371
          ],
          [
            26.297064,
            66.967935
          ],
          [
            26.294703,
            66.957764
          ],
          [
            26.299467,
            66.950661
          ],
          [
            26.282022,
            66.939696
          ],
          [
            26.253269,
            66.929569
          ],
          [
            26.217263,
            66.927102
          ],
          [
            26.204367,
            66.922853
          ],
          [
            26.200547,
            66.896353
          ],
          [
            26.180377,
            66.881997
          ],
          [
            26.188724,
            66.866654
          ],
          [
            26.192286,
            66.842644
          ],
          [
            26.210847,
            66.82539
          ],
          [
            26.221597,
            66.796296
          ],
          [
            26.23518,
            66.784408
          ],
          [
            26.237197,
            66.760676
          ],
          [
            26.240673,
            66.754174
          ],
          [
            26.26065,
            66.744946
          ],
          [
            26.277151,
            66.732759
          ],
          [
            26.280992,
            66.726344
          ],
          [
            26.276679,
            66.718833
          ],
          [
            26.259534,
            66.707783
          ],
          [
            26.252797,
            66.699586
          ],
          [
            26.234901,
            66.692805
          ],
          [
            26.200247,
            66.671476
          ],
          [
            26.194668,
            66.650298
          ],
          [
            26.203895,
            66.636543
          ],
          [
            26.204925,
            66.624227
          ],
          [
            26.199775,
            66.622252
          ],
          [
            26.155078,
            66.614699
          ],
          [
            26.09107,
            66.60661
          ],
          [
            26.041932,
            66.587641
          ],
          [
            25.987,
            66.570475
          ],
          [
            25.945973,
            66.566248
          ],
          [
            25.93091,
            66.56245
          ],
          [
            25.910525,
            66.560475
          ],
          [
            25.897822,
            66.553202
          ],
          [
            25.88836,
            66.550562
          ],
          [
            25.873983,
            66.548417
          ],
          [
            25.869069,
            66.551764
          ],
          [
            25.855122,
            66.555412
          ],
          [
            25.843019,
            66.550518
          ],
          [
            25.829909,
            66.549361
          ],
          [
            25.818086,
            66.543417
          ],
          [
            25.821798,
            66.536314
          ],
          [
            25.805039,
            66.530176
          ],
          [
            25.807679,
            66.529255
          ],
          [
            25.803173,
            66.526959
          ],
          [
            25.792358,
            66.526765
          ],
          [
            25.784719,
            66.524749
          ],
          [
            25.779612,
            66.518912
          ],
          [
            25.785642,
            66.514512
          ],
          [
            25.780964,
            66.511273
          ],
          [
            25.74955,
            66.505244
          ],
          [
            25.74086,
            66.496317
          ],
          [
            25.75043,
            66.49312
          ],
          [
            25.751953,
            66.490803
          ],
          [
            25.755966,
            66.490629
          ],
          [
            25.745173,
            66.481791
          ],
          [
            25.745344,
            66.473873
          ],
          [
            25.705497,
            66.476791
          ],
          [
            25.693352,
            66.475094
          ],
          [
            25.678182,
            66.46677
          ],
          [
            25.658033,
            66.449839
          ],
          [
            25.627863,
            66.434518
          ],
          [
            25.620718,
            66.432781
          ],
          [
            25.593381,
            66.431687
          ],
          [
            25.583897,
            66.42143
          ],
          [
            25.576086,
            66.417953
          ],
          [
            25.562375,
            66.41643
          ],
          [
            25.536883,
            66.419585
          ],
          [
            25.54553,
            66.430142
          ],
          [
            25.542634,
            66.434605
          ],
          [
            25.53563,
            66.438289
          ],
          [
            25.533235,
            66.437695
          ],
          [
            25.525146,
            66.43394
          ],
          [
            25.489461,
            66.431279
          ],
          [
            25.457039,
            66.432395
          ],
          [
            25.43453,
            66.43085
          ],
          [
            25.427127,
            66.428854
          ],
          [
            25.40273,
            66.410185
          ],
          [
            25.405176,
            66.407675
          ],
          [
            25.401099,
            66.393321
          ],
          [
            25.388675,
            66.390574
          ],
          [
            25.380907,
            66.393063
          ],
          [
            25.379555,
            66.391947
          ],
          [
            25.377452,
            66.383729
          ],
          [
            25.372539,
            66.382205
          ],
          [
            25.37462,
            66.377442
          ],
          [
            25.37138,
            66.368773
          ],
          [
            25.375607,
            66.367636
          ],
          [
            25.341489,
            66.343818
          ],
          [
            25.36196,
            66.314871
          ],
          [
            25.349536,
            66.290903
          ],
          [
            25.32958,
            66.274316
          ],
          [
            25.332456,
            66.267707
          ],
          [
            25.342991,
            66.259316
          ],
          [
            25.346382,
            66.24404
          ],
          [
            25.322521,
            66.223247
          ],
          [
            25.302458,
            66.212175
          ],
          [
            25.272996,
            66.183743
          ],
          [
            25.256281,
            66.176062
          ],
          [
            25.243793,
            66.174216
          ],
          [
            25.211585,
            66.173829
          ],
          [
            25.156889,
            66.166878
          ],
          [
            25.130818,
            66.16544
          ],
          [
            25.106013,
            66.162071
          ],
          [
            25.082817,
            66.157005
          ],
          [
            25.053871,
            66.156063
          ],
          [
            25.027263,
            66.152457
          ],
          [
            24.998424,
            66.152716
          ],
          [
            24.982052,
            66.150977
          ],
          [
            24.929695,
            66.13645
          ],
          [
            24.859185,
            66.124691
          ],
          [
            24.783912,
            66.096239
          ],
          [
            24.769235,
            66.085122
          ],
          [
            24.78183,
            66.083
          ],
          [
            24.774857,
            66.073814
          ],
          [
            24.780543,
            66.058259
          ],
          [
            24.773891,
            66.045299
          ],
          [
            24.719903,
            66.02135
          ],
          [
            24.715655,
            66.015623
          ],
          [
            24.709754,
            66.01721
          ],
          [
            24.706085,
            66.009185
          ],
          [
            24.69291,
            65.995946
          ],
          [
            24.67452,
            65.982535
          ],
          [
            24.669006,
            65.971828
          ],
          [
            24.646475,
            65.946484
          ],
          [
            24.575987,
            65.903504
          ],
          [
            24.564378,
            65.886146
          ],
          [
            24.547749,
            65.874601
          ],
          [
            24.537964,
            65.857479
          ],
          [
            24.51936,
            65.845096
          ],
          [
            24.516656,
            65.845399
          ],
          [
            24.511335,
            65.838897
          ],
          [
            24.524231,
            65.827287
          ],
          [
            24.526806,
            65.82128
          ],
          [
            24.536762,
            65.818191
          ],
          [
            24.538844,
            65.812397
          ],
          [
            24.540712,
            65.811445
          ],
          [
            24.546267,
            65.81016
          ],
          [
            24.54414,
            65.79629
          ],
          [
            24.54157,
            65.79339
          ],
          [
            24.54475,
            65.79311
          ],
          [
            24.54797,
            65.79127
          ],
          [
            24.54999,
            65.79058
          ],
          [
            24.55769,
            65.78964
          ],
          [
            24.55798,
            65.7889
          ],
          [
            24.55972,
            65.78861
          ],
          [
            24.56128,
            65.7877
          ],
          [
            24.5597,
            65.783339
          ],
          [
            24.56045,
            65.77736
          ],
          [
            24.56219,
            65.77454
          ],
          [
            24.56109,
            65.77305
          ],
          [
            24.56293,
            65.7595
          ],
          [
            24.5616,
            65.75792
          ],
          [
            24.5628,
            65.7564
          ],
          [
            24.56653,
            65.75484
          ],
          [
            24.56916,
            65.74841
          ],
          [
            24.56913,
            65.7455
          ],
          [
            24.56589,
            65.74298
          ],
          [
            24.56466,
            65.74025
          ],
          [
            24.56621,
            65.73855
          ],
          [
            24.57367,
            65.73524
          ],
          [
            24.57659,
            65.73299
          ],
          [
            24.57602,
            65.73228
          ],
          [
            24.57748,
            65.73157
          ],
          [
            24.57429,
            65.73108
          ],
          [
            24.57417,
            65.73052
          ],
          [
            24.593954,
            65.722198
          ],
          [
            24.60055,
            65.723513
          ],
          [
            24.632444,
            65.715361
          ],
          [
            24.684633,
            65.695306
          ],
          [
            24.687596,
            65.69358
          ],
          [
            24.685509,
            65.691872
          ],
          [
            24.714796,
            65.68594
          ],
          [
            24.734202,
            65.679111
          ],
          [
            24.760122,
            65.676471
          ],
          [
            24.760853,
            65.677809
          ],
          [
            24.810086,
            65.67824
          ],
          [
            24.81475,
            65.676863
          ],
          [
            24.838729,
            65.675758
          ],
          [
            24.854932,
            65.678999
          ],
          [
            24.918708,
            65.674797
          ],
          [
            24.93338,
            65.675009
          ],
          [
            24.936185,
            65.67164
          ],
          [
            24.918087,
            65.667595
          ],
          [
            24.918292,
            65.661559
          ],
          [
            24.909325,
            65.655778
          ],
          [
            24.918941,
            65.653678
          ],
          [
            24.936856,
            65.653864
          ],
          [
            24.941649,
            65.65508
          ],
          [
            24.958792,
            65.654435
          ],
          [
            24.965145,
            65.65169
          ],
          [
            24.973893,
            65.641934
          ],
          [
            24.985323,
            65.641206
          ],
          [
            25.008828,
            65.646294
          ],
          [
            25.017074,
            65.645483
          ],
          [
            25.062716,
            65.660123
          ],
          [
            25.076433,
            65.658395
          ],
          [
            25.068395,
            65.650486
          ],
          [
            25.072285,
            65.645706
          ],
          [
            25.071904,
            65.634136
          ],
          [
            25.057229,
            65.622198
          ],
          [
            25.066117,
            65.619056
          ],
          [
            25.073283,
            65.619926
          ],
          [
            25.083647,
            65.618578
          ],
          [
            25.08214,
            65.612599
          ],
          [
            25.086422,
            65.609652
          ],
          [
            25.096246,
            65.608836
          ],
          [
            25.108919,
            65.605411
          ],
          [
            25.133526,
            65.607716
          ],
          [
            25.177971,
            65.607102
          ],
          [
            25.185069,
            65.60937
          ],
          [
            25.207253,
            65.604387
          ],
          [
            25.188841,
            65.595826
          ],
          [
            25.19062,
            65.590368
          ],
          [
            25.185248,
            65.585339
          ],
          [
            25.18734,
            65.578209
          ],
          [
            25.190244,
            65.575855
          ],
          [
            25.209545,
            65.573097
          ],
          [
            25.213224,
            65.569717
          ],
          [
            25.218004,
            65.571291
          ],
          [
            25.234639,
            65.562788
          ],
          [
            25.245122,
            65.542731
          ],
          [
            25.242218,
            65.536156
          ],
          [
            25.256204,
            65.52843
          ],
          [
            25.262325,
            65.522391
          ],
          [
            25.266123,
            65.522403
          ],
          [
            25.269101,
            65.519378
          ],
          [
            25.276979,
            65.518339
          ],
          [
            25.284828,
            65.514595
          ],
          [
            25.300384,
            65.502157
          ],
          [
            25.337615,
            65.486661
          ],
          [
            25.351174,
            65.476657
          ],
          [
            25.372649,
            65.466212
          ],
          [
            25.379827,
            65.459576
          ],
          [
            25.379573,
            65.45144
          ],
          [
            25.374033,
            65.452245
          ],
          [
            25.370057,
            65.450867
          ],
          [
            25.361329,
            65.446158
          ],
          [
            25.360674,
            65.443133
          ],
          [
            25.371929,
            65.431
          ],
          [
            25.384381,
            65.427234
          ],
          [
            25.386507,
            65.419011
          ],
          [
            25.381082,
            65.417814
          ],
          [
            25.367022,
            65.408778
          ],
          [
            25.348332,
            65.407376
          ],
          [
            25.342942,
            65.402952
          ],
          [
            25.344533,
            65.399587
          ],
          [
            25.327177,
            65.395098
          ],
          [
            25.319831,
            65.374202
          ],
          [
            25.349107,
            65.366727
          ],
          [
            25.349192,
            65.352839
          ],
          [
            25.368171,
            65.343632
          ],
          [
            25.368785,
            65.336883
          ],
          [
            25.375296,
            65.333579
          ],
          [
            25.380583,
            65.323933
          ],
          [
            25.37335,
            65.3156
          ],
          [
            25.372285,
            65.288148
          ],
          [
            25.352414,
            65.248997
          ],
          [
            25.369003,
            65.220349
          ],
          [
            25.36853,
            65.211527
          ],
          [
            25.362151,
            65.201159
          ],
          [
            25.366373,
            65.189446
          ],
          [
            25.352602,
            65.175236
          ],
          [
            25.347595,
            65.16409
          ],
          [
            25.358338,
            65.128806
          ],
          [
            25.362621,
            65.123588
          ],
          [
            25.376142,
            65.118606
          ],
          [
            25.402895,
            65.099665
          ],
          [
            25.411183,
            65.065346
          ],
          [
            25.427563,
            65.056557
          ],
          [
            25.435803,
            65.049203
          ],
          [
            25.438974,
            65.04145
          ],
          [
            25.447349,
            65.033371
          ],
          [
            25.444641,
            65.031287
          ],
          [
            25.44723,
            65.028504
          ],
          [
            25.461449,
            65.023289
          ],
          [
            25.460957,
            65.01921
          ],
          [
            25.466346,
            65.016667
          ],
          [
            25.46595,
            65.01584
          ],
          [
            25.46283,
            65.01376
          ],
          [
            25.469248,
            65.011016
          ],
          [
            25.48753,
            65.006316
          ],
          [
            25.515275,
            65.005052
          ],
          [
            25.529072,
            64.996145
          ],
          [
            25.563576,
            64.984646
          ],
          [
            25.563533,
            64.983014
          ],
          [
            25.601771,
            64.973209
          ],
          [
            25.62516,
            64.969604
          ],
          [
            25.635931,
            64.963359
          ],
          [
            25.662947,
            64.955698
          ],
          [
            25.689211,
            64.943231
          ],
          [
            25.711484,
            64.935529
          ],
          [
            25.743456,
            64.928877
          ],
          [
            25.76427,
            64.913471
          ],
          [
            25.788646,
            64.906132
          ],
          [
            25.793924,
            64.906991
          ],
          [
            25.804825,
            64.90347
          ],
          [
            25.798109,
            64.900768
          ],
          [
            25.810168,
            64.891412
          ],
          [
            25.844543,
            64.882829
          ],
          [
            25.865378,
            64.87047
          ],
          [
            25.887351,
            64.862423
          ],
          [
            25.904195,
            64.841223
          ],
          [
            25.918143,
            64.831781
          ],
          [
            25.938098,
            64.823927
          ],
          [
            25.954149,
            64.821718
          ],
          [
            25.992472,
            64.805946
          ],
          [
            26.007321,
            64.804745
          ],
          [
            26.02762,
            64.805882
          ],
          [
            26.055493,
            64.795046
          ],
          [
            26.080706,
            64.792384
          ],
          [
            26.124673,
            64.791055
          ],
          [
            26.147096,
            64.786654
          ],
          [
            26.170678,
            64.787321
          ],
          [
            26.20162,
            64.783759
          ],
          [
            26.232219,
            64.786613
          ],
          [
            26.246274,
            64.786075
          ],
          [
            26.274319,
            64.779574
          ],
          [
            26.298244,
            64.77715
          ],
          [
            26.315989,
            64.773073
          ],
          [
            26.333177,
            64.773932
          ],
          [
            26.347833,
            64.778867
          ],
          [
            26.357574,
            64.780347
          ],
          [
            26.382916,
            64.78009
          ],
          [
            26.395597,
            64.777236
          ],
          [
            26.403151,
            64.77144
          ],
          [
            26.410875,
            64.770303
          ],
          [
            26.420982,
            64.76213
          ],
          [
            26.42051,
            64.759919
          ],
          [
            26.429265,
            64.752708
          ],
          [
            26.425595,
            64.751487
          ],
          [
            26.430037,
            64.748588
          ],
          [
            26.461344,
            64.73887
          ],
          [
            26.515911,
            64.717562
          ],
          [
            26.522176,
            64.704087
          ],
          [
            26.538119,
            64.693358
          ],
          [
            26.53533,
            64.679582
          ],
          [
            26.542068,
            64.666922
          ],
          [
            26.564512,
            64.650099
          ],
          [
            26.587837,
            64.640207
          ],
          [
            26.596506,
            64.622355
          ],
          [
            26.616118,
            64.612978
          ],
          [
            26.66517,
            64.60109
          ],
          [
            26.701863,
            64.585984
          ],
          [
            26.713471,
            64.586304
          ],
          [
            26.77454,
            64.595338
          ],
          [
            26.776707,
            64.596691
          ],
          [
            26.82003,
            64.589932
          ],
          [
            26.829922,
            64.581242
          ],
          [
            26.864126,
            64.569912
          ],
          [
            26.879275,
            64.567015
          ],
          [
            26.918006,
            64.563796
          ],
          [
            26.947832,
            64.564032
          ],
          [
            26.962702,
            64.557102
          ],
          [
            26.970792,
            64.555278
          ],
          [
            26.98961,
            64.55502
          ],
          [
            27.007635,
            64.557939
          ],
          [
            27.020895,
            64.558046
          ],
          [
            27.061687,
            64.551244
          ],
          [
            27.061815,
            64.552231
          ],
          [
            27.070634,
            64.551952
          ],
          [
            27.078981,
            64.548304
          ],
          [
            27.091019,
            64.546716
          ],
          [
            27.11385,
            64.550084
          ],
          [
            27.147152,
            64.552015
          ],
          [
            27.157667,
            64.551244
          ],
          [
            27.198007,
            64.537575
          ],
          [
            27.257659,
            64.532082
          ],
          [
            27.265964,
            64.530044
          ],
          [
            27.279096,
            64.51777
          ],
          [
            27.323685,
            64.488394
          ],
          [
            27.342718,
            64.484296
          ],
          [
            27.362523,
            64.484317
          ],
          [
            27.458203,
            64.472344
          ],
          [
            27.480583,
            64.465091
          ],
          [
            27.51071,
            64.448848
          ],
          [
            27.551973,
            64.441488
          ],
          [
            27.586949,
            64.426339
          ],
          [
            27.611926,
            64.427605
          ],
          [
            27.652481,
            64.422861
          ],
          [
            27.685118,
            64.422262
          ],
          [
            27.728591,
            64.416275
          ],
          [
            27.805109,
            64.400031
          ],
          [
            27.820451,
            64.400997
          ],
          [
            27.819958,
            64.402049
          ],
          [
            27.835236,
            64.403851
          ],
          [
            27.838326,
            64.402992
          ],
          [
            27.858646,
            64.404495
          ],
          [
            27.8771,
            64.400375
          ],
          [
            27.90272,
            64.398379
          ],
          [
            27.9092,
            64.394968
          ],
          [
            27.911646,
            64.397712
          ],
          [
            27.97735,
            64.392521
          ],
          [
            28.019192,
            64.381342
          ],
          [
            28.029513,
            64.373424
          ],
          [
            28.043633,
            64.367416
          ],
          [
            28.048675,
            64.361729
          ],
          [
            28.061142,
            64.324799
          ],
          [
            28.044941,
            64.318922
          ],
          [
            28.010695,
            64.301154
          ],
          [
            27.98943,
            64.29508
          ],
          [
            27.897356,
            64.28004
          ],
          [
            27.866392,
            64.27356
          ],
          [
            27.821052,
            64.257295
          ],
          [
            27.768137,
            64.247961
          ],
          [
            27.750757,
            64.239292
          ],
          [
            27.743418,
            64.228284
          ],
          [
            27.73387,
            64.224722
          ],
          [
            27.72651,
            64.228218
          ],
          [
            27.700481,
            64.221933
          ],
          [
            27.687006,
            64.220558
          ],
          [
            27.660592,
            64.229658
          ],
          [
            27.564161,
            64.184146
          ],
          [
            27.557273,
            64.187557
          ],
          [
            27.550771,
            64.188008
          ],
          [
            27.546866,
            64.185238
          ],
          [
            27.537189,
            64.18376
          ],
          [
            27.543089,
            64.178717
          ],
          [
            27.541008,
            64.175863
          ],
          [
            27.543733,
            64.170863
          ],
          [
            27.572604,
            64.178157
          ],
          [
            27.529056,
            64.166443
          ],
          [
            27.493844,
            64.13769
          ],
          [
            27.449899,
            64.117476
          ],
          [
            27.448096,
            64.106854
          ],
          [
            27.452774,
            64.091297
          ],
          [
            27.455864,
            64.057953
          ],
          [
            27.443848,
            64.022548
          ],
          [
            27.417734,
            64.001048
          ],
          [
            27.397113,
            63.992014
          ],
          [
            27.37808,
            63.972402
          ],
          [
            27.373424,
            63.945816
          ],
          [
            27.382865,
            63.919508
          ],
          [
            27.408807,
            63.900368
          ],
          [
            27.410932,
            63.895175
          ],
          [
            27.431424,
            63.882816
          ],
          [
            27.432711,
            63.878782
          ],
          [
            27.441273,
            63.880284
          ],
          [
            27.439792,
            63.849235
          ],
          [
            27.421017,
            63.832347
          ],
          [
            27.414665,
            63.769691
          ],
          [
            27.40943,
            63.76394
          ],
          [
            27.392972,
            63.756344
          ],
          [
            27.385011,
            63.749521
          ],
          [
            27.373853,
            63.727655
          ],
          [
            27.359068,
            63.710232
          ],
          [
            27.353704,
            63.69534
          ],
          [
            27.336152,
            63.683281
          ],
          [
            27.295082,
            63.670492
          ],
          [
            27.229636,
            63.637898
          ],
          [
            27.225688,
            63.633671
          ],
          [
            27.22425,
            63.621268
          ],
          [
            27.215302,
            63.60451
          ],
          [
            27.217426,
            63.597386
          ],
          [
            27.238262,
            63.575993
          ],
          [
            27.254419,
            63.563268
          ],
          [
            27.255814,
            63.554235
          ],
          [
            27.24839,
            63.542497
          ],
          [
            27.245622,
            63.528764
          ],
          [
            27.256351,
            63.517628
          ],
          [
            27.258368,
            63.506405
          ],
          [
            27.271907,
            63.494067
          ],
          [
            27.288601,
            63.486557
          ],
          [
            27.31051,
            63.463254
          ],
          [
            27.317612,
            63.45392
          ],
          [
            27.334692,
            63.417614
          ],
          [
            27.341044,
            63.414052
          ],
          [
            27.366793,
            63.407421
          ],
          [
            27.372522,
            63.404589
          ],
          [
            27.381728,
            63.388882
          ],
          [
            27.405567,
            63.368003
          ],
          [
            27.414622,
            63.353562
          ],
          [
            27.446616,
            63.354528
          ],
          [
            27.463846,
            63.357425
          ],
          [
            27.473524,
            63.357575
          ],
          [
            27.489145,
            63.356137
          ],
          [
            27.500453,
            63.35161
          ],
          [
            27.522104,
            63.350837
          ],
          [
            27.532403,
            63.354378
          ],
          [
            27.540729,
            63.354957
          ],
          [
            27.553496,
            63.363948
          ],
          [
            27.572229,
            63.370664
          ],
          [
            27.603965,
            63.374162
          ],
          [
            27.622182,
            63.369269
          ],
          [
            27.643833,
            63.370192
          ],
          [
            27.673445,
            63.369119
          ],
          [
            27.688293,
            63.364248
          ],
          [
            27.711146,
            63.359978
          ],
          [
            27.731938,
            63.360193
          ],
          [
            27.741036,
            63.357403
          ],
          [
            27.756143,
            63.359163
          ],
          [
            27.759962,
            63.354893
          ],
          [
            27.76876,
            63.352125
          ],
          [
            27.764361,
            63.346782
          ],
          [
            27.746401,
            63.337426
          ],
          [
            27.741573,
            63.324165
          ],
          [
            27.727947,
            63.303459
          ],
          [
            27.718592,
            63.298502
          ],
          [
            27.69604,
            63.295927
          ],
          [
            27.680762,
            63.288267
          ],
          [
            27.672458,
            63.279233
          ],
          [
            27.681985,
            63.262217
          ],
          [
            27.679195,
            63.25299
          ],
          [
            27.693915,
            63.243184
          ],
          [
            27.692327,
            63.229086
          ],
          [
            27.699687,
            63.216233
          ],
          [
            27.689602,
            63.209131
          ],
          [
            27.677093,
            63.206341
          ],
          [
            27.671878,
            63.201492
          ],
          [
            27.674367,
            63.193123
          ],
          [
            27.661858,
            63.174326
          ],
          [
            27.687693,
            63.148878
          ],
          [
            27.680805,
            63.141775
          ],
          [
            27.667737,
            63.136089
          ],
          [
            27.655056,
            63.121948
          ],
          [
            27.641838,
            63.114846
          ],
          [
            27.649047,
            63.098838
          ],
          [
            27.642653,
            63.088431
          ],
          [
            27.651772,
            63.087745
          ],
          [
            27.64746,
            63.083539
          ],
          [
            27.651601,
            63.076329
          ],
          [
            27.672372,
            63.06251
          ],
          [
            27.694988,
            63.052962
          ],
          [
            27.703872,
            63.046675
          ],
          [
            27.730973,
            63.036611
          ],
          [
            27.735822,
            63.031182
          ],
          [
            27.736723,
            63.023329
          ],
          [
            27.722883,
            63.010926
          ],
          [
            27.711253,
            62.991335
          ],
          [
            27.705567,
            62.988696
          ],
          [
            27.707841,
            62.986615
          ],
          [
            27.7034,
            62.981486
          ],
          [
            27.703679,
            62.969427
          ],
          [
            27.692864,
            62.961681
          ],
          [
            27.689538,
            62.961402
          ],
          [
            27.684903,
            62.954857
          ],
          [
            27.672007,
            62.948699
          ],
          [
            27.675269,
            62.947927
          ],
          [
            27.678487,
            62.950459
          ],
          [
            27.668874,
            62.941875
          ],
          [
            27.668595,
            62.934322
          ],
          [
            27.684216,
            62.928185
          ],
          [
            27.671814,
            62.916791
          ],
          [
            27.678745,
            62.903917
          ],
          [
            27.660098,
            62.900977
          ],
          [
            27.640357,
            62.893488
          ],
          [
            27.629414,
            62.887287
          ],
          [
            27.616882,
            62.871237
          ],
          [
            27.610188,
            62.866967
          ],
          [
            27.612655,
            62.86289
          ],
          [
            27.627332,
            62.861109
          ],
          [
            27.623792,
            62.85583
          ],
          [
            27.626839,
            62.849329
          ],
          [
            27.611539,
            62.839243
          ],
          [
            27.602506,
            62.841346
          ],
          [
            27.594845,
            62.839823
          ],
          [
            27.563345,
            62.838664
          ],
          [
            27.556887,
            62.840724
          ],
          [
            27.546501,
            62.848299
          ],
          [
            27.538583,
            62.849843
          ],
          [
            27.514529,
            62.842569
          ],
          [
            27.504122,
            62.841046
          ],
          [
            27.456958,
            62.84596
          ],
          [
            27.417884,
            62.84435
          ],
          [
            27.38898,
            62.847483
          ],
          [
            27.338727,
            62.842784
          ],
          [
            27.318814,
            62.842913
          ],
          [
            27.30315,
            62.84523
          ],
          [
            27.267766,
            62.854307
          ],
          [
            27.240837,
            62.857804
          ],
          [
            27.206633,
            62.85862
          ],
          [
            27.17597,
            62.86716
          ],
          [
            27.129922,
            62.865894
          ],
          [
            27.110932,
            62.869027
          ],
          [
            27.078767,
            62.880399
          ],
          [
            27.055914,
            62.883575
          ],
          [
            27.041709,
            62.866795
          ],
          [
            27.043319,
            62.862096
          ],
          [
            27.055078,
            62.853899
          ],
          [
            27.056365,
            62.84214
          ],
          [
            27.03789,
            62.812572
          ],
          [
            27.055635,
            62.794805
          ],
          [
            27.049971,
            62.784827
          ],
          [
            27.037804,
            62.773175
          ],
          [
            27.032311,
            62.77118
          ],
          [
            27.023234,
            62.763734
          ],
          [
            27.009459,
            62.725432
          ],
          [
            27.037482,
            62.698224
          ],
          [
            27.058511,
            62.687645
          ],
          [
            27.068102,
            62.675757
          ],
          [
            27.089903,
            62.661188
          ],
          [
            27.094173,
            62.649944
          ],
          [
            27.084346,
            62.650437
          ],
          [
            27.075934,
            62.647648
          ],
          [
            27.087071,
            62.64164
          ],
          [
            27.087264,
            62.637906
          ],
          [
            27.098336,
            62.630396
          ],
          [
            27.085741,
            62.625525
          ],
          [
            27.073295,
            62.615118
          ],
          [
            27.069733,
            62.593575
          ],
          [
            27.051194,
            62.586687
          ],
          [
            27.041409,
            62.590034
          ],
          [
            26.995962,
            62.596192
          ],
          [
            26.942618,
            62.613187
          ],
          [
            26.916311,
            62.616255
          ],
          [
            26.896119,
            62.616298
          ],
          [
            26.878846,
            62.620654
          ],
          [
            26.862023,
            62.620461
          ],
          [
            26.853418,
            62.617736
          ],
          [
            26.846874,
            62.617564
          ],
          [
            26.826854,
            62.624474
          ],
          [
            26.813164,
            62.626748
          ],
          [
            26.755271,
            62.631962
          ],
          [
            26.736603,
            62.635975
          ],
          [
            26.709459,
            62.635825
          ],
          [
            26.69888,
            62.639322
          ],
          [
            26.677444,
            62.654471
          ],
          [
            26.637447,
            62.669942
          ],
          [
            26.602771,
            62.672174
          ],
          [
            26.573739,
            62.665994
          ],
          [
            26.56207,
            62.66587
          ],
          [
            26.5506,
            62.66653
          ],
          [
            26.53903,
            62.66989
          ],
          [
            26.53584,
            62.67034
          ],
          [
            26.53117,
            62.67052
          ],
          [
            26.52801,
            62.67125
          ],
          [
            26.52591,
            62.6725
          ],
          [
            26.51971,
            62.67863
          ],
          [
            26.50634,
            62.68485
          ],
          [
            26.49456,
            62.68799
          ],
          [
            26.48856,
            62.69025
          ],
          [
            26.48511,
            62.69236
          ],
          [
            26.47722,
            62.69879
          ],
          [
            26.47057,
            62.70169
          ],
          [
            26.46723,
            62.70278
          ],
          [
            26.46292,
            62.70337
          ],
          [
            26.45931,
            62.70321
          ],
          [
            26.45157,
            62.70147
          ],
          [
            26.43199,
            62.69573
          ],
          [
            26.37408,
            62.68228
          ],
          [
            26.3519,
            62.67225
          ],
          [
            26.34211,
            62.6684
          ],
          [
            26.3363,
            62.66432
          ],
          [
            26.3349,
            62.66244
          ],
          [
            26.33539,
            62.66096
          ],
          [
            26.33784,
            62.65895
          ],
          [
            26.33856,
            62.65774
          ],
          [
            26.33647,
            62.65305
          ],
          [
            26.33581,
            62.64763
          ],
          [
            26.33061,
            62.64228
          ],
          [
            26.32737,
            62.63498
          ],
          [
            26.32556,
            62.63253
          ],
          [
            26.32094,
            62.63001
          ],
          [
            26.31722,
            62.62899
          ],
          [
            26.30471,
            62.62679
          ],
          [
            26.29955,
            62.62661
          ],
          [
            26.29161,
            62.62807
          ],
          [
            26.28544,
            62.62819
          ],
          [
            26.27279,
            62.62535
          ],
          [
            26.27051,
            62.62439
          ],
          [
            26.2688,
            62.62314
          ],
          [
            26.26735,
            62.62139
          ],
          [
            26.26774,
            62.62136
          ],
          [
            26.26591,
            62.61783
          ],
          [
            26.2644,
            62.61645
          ],
          [
            26.26157,
            62.61492
          ],
          [
            26.257,
            62.61363
          ],
          [
            26.24514,
            62.61216
          ],
          [
            26.23742,
            62.61034
          ],
          [
            26.23423,
            62.60929
          ],
          [
            26.22105,
            62.60285
          ],
          [
            26.21476,
            62.60026
          ],
          [
            26.20674,
            62.59752
          ],
          [
            26.19465,
            62.59415
          ],
          [
            26.19156,
            62.59269
          ],
          [
            26.19127,
            62.59282
          ],
          [
            26.18871,
            62.59111
          ],
          [
            26.1849,
            62.5872
          ],
          [
            26.18054,
            62.58499
          ],
          [
            26.17577,
            62.58358
          ],
          [
            26.16976,
            62.58266
          ],
          [
            26.16565,
            62.58247
          ],
          [
            26.16126,
            62.58265
          ],
          [
            26.1568,
            62.58321
          ],
          [
            26.14163,
            62.58617
          ],
          [
            26.13555,
            62.58622
          ],
          [
            26.1318,
            62.58551
          ],
          [
            26.12896,
            62.58453
          ],
          [
            26.12416,
            62.5814
          ],
          [
            26.11886,
            62.57948
          ],
          [
            26.11342,
            62.57893
          ],
          [
            26.10324,
            62.58
          ],
          [
            26.09828,
            62.57965
          ],
          [
            26.08897,
            62.5769
          ],
          [
            26.0737,
            62.57145
          ],
          [
            26.06484,
            62.56886
          ],
          [
            26.0662,
            62.56728
          ],
          [
            26.06538,
            62.5605
          ],
          [
            26.0609,
            62.55428
          ],
          [
            26.06208,
            62.5478
          ],
          [
            26.0607,
            62.54592
          ],
          [
            26.06035,
            62.54337
          ],
          [
            26.05823,
            62.53982
          ],
          [
            26.05605,
            62.53768
          ],
          [
            26.0544,
            62.53509
          ],
          [
            26.0542,
            62.53363
          ],
          [
            26.05522,
            62.53154
          ],
          [
            26.05513,
            62.53017
          ],
          [
            26.05154,
            62.52575
          ],
          [
            26.05167,
            62.52513
          ],
          [
            26.0537,
            62.52358
          ],
          [
            26.05389,
            62.52268
          ],
          [
            26.0503,
            62.52008
          ],
          [
            26.04683,
            62.51919
          ],
          [
            26.04464,
            62.51802
          ],
          [
            26.04362,
            62.51641
          ],
          [
            26.04377,
            62.5154
          ],
          [
            26.04655,
            62.51352
          ],
          [
            26.04682,
            62.5127
          ],
          [
            26.04439,
            62.50899
          ],
          [
            26.03958,
            62.50517
          ],
          [
            26.03662,
            62.50178
          ],
          [
            26.03378,
            62.50021
          ],
          [
            26.02004,
            62.49587
          ],
          [
            26.01188,
            62.49123
          ],
          [
            26.01056,
            62.48944
          ],
          [
            26.01022,
            62.48129
          ],
          [
            26.0088,
            62.47878
          ],
          [
            26.0072,
            62.47781
          ],
          [
            26.0016,
            62.47576
          ],
          [
            25.99683,
            62.47269
          ],
          [
            25.99186,
            62.47062
          ],
          [
            25.98908,
            62.46829
          ],
          [
            25.98692,
            62.46383
          ],
          [
            25.98472,
            62.46239
          ],
          [
            25.97352,
            62.45954
          ],
          [
            25.96983,
            62.45785
          ],
          [
            25.96764,
            62.45742
          ],
          [
            25.96469,
            62.45749
          ],
          [
            25.95676,
            62.45904
          ],
          [
            25.95305,
            62.45929
          ],
          [
            25.94329,
            62.45825
          ],
          [
            25.94327,
            62.45849
          ],
          [
            25.94102,
            62.45888
          ],
          [
            25.93939,
            62.45814
          ],
          [
            25.93591,
            62.45727
          ],
          [
            25.93363,
            62.45463
          ],
          [
            25.93163,
            62.45009
          ],
          [
            25.92854,
            62.44844
          ],
          [
            25.92687,
            62.44605
          ],
          [
            25.92463,
            62.44399
          ],
          [
            25.92341,
            62.44118
          ],
          [
            25.91619,
            62.43562
          ],
          [
            25.914,
            62.43209
          ],
          [
            25.91452,
            62.42957
          ],
          [
            25.91679,
            62.42492
          ],
          [
            25.91838,
            62.42483
          ],
          [
            25.91995,
            62.42402
          ],
          [
            25.92361,
            62.42311
          ],
          [
            25.9332,
            62.4218
          ],
          [
            25.94626,
            62.41775
          ],
          [
            25.94756,
            62.41708
          ],
          [
            25.95045,
            62.41511
          ],
          [
            25.95021,
            62.41397
          ],
          [
            25.95242,
            62.40847
          ],
          [
            25.95154,
            62.40699
          ],
          [
            25.94917,
            62.40492
          ],
          [
            25.9457,
            62.40361
          ],
          [
            25.94352,
            62.40174
          ],
          [
            25.94468,
            62.39849
          ],
          [
            25.94592,
            62.39734
          ],
          [
            25.94605,
            62.39581
          ],
          [
            25.94521,
            62.39408
          ],
          [
            25.93984,
            62.38919
          ],
          [
            25.93972,
            62.38563
          ],
          [
            25.94109,
            62.38272
          ],
          [
            25.93958,
            62.38153
          ],
          [
            25.93785,
            62.37722
          ],
          [
            25.93989,
            62.37476
          ],
          [
            25.93924,
            62.37272
          ],
          [
            25.94064,
            62.3703
          ],
          [
            25.93976,
            62.36671
          ],
          [
            25.93762,
            62.36499
          ],
          [
            25.93681,
            62.3625
          ],
          [
            25.93275,
            62.3594
          ],
          [
            25.9341,
            62.35654
          ],
          [
            25.93336,
            62.35584
          ],
          [
            25.92628,
            62.35717
          ],
          [
            25.91179,
            62.36362
          ],
          [
            25.8996,
            62.36683
          ],
          [
            25.89123,
            62.36651
          ],
          [
            25.88712,
            62.3675
          ],
          [
            25.88378,
            62.36669
          ],
          [
            25.8808,
            62.35809
          ],
          [
            25.87784,
            62.35196
          ],
          [
            25.87616,
            62.34611
          ],
          [
            25.8745,
            62.34335
          ],
          [
            25.8689,
            62.33632
          ],
          [
            25.86352,
            62.33183
          ],
          [
            25.85995,
            62.32601
          ],
          [
            25.85104,
            62.31818
          ],
          [
            25.84642,
            62.31152
          ],
          [
            25.84436,
            62.30992
          ],
          [
            25.83557,
            62.30733
          ],
          [
            25.8351,
            62.30649
          ],
          [
            25.83312,
            62.30622
          ],
          [
            25.83182,
            62.30635
          ],
          [
            25.82882,
            62.30513
          ],
          [
            25.81982,
            62.2997
          ],
          [
            25.81438,
            62.29698
          ],
          [
            25.81273,
            62.29477
          ],
          [
            25.81533,
            62.29078
          ],
          [
            25.81444,
            62.28877
          ],
          [
            25.80316,
            62.28075
          ],
          [
            25.78819,
            62.27091
          ],
          [
            25.78628,
            62.26985
          ],
          [
            25.77851,
            62.26693
          ],
          [
            25.78196,
            62.2629
          ],
          [
            25.78258,
            62.26104
          ],
          [
            25.7812,
            62.25712
          ],
          [
            25.7797,
            62.25518
          ],
          [
            25.77824,
            62.25432
          ],
          [
            25.77911,
            62.25327
          ],
          [
            25.78003,
            62.25312
          ],
          [
            25.78,
            62.25139
          ],
          [
            25.77766,
            62.24945
          ],
          [
            25.77712,
            62.24791
          ],
          [
            25.77445,
            62.24578
          ],
          [
            25.77333,
            62.24611
          ],
          [
            25.77138,
            62.24607
          ],
          [
            25.76805,
            62.24503
          ],
          [
            25.76231,
            62.24414
          ],
          [
            25.76211,
            62.24363
          ],
          [
            25.76546,
            62.24228
          ],
          [
            25.76469,
            62.2406
          ],
          [
            25.76532,
            62.23939
          ],
          [
            25.76321,
            62.23691
          ],
          [
            25.7614,
            62.23586
          ],
          [
            25.75979,
            62.23564
          ],
          [
            25.75778,
            62.23648
          ],
          [
            25.75105,
            62.23807
          ],
          [
            25.7454,
            62.23542
          ],
          [
            25.74122,
            62.23444
          ],
          [
            25.74146,
            62.23352
          ],
          [
            25.73521,
            62.23061
          ],
          [
            25.73449,
            62.22994
          ],
          [
            25.73278,
            62.22936
          ],
          [
            25.72979,
            62.22891
          ],
          [
            25.72794,
            62.22679
          ],
          [
            25.72823,
            62.22618
          ],
          [
            25.72714,
            62.22588
          ],
          [
            25.72572,
            62.22014
          ],
          [
            25.728,
            62.21763
          ],
          [
            25.72756,
            62.21703
          ],
          [
            25.72581,
            62.21662
          ],
          [
            25.72529,
            62.2144
          ],
          [
            25.72446,
            62.21368
          ],
          [
            25.72077,
            62.21161
          ],
          [
            25.72002,
            62.21036
          ],
          [
            25.71857,
            62.21012
          ],
          [
            25.71883,
            62.20875
          ],
          [
            25.72144,
            62.20681
          ],
          [
            25.72142,
            62.20512
          ],
          [
            25.72345,
            62.20211
          ],
          [
            25.72349,
            62.20055
          ],
          [
            25.72252,
            62.19909
          ],
          [
            25.71701,
            62.19542
          ],
          [
            25.71271,
            62.18874
          ],
          [
            25.71394,
            62.18836
          ],
          [
            25.71886,
            62.1843
          ],
          [
            25.72245,
            62.18226
          ],
          [
            25.73071,
            62.17963
          ],
          [
            25.73148,
            62.17979
          ],
          [
            25.7339,
            62.17917
          ],
          [
            25.74002,
            62.17666
          ],
          [
            25.74547,
            62.17205
          ],
          [
            25.74739,
            62.16748
          ],
          [
            25.75212,
            62.15979
          ],
          [
            25.75533,
            62.15628
          ],
          [
            25.7534,
            62.15201
          ],
          [
            25.75019,
            62.14757
          ],
          [
            25.74851,
            62.146
          ],
          [
            25.74455,
            62.14392
          ],
          [
            25.74308,
            62.14246
          ],
          [
            25.74221,
            62.14131
          ],
          [
            25.74249,
            62.13919
          ],
          [
            25.73523,
            62.1376
          ],
          [
            25.735,
            62.13727
          ],
          [
            25.73227,
            62.13719
          ],
          [
            25.7289,
            62.13786
          ],
          [
            25.71487,
            62.14405
          ],
          [
            25.71253,
            62.14494
          ],
          [
            25.71116,
            62.14511
          ],
          [
            25.70443,
            62.14407
          ],
          [
            25.69982,
            62.14101
          ],
          [
            25.69643,
            62.13975
          ],
          [
            25.68802,
            62.13806
          ],
          [
            25.68256,
            62.13773
          ],
          [
            25.67476,
            62.1368
          ],
          [
            25.67486,
            62.13409
          ],
          [
            25.67376,
            62.13203
          ],
          [
            25.67096,
            62.13026
          ],
          [
            25.66749,
            62.12944
          ],
          [
            25.66613,
            62.12817
          ],
          [
            25.66587,
            62.12727
          ],
          [
            25.66658,
            62.12559
          ],
          [
            25.6655,
            62.12327
          ],
          [
            25.66582,
            62.12148
          ],
          [
            25.6652,
            62.11772
          ],
          [
            25.66361,
            62.11623
          ],
          [
            25.6584,
            62.11329
          ],
          [
            25.65774,
            62.11239
          ],
          [
            25.65658,
            62.11181
          ],
          [
            25.65444,
            62.10744
          ],
          [
            25.64786,
            62.10242
          ],
          [
            25.64734,
            62.10105
          ],
          [
            25.64352,
            62.09719
          ],
          [
            25.64413,
            62.09508
          ],
          [
            25.64251,
            62.09301
          ],
          [
            25.64259,
            62.09176
          ],
          [
            25.64957,
            62.08724
          ],
          [
            25.65171,
            62.08535
          ],
          [
            25.65289,
            62.08484
          ],
          [
            25.65771,
            62.08399
          ],
          [
            25.6613,
            62.08286
          ],
          [
            25.66288,
            62.08186
          ],
          [
            25.66514,
            62.08134
          ],
          [
            25.6672,
            62.07933
          ],
          [
            25.66761,
            62.07728
          ],
          [
            25.66946,
            62.07614
          ],
          [
            25.67008,
            62.07525
          ],
          [
            25.67383,
            62.07314
          ],
          [
            25.6774,
            62.0721
          ],
          [
            25.68164,
            62.07189
          ],
          [
            25.6871,
            62.06942
          ],
          [
            25.6867,
            62.068
          ],
          [
            25.68876,
            62.06648
          ],
          [
            25.68874,
            62.06438
          ],
          [
            25.68756,
            62.06263
          ],
          [
            25.69098,
            62.05851
          ],
          [
            25.68978,
            62.05549
          ],
          [
            25.69104,
            62.05532
          ],
          [
            25.69468,
            62.05382
          ],
          [
            25.69879,
            62.05285
          ],
          [
            25.7041,
            62.05238
          ],
          [
            25.70504,
            62.05032
          ],
          [
            25.70698,
            62.04918
          ],
          [
            25.70715,
            62.04581
          ],
          [
            25.70867,
            62.04574
          ],
          [
            25.71179,
            62.04715
          ],
          [
            25.71427,
            62.0458
          ],
          [
            25.71819,
            62.04524
          ],
          [
            25.7197,
            62.04391
          ],
          [
            25.71968,
            62.04169
          ],
          [
            25.72041,
            62.03987
          ],
          [
            25.72005,
            62.03808
          ],
          [
            25.71691,
            62.03589
          ],
          [
            25.71442,
            62.03469
          ],
          [
            25.71233,
            62.0327
          ],
          [
            25.70743,
            62.02336
          ],
          [
            25.70596,
            62.02166
          ],
          [
            25.70486,
            62.01809
          ],
          [
            25.70299,
            62.01675
          ],
          [
            25.70072,
            62.01635
          ],
          [
            25.69639,
            62.01624
          ],
          [
            25.68932,
            62.0152
          ],
          [
            25.68541,
            62.0133
          ],
          [
            25.68224,
            62.01249
          ],
          [
            25.67516,
            62.01202
          ],
          [
            25.66909,
            62.01277
          ],
          [
            25.66244,
            62.01201
          ],
          [
            25.65906,
            62.01263
          ],
          [
            25.65399,
            62.01153
          ],
          [
            25.65919,
            62.00871
          ],
          [
            25.66391,
            62.00703
          ],
          [
            25.67609,
            62.00509
          ],
          [
            25.67797,
            62.00455
          ],
          [
            25.67933,
            62.00368
          ],
          [
            25.67982,
            62.00278
          ],
          [
            25.67948,
            62.00158
          ],
          [
            25.67277,
            61.99518
          ],
          [
            25.67174,
            61.99181
          ],
          [
            25.67724,
            61.98272
          ],
          [
            25.67829,
            61.98168
          ],
          [
            25.6827,
            61.97906
          ],
          [
            25.68837,
            61.97338
          ],
          [
            25.69066,
            61.97009
          ],
          [
            25.69121,
            61.96643
          ],
          [
            25.69411,
            61.96232
          ],
          [
            25.69354,
            61.95957
          ],
          [
            25.69382,
            61.95792
          ],
          [
            25.69311,
            61.95558
          ],
          [
            25.69153,
            61.95355
          ],
          [
            25.6917,
            61.95266
          ],
          [
            25.69626,
            61.9494
          ],
          [
            25.69827,
            61.94686
          ],
          [
            25.70367,
            61.94261
          ],
          [
            25.7073,
            61.94094
          ],
          [
            25.71932,
            61.93742
          ],
          [
            25.72269,
            61.93612
          ],
          [
            25.72616,
            61.93407
          ],
          [
            25.72869,
            61.93133
          ],
          [
            25.72957,
            61.92845
          ],
          [
            25.72883,
            61.92416
          ],
          [
            25.7294,
            61.91993
          ],
          [
            25.72879,
            61.91854
          ],
          [
            25.7257,
            61.91606
          ],
          [
            25.71641,
            61.9132
          ],
          [
            25.71294,
            61.90927
          ],
          [
            25.71343,
            61.90716
          ],
          [
            25.71241,
            61.90264
          ],
          [
            25.71268,
            61.90141
          ],
          [
            25.71421,
            61.89935
          ],
          [
            25.71654,
            61.89761
          ],
          [
            25.71712,
            61.8931
          ],
          [
            25.71848,
            61.89192
          ],
          [
            25.7249,
            61.88815
          ],
          [
            25.72954,
            61.88384
          ],
          [
            25.73785,
            61.87997
          ],
          [
            25.74315,
            61.87907
          ],
          [
            25.7451,
            61.87834
          ],
          [
            25.74725,
            61.87613
          ],
          [
            25.75674,
            61.87064
          ],
          [
            25.7577,
            61.86916
          ],
          [
            25.75688,
            61.86678
          ],
          [
            25.75793,
            61.86304
          ],
          [
            25.75996,
            61.86186
          ],
          [
            25.76472,
            61.86019
          ],
          [
            25.77792,
            61.85145
          ],
          [
            25.77848,
            61.8501
          ],
          [
            25.77783,
            61.84397
          ],
          [
            25.77939,
            61.84071
          ],
          [
            25.78137,
            61.83968
          ],
          [
            25.77816,
            61.83802
          ],
          [
            25.77587,
            61.83775
          ],
          [
            25.77084,
            61.83818
          ],
          [
            25.76592,
            61.83779
          ],
          [
            25.76351,
            61.83806
          ],
          [
            25.75728,
            61.83807
          ],
          [
            25.75367,
            61.83754
          ],
          [
            25.74852,
            61.83774
          ],
          [
            25.73777,
            61.83716
          ],
          [
            25.73102,
            61.83721
          ],
          [
            25.72894,
            61.83668
          ],
          [
            25.7272,
            61.83548
          ],
          [
            25.72654,
            61.83354
          ],
          [
            25.72498,
            61.83211
          ],
          [
            25.72198,
            61.82724
          ],
          [
            25.71664,
            61.82423
          ],
          [
            25.71339,
            61.82379
          ],
          [
            25.7059,
            61.82451
          ],
          [
            25.69798,
            61.82436
          ],
          [
            25.69326,
            61.82468
          ],
          [
            25.68722,
            61.82421
          ],
          [
            25.68427,
            61.82341
          ],
          [
            25.68265,
            61.82203
          ],
          [
            25.682,
            61.81951
          ],
          [
            25.68009,
            61.81596
          ],
          [
            25.6804,
            61.8146
          ],
          [
            25.68363,
            61.81218
          ],
          [
            25.6879,
            61.80756
          ],
          [
            25.68962,
            61.80399
          ],
          [
            25.690295,
            61.803992
          ],
          [
            25.693097,
            61.802941
          ],
          [
            25.695453,
            61.801598
          ],
          [
            25.697263,
            61.80104
          ],
          [
            25.698805,
            61.800343
          ],
          [
            25.703468,
            61.79678
          ],
          [
            25.69868,
            61.80033
          ],
          [
            25.69536,
            61.80154
          ],
          [
            25.69304,
            61.80289
          ],
          [
            25.689672,
            61.80388
          ],
          [
            25.68855,
            61.80259
          ],
          [
            25.6838,
            61.80028
          ],
          [
            25.6775,
            61.79896
          ],
          [
            25.67294,
            61.79692
          ],
          [
            25.6695,
            61.79584
          ],
          [
            25.6653,
            61.79364
          ],
          [
            25.6589,
            61.79186
          ],
          [
            25.65498,
            61.79016
          ],
          [
            25.6519,
            61.78819
          ],
          [
            25.64613,
            61.78715
          ],
          [
            25.64236,
            61.78511
          ],
          [
            25.63739,
            61.7832
          ],
          [
            25.63327,
            61.78115
          ],
          [
            25.62727,
            61.77959
          ],
          [
            25.62292,
            61.77645
          ],
          [
            25.61484,
            61.77199
          ],
          [
            25.61088,
            61.77071
          ],
          [
            25.60531,
            61.77006
          ],
          [
            25.6012,
            61.76872
          ],
          [
            25.59399,
            61.76721
          ],
          [
            25.59265,
            61.76616
          ],
          [
            25.59215,
            61.76295
          ],
          [
            25.59077,
            61.76168
          ],
          [
            25.58854,
            61.76098
          ],
          [
            25.57981,
            61.76
          ],
          [
            25.5776,
            61.75937
          ],
          [
            25.57172,
            61.75451
          ],
          [
            25.57079,
            61.75331
          ],
          [
            25.57054,
            61.75076
          ],
          [
            25.56386,
            61.74402
          ],
          [
            25.56465,
            61.73943
          ],
          [
            25.55888,
            61.73456
          ],
          [
            25.55687,
            61.73357
          ],
          [
            25.55024,
            61.7324
          ],
          [
            25.5449,
            61.72963
          ],
          [
            25.54404,
            61.72839
          ],
          [
            25.54468,
            61.72574
          ],
          [
            25.54562,
            61.7246
          ],
          [
            25.55894,
            61.7144
          ],
          [
            25.56574,
            61.71039
          ],
          [
            25.56966,
            61.70588
          ],
          [
            25.57217,
            61.70419
          ],
          [
            25.57402,
            61.70371
          ],
          [
            25.5819,
            61.70327
          ],
          [
            25.58923,
            61.70362
          ],
          [
            25.59636,
            61.70279
          ],
          [
            25.60146,
            61.70137
          ],
          [
            25.60954,
            61.6972
          ],
          [
            25.61557,
            61.69532
          ],
          [
            25.61847,
            61.69536
          ],
          [
            25.62619,
            61.69672
          ],
          [
            25.6338,
            61.69584
          ],
          [
            25.64077,
            61.69586
          ],
          [
            25.64316,
            61.69474
          ],
          [
            25.64666,
            61.69091
          ],
          [
            25.64822,
            61.68983
          ],
          [
            25.65074,
            61.68878
          ],
          [
            25.65493,
            61.68766
          ],
          [
            25.657,
            61.68632
          ],
          [
            25.65694,
            61.68449
          ],
          [
            25.65142,
            61.68008
          ],
          [
            25.64843,
            61.67503
          ],
          [
            25.64465,
            61.67225
          ],
          [
            25.64248,
            61.67149
          ],
          [
            25.64065,
            61.67123
          ],
          [
            25.62804,
            61.67172
          ],
          [
            25.62498,
            61.67131
          ],
          [
            25.62011,
            61.66968
          ],
          [
            25.61089,
            61.66514
          ],
          [
            25.60985,
            61.66431
          ],
          [
            25.60966,
            61.66311
          ],
          [
            25.61522,
            61.6533
          ],
          [
            25.61608,
            61.65039
          ],
          [
            25.61816,
            61.64695
          ],
          [
            25.62093,
            61.64572
          ],
          [
            25.62649,
            61.64521
          ],
          [
            25.63297,
            61.64375
          ],
          [
            25.63888,
            61.64004
          ],
          [
            25.64241,
            61.63836
          ],
          [
            25.64509,
            61.63543
          ],
          [
            25.65064,
            61.63381
          ],
          [
            25.6526,
            61.63293
          ],
          [
            25.65525,
            61.63091
          ],
          [
            25.66194,
            61.62324
          ],
          [
            25.66432,
            61.61812
          ],
          [
            25.66418,
            61.6162
          ],
          [
            25.66168,
            61.61182
          ],
          [
            25.6621,
            61.61061
          ],
          [
            25.66418,
            61.60867
          ],
          [
            25.66486,
            61.60695
          ],
          [
            25.66312,
            61.60415
          ],
          [
            25.66269,
            61.60228
          ],
          [
            25.66457,
            61.59901
          ],
          [
            25.6648,
            61.59735
          ],
          [
            25.66205,
            61.58948
          ],
          [
            25.66181,
            61.58304
          ],
          [
            25.65998,
            61.58092
          ],
          [
            25.6593,
            61.57698
          ],
          [
            25.65402,
            61.57416
          ],
          [
            25.65249,
            61.57247
          ],
          [
            25.6513,
            61.56987
          ],
          [
            25.64802,
            61.56774
          ],
          [
            25.64673,
            61.56576
          ],
          [
            25.64787,
            61.56341
          ],
          [
            25.6477,
            61.56122
          ],
          [
            25.64841,
            61.55778
          ],
          [
            25.65018,
            61.55559
          ],
          [
            25.65373,
            61.55361
          ],
          [
            25.6556,
            61.55201
          ],
          [
            25.65571,
            61.54896
          ],
          [
            25.65824,
            61.54684
          ],
          [
            25.65889,
            61.54362
          ],
          [
            25.66256,
            61.53813
          ],
          [
            25.66199,
            61.53443
          ],
          [
            25.65905,
            61.53244
          ],
          [
            25.65871,
            61.53167
          ],
          [
            25.65905,
            61.5249
          ],
          [
            25.66027,
            61.52175
          ],
          [
            25.65843,
            61.51792
          ],
          [
            25.65745,
            61.51428
          ],
          [
            25.65767,
            61.51228
          ],
          [
            25.66264,
            61.50826
          ],
          [
            25.6663,
            61.50705
          ],
          [
            25.67038,
            61.50633
          ],
          [
            25.67232,
            61.50402
          ],
          [
            25.6749,
            61.5031
          ],
          [
            25.67657,
            61.50208
          ],
          [
            25.67949,
            61.50161
          ],
          [
            25.68389,
            61.50183
          ],
          [
            25.68497,
            61.50214
          ],
          [
            25.6907,
            61.5013
          ],
          [
            25.69282,
            61.50053
          ],
          [
            25.69709,
            61.49778
          ],
          [
            25.70339,
            61.49511
          ],
          [
            25.70627,
            61.49434
          ],
          [
            25.71076,
            61.49366
          ],
          [
            25.71296,
            61.49289
          ],
          [
            25.71781,
            61.48892
          ],
          [
            25.71945,
            61.48608
          ],
          [
            25.71953,
            61.48362
          ],
          [
            25.71841,
            61.4815
          ],
          [
            25.71547,
            61.47878
          ],
          [
            25.71419,
            61.4768
          ],
          [
            25.71289,
            61.47192
          ],
          [
            25.7128,
            61.46783
          ],
          [
            25.71465,
            61.46328
          ],
          [
            25.72096,
            61.45618
          ],
          [
            25.72427,
            61.44919
          ],
          [
            25.72447,
            61.44735
          ],
          [
            25.72364,
            61.44537
          ],
          [
            25.72206,
            61.44387
          ],
          [
            25.714,
            61.44047
          ],
          [
            25.70853,
            61.43909
          ],
          [
            25.69982,
            61.43804
          ],
          [
            25.69695,
            61.43742
          ],
          [
            25.69372,
            61.43627
          ],
          [
            25.68831,
            61.43346
          ],
          [
            25.6867,
            61.43182
          ],
          [
            25.68542,
            61.42827
          ],
          [
            25.67838,
            61.42155
          ],
          [
            25.67629,
            61.41697
          ],
          [
            25.67242,
            61.41353
          ],
          [
            25.67034,
            61.41075
          ],
          [
            25.66872,
            61.40979
          ],
          [
            25.66091,
            61.40676
          ],
          [
            25.65816,
            61.4047
          ],
          [
            25.65607,
            61.40084
          ],
          [
            25.65213,
            61.39741
          ],
          [
            25.6494,
            61.3918
          ],
          [
            25.64907,
            61.38838
          ],
          [
            25.64656,
            61.38816
          ],
          [
            25.6436,
            61.38838
          ],
          [
            25.63914,
            61.38767
          ],
          [
            25.63638,
            61.38774
          ],
          [
            25.63146,
            61.38734
          ],
          [
            25.62654,
            61.38562
          ],
          [
            25.62456,
            61.38281
          ],
          [
            25.6236,
            61.38228
          ],
          [
            25.61999,
            61.38194
          ],
          [
            25.61599,
            61.38032
          ],
          [
            25.60254,
            61.37746
          ],
          [
            25.59596,
            61.37825
          ],
          [
            25.58729,
            61.37775
          ],
          [
            25.58608,
            61.37699
          ],
          [
            25.5845,
            61.37487
          ],
          [
            25.57973,
            61.37162
          ],
          [
            25.57963,
            61.37042
          ],
          [
            25.58243,
            61.37014
          ],
          [
            25.5843,
            61.36806
          ],
          [
            25.5859,
            61.36729
          ],
          [
            25.58794,
            61.36647
          ],
          [
            25.59495,
            61.36505
          ],
          [
            25.59638,
            61.36445
          ],
          [
            25.59714,
            61.36357
          ],
          [
            25.59987,
            61.36258
          ],
          [
            25.60376,
            61.36035
          ],
          [
            25.60464,
            61.35894
          ],
          [
            25.60394,
            61.35659
          ],
          [
            25.60239,
            61.35478
          ],
          [
            25.60225,
            61.35347
          ],
          [
            25.60067,
            61.35292
          ],
          [
            25.60184,
            61.35175
          ],
          [
            25.60655,
            61.35045
          ],
          [
            25.61663,
            61.34943
          ],
          [
            25.61383,
            61.34748
          ],
          [
            25.61061,
            61.34624
          ],
          [
            25.59966,
            61.34346
          ],
          [
            25.59624,
            61.34309
          ],
          [
            25.59493,
            61.34244
          ],
          [
            25.59327,
            61.34053
          ],
          [
            25.59152,
            61.33968
          ],
          [
            25.58133,
            61.33701
          ],
          [
            25.57769,
            61.33545
          ],
          [
            25.57359,
            61.3314
          ],
          [
            25.56973,
            61.32887
          ],
          [
            25.56892,
            61.32629
          ],
          [
            25.56777,
            61.32526
          ],
          [
            25.56649,
            61.32464
          ],
          [
            25.55803,
            61.32221
          ],
          [
            25.55602,
            61.32094
          ],
          [
            25.55435,
            61.31715
          ],
          [
            25.5508,
            61.31369
          ],
          [
            25.54836,
            61.30901
          ],
          [
            25.54079,
            61.3035
          ],
          [
            25.53221,
            61.29183
          ],
          [
            25.53145,
            61.28868
          ],
          [
            25.53201,
            61.28632
          ],
          [
            25.52843,
            61.28167
          ],
          [
            25.52677,
            61.27537
          ],
          [
            25.52671,
            61.27298
          ],
          [
            25.52146,
            61.26744
          ],
          [
            25.51914,
            61.26404
          ],
          [
            25.51935,
            61.26058
          ],
          [
            25.51817,
            61.25822
          ],
          [
            25.51145,
            61.25326
          ],
          [
            25.50326,
            61.24977
          ],
          [
            25.4964,
            61.24421
          ],
          [
            25.4903,
            61.23843
          ],
          [
            25.49007,
            61.23448
          ],
          [
            25.49397,
            61.2286
          ],
          [
            25.49457,
            61.22554
          ],
          [
            25.49355,
            61.22174
          ],
          [
            25.49123,
            61.21701
          ],
          [
            25.49104,
            61.21434
          ],
          [
            25.48716,
            61.20928
          ],
          [
            25.48698,
            61.20663
          ],
          [
            25.48564,
            61.20329
          ],
          [
            25.4857,
            61.20129
          ],
          [
            25.48672,
            61.19865
          ],
          [
            25.48645,
            61.19748
          ],
          [
            25.48704,
            61.19568
          ],
          [
            25.48937,
            61.19264
          ],
          [
            25.49288,
            61.19025
          ],
          [
            25.49854,
            61.18894
          ],
          [
            25.50237,
            61.18839
          ],
          [
            25.50688,
            61.18712
          ],
          [
            25.5181,
            61.18062
          ],
          [
            25.52206,
            61.17965
          ],
          [
            25.52665,
            61.17907
          ],
          [
            25.5328,
            61.17784
          ],
          [
            25.54234,
            61.17303
          ],
          [
            25.54394,
            61.17254
          ],
          [
            25.55251,
            61.17119
          ],
          [
            25.56227,
            61.17095
          ],
          [
            25.56648,
            61.1699
          ],
          [
            25.57229,
            61.16917
          ],
          [
            25.58828,
            61.16625
          ],
          [
            25.59538,
            61.16388
          ],
          [
            25.6066,
            61.16239
          ],
          [
            25.61266,
            61.16029
          ],
          [
            25.61878,
            61.15945
          ],
          [
            25.62568,
            61.15789
          ],
          [
            25.63114,
            61.15755
          ],
          [
            25.63618,
            61.1576
          ],
          [
            25.64108,
            61.15666
          ],
          [
            25.64809,
            61.15275
          ],
          [
            25.65049,
            61.14949
          ],
          [
            25.6535,
            61.14746
          ],
          [
            25.65549,
            61.14525
          ],
          [
            25.65925,
            61.14265
          ],
          [
            25.66115,
            61.14188
          ],
          [
            25.65918,
            61.13997
          ],
          [
            25.6586,
            61.13758
          ],
          [
            25.65922,
            61.13062
          ],
          [
            25.66037,
            61.12738
          ],
          [
            25.6561,
            61.12409
          ],
          [
            25.65629,
            61.12145
          ],
          [
            25.65499,
            61.11897
          ],
          [
            25.65464,
            61.11512
          ],
          [
            25.65306,
            61.11267
          ],
          [
            25.65089,
            61.11101
          ],
          [
            25.64479,
            61.1083
          ],
          [
            25.6398,
            61.10752
          ],
          [
            25.63756,
            61.10562
          ],
          [
            25.63685,
            61.09913
          ],
          [
            25.63277,
            61.0972
          ],
          [
            25.63132,
            61.09353
          ],
          [
            25.63355,
            61.0912
          ],
          [
            25.63252,
            61.08796
          ],
          [
            25.6334,
            61.08385
          ],
          [
            25.63156,
            61.08247
          ],
          [
            25.63177,
            61.08079
          ],
          [
            25.62905,
            61.07868
          ],
          [
            25.62961,
            61.07748
          ],
          [
            25.63083,
            61.07652
          ],
          [
            25.63105,
            61.07542
          ],
          [
            25.62971,
            61.07277
          ],
          [
            25.62964,
            61.0715
          ],
          [
            25.63224,
            61.07009
          ],
          [
            25.63668,
            61.06924
          ],
          [
            25.63952,
            61.06932
          ],
          [
            25.64219,
            61.069
          ],
          [
            25.64592,
            61.06967
          ],
          [
            25.64971,
            61.0697
          ],
          [
            25.65881,
            61.06794
          ],
          [
            25.66382,
            61.06558
          ],
          [
            25.66659,
            61.06139
          ],
          [
            25.66915,
            61.06031
          ],
          [
            25.66909,
            61.05671
          ],
          [
            25.66854,
            61.05603
          ],
          [
            25.6689,
            61.05423
          ],
          [
            25.6674,
            61.05301
          ],
          [
            25.6678,
            61.05191
          ],
          [
            25.66706,
            61.05077
          ],
          [
            25.66417,
            61.05087
          ],
          [
            25.66231,
            61.05057
          ],
          [
            25.66026,
            61.04949
          ],
          [
            25.65946,
            61.04957
          ],
          [
            25.65946,
            61.04924
          ],
          [
            25.65835,
            61.04881
          ],
          [
            25.65661,
            61.04863
          ],
          [
            25.65369,
            61.04718
          ],
          [
            25.65385,
            61.04611
          ],
          [
            25.65007,
            61.04416
          ],
          [
            25.6533,
            61.04163
          ],
          [
            25.64742,
            61.03789
          ],
          [
            25.6469,
            61.03592
          ],
          [
            25.64526,
            61.03414
          ],
          [
            25.64468,
            61.03264
          ],
          [
            25.64695,
            61.03059
          ],
          [
            25.64995,
            61.02917
          ],
          [
            25.65164,
            61.02712
          ],
          [
            25.65669,
            61.02378
          ],
          [
            25.65822,
            61.02197
          ],
          [
            25.66143,
            61.02056
          ],
          [
            25.65667,
            61.02005
          ],
          [
            25.65233,
            61.02117
          ],
          [
            25.64881,
            61.02132
          ],
          [
            25.64767,
            61.02087
          ],
          [
            25.64803,
            61.02019
          ],
          [
            25.6475,
            61.01812
          ],
          [
            25.64815,
            61.01671
          ],
          [
            25.64476,
            61.01502
          ],
          [
            25.64628,
            61.01389
          ],
          [
            25.64673,
            61.01248
          ],
          [
            25.65141,
            61.01099
          ],
          [
            25.65312,
            61.00904
          ],
          [
            25.65275,
            61.00642
          ],
          [
            25.64946,
            61.00353
          ],
          [
            25.65056,
            61.00205
          ],
          [
            25.64915,
            61.00195
          ],
          [
            25.64803,
            61.00141
          ],
          [
            25.64765,
            61.00056
          ],
          [
            25.6479,
            61.00005
          ],
          [
            25.65018,
            60.99889
          ],
          [
            25.64994,
            60.99729
          ],
          [
            25.65169,
            60.99587
          ],
          [
            25.64825,
            60.99428
          ],
          [
            25.64862,
            60.99376
          ],
          [
            25.64625,
            60.9929
          ],
          [
            25.63743,
            60.98337
          ],
          [
            25.64006,
            60.98262
          ],
          [
            25.64792,
            60.98391
          ],
          [
            25.6495,
            60.98316
          ],
          [
            25.6511,
            60.98352
          ],
          [
            25.66107,
            60.98259
          ],
          [
            25.66002,
            60.97982
          ],
          [
            25.65836,
            60.978
          ],
          [
            25.65862,
            60.97667
          ],
          [
            25.65815,
            60.97549
          ],
          [
            25.65879,
            60.97542
          ],
          [
            25.65638,
            60.96759
          ],
          [
            25.65769,
            60.9659
          ],
          [
            25.66093,
            60.96553
          ],
          [
            25.65945,
            60.96416
          ],
          [
            25.65997,
            60.96392
          ],
          [
            25.65888,
            60.962
          ],
          [
            25.65884,
            60.9584
          ],
          [
            25.65461,
            60.95856
          ],
          [
            25.65344,
            60.95817
          ],
          [
            25.64913,
            60.95283
          ],
          [
            25.64746,
            60.94998
          ],
          [
            25.64662,
            60.94593
          ],
          [
            25.64743,
            60.945
          ],
          [
            25.6431,
            60.94147
          ],
          [
            25.64256,
            60.93985
          ],
          [
            25.64508,
            60.93555
          ],
          [
            25.65089,
            60.93182
          ],
          [
            25.65554,
            60.93089
          ],
          [
            25.66119,
            60.93158
          ],
          [
            25.66351,
            60.93157
          ],
          [
            25.66948,
            60.93092
          ],
          [
            25.67203,
            60.93028
          ],
          [
            25.67483,
            60.92875
          ],
          [
            25.67712,
            60.92674
          ],
          [
            25.68207,
            60.92505
          ],
          [
            25.68357,
            60.92315
          ],
          [
            25.68371,
            60.921
          ],
          [
            25.68734,
            60.9188
          ],
          [
            25.68815,
            60.91537
          ],
          [
            25.68688,
            60.91327
          ],
          [
            25.68839,
            60.90983
          ],
          [
            25.69094,
            60.90761
          ],
          [
            25.6946,
            60.90547
          ],
          [
            25.69723,
            60.90254
          ],
          [
            25.69793,
            60.89835
          ],
          [
            25.70186,
            60.89588
          ],
          [
            25.7032,
            60.89453
          ],
          [
            25.70302,
            60.89156
          ],
          [
            25.69834,
            60.88715
          ],
          [
            25.69704,
            60.88635
          ],
          [
            25.69479,
            60.88562
          ],
          [
            25.69164,
            60.88521
          ],
          [
            25.69275,
            60.88198
          ],
          [
            25.69522,
            60.87796
          ],
          [
            25.70651,
            60.86784
          ],
          [
            25.71069,
            60.86145
          ],
          [
            25.71174,
            60.85822
          ],
          [
            25.7122,
            60.85362
          ],
          [
            25.71324,
            60.85294
          ],
          [
            25.71575,
            60.84774
          ],
          [
            25.71464,
            60.84101
          ],
          [
            25.7151,
            60.839
          ],
          [
            25.72064,
            60.83159
          ],
          [
            25.72778,
            60.82561
          ],
          [
            25.72987,
            60.82133
          ],
          [
            25.73059,
            60.81854
          ],
          [
            25.72963,
            60.81061
          ],
          [
            25.72258,
            60.81038
          ],
          [
            25.71496,
            60.80967
          ],
          [
            25.70202,
            60.80967
          ],
          [
            25.69387,
            60.81013
          ],
          [
            25.68832,
            60.8096
          ],
          [
            25.68419,
            60.8104
          ],
          [
            25.67869,
            60.81036
          ],
          [
            25.67102,
            60.8119
          ],
          [
            25.66106,
            60.81233
          ],
          [
            25.6544,
            60.81382
          ],
          [
            25.64216,
            60.81435
          ],
          [
            25.63825,
            60.81502
          ],
          [
            25.63718,
            60.81411
          ],
          [
            25.63322,
            60.81334
          ],
          [
            25.62165,
            60.81313
          ],
          [
            25.61908,
            60.81222
          ],
          [
            25.61491,
            60.80922
          ],
          [
            25.60994,
            60.80886
          ],
          [
            25.60866,
            60.80784
          ],
          [
            25.60078,
            60.80548
          ],
          [
            25.59426,
            60.80424
          ],
          [
            25.58722,
            60.80205
          ],
          [
            25.58487,
            60.80204
          ],
          [
            25.58313,
            60.80095
          ],
          [
            25.57895,
            60.79992
          ],
          [
            25.57447,
            60.79576
          ],
          [
            25.56932,
            60.79298
          ],
          [
            25.56779,
            60.79123
          ],
          [
            25.56525,
            60.79062
          ],
          [
            25.55859,
            60.79113
          ],
          [
            25.54141,
            60.79463
          ],
          [
            25.53834,
            60.79462
          ],
          [
            25.53406,
            60.79508
          ],
          [
            25.53275,
            60.79558
          ],
          [
            25.53131,
            60.79693
          ],
          [
            25.52718,
            60.79785
          ],
          [
            25.52482,
            60.79991
          ],
          [
            25.51835,
            60.80149
          ],
          [
            25.51482,
            60.8015
          ],
          [
            25.51102,
            60.80262
          ],
          [
            25.50937,
            60.80261
          ],
          [
            25.50736,
            60.80218
          ],
          [
            25.50341,
            60.80045
          ],
          [
            25.50015,
            60.79945
          ],
          [
            25.49819,
            60.79929
          ],
          [
            25.49458,
            60.79958
          ],
          [
            25.49173,
            60.79923
          ],
          [
            25.48932,
            60.79948
          ],
          [
            25.48718,
            60.80057
          ],
          [
            25.48515,
            60.80107
          ],
          [
            25.48358,
            60.80236
          ],
          [
            25.48284,
            60.80397
          ],
          [
            25.48143,
            60.80435
          ],
          [
            25.4775,
            60.80461
          ],
          [
            25.46893,
            60.79596
          ],
          [
            25.44659,
            60.76593
          ],
          [
            25.4325,
            60.75298
          ],
          [
            25.43183,
            60.75174
          ],
          [
            25.43205,
            60.74751
          ],
          [
            25.42794,
            60.74095
          ],
          [
            25.42777,
            60.73808
          ],
          [
            25.42709,
            60.73683
          ],
          [
            25.41845,
            60.72899
          ],
          [
            25.41657,
            60.72673
          ],
          [
            25.41519,
            60.724
          ],
          [
            25.41351,
            60.72308
          ],
          [
            25.40892,
            60.72163
          ],
          [
            25.40139,
            60.71642
          ],
          [
            25.39348,
            60.70528
          ],
          [
            25.38515,
            60.69676
          ],
          [
            25.38376,
            60.69715
          ],
          [
            25.38175,
            60.69521
          ],
          [
            25.37899,
            60.69599
          ],
          [
            25.37609,
            60.69572
          ],
          [
            25.37379,
            60.6959
          ],
          [
            25.37079,
            60.69533
          ],
          [
            25.36923,
            60.69437
          ],
          [
            25.36547,
            60.69347
          ],
          [
            25.36132,
            60.69334
          ],
          [
            25.35764,
            60.69389
          ],
          [
            25.35554,
            60.69547
          ],
          [
            25.35448,
            60.69577
          ],
          [
            25.34354,
            60.69726
          ],
          [
            25.34008,
            60.69643
          ],
          [
            25.33767,
            60.69637
          ],
          [
            25.33557,
            60.69708
          ],
          [
            25.33224,
            60.69737
          ],
          [
            25.32825,
            60.69954
          ],
          [
            25.32556,
            60.70038
          ],
          [
            25.31362,
            60.70247
          ],
          [
            25.30928,
            60.70252
          ],
          [
            25.30749,
            60.70213
          ],
          [
            25.30556,
            60.70071
          ],
          [
            25.29948,
            60.69465
          ],
          [
            25.2893,
            60.69307
          ],
          [
            25.28614,
            60.69304
          ],
          [
            25.27799,
            60.68938
          ],
          [
            25.27547,
            60.68896
          ],
          [
            25.27054,
            60.68938
          ],
          [
            25.26551,
            60.68758
          ],
          [
            25.26402,
            60.6844
          ],
          [
            25.26164,
            60.68278
          ],
          [
            25.26579,
            60.68141
          ],
          [
            25.26681,
            60.67972
          ],
          [
            25.27033,
            60.67721
          ],
          [
            25.2757,
            60.67482
          ],
          [
            25.28007,
            60.6651
          ],
          [
            25.28345,
            60.66313
          ],
          [
            25.28409,
            60.66085
          ],
          [
            25.28652,
            60.65912
          ],
          [
            25.28761,
            60.65758
          ],
          [
            25.29104,
            60.65615
          ],
          [
            25.29267,
            60.65463
          ],
          [
            25.29594,
            60.65343
          ],
          [
            25.29742,
            60.65117
          ],
          [
            25.3006,
            60.65
          ],
          [
            25.30054,
            60.64961
          ],
          [
            25.30385,
            60.64829
          ],
          [
            25.30616,
            60.64569
          ],
          [
            25.30708,
            60.64264
          ],
          [
            25.30671,
            60.64162
          ],
          [
            25.30909,
            60.63766
          ],
          [
            25.31357,
            60.634
          ],
          [
            25.30786,
            60.63007
          ],
          [
            25.29968,
            60.62694
          ],
          [
            25.3,
            60.62671
          ],
          [
            25.28375,
            60.62079
          ],
          [
            25.27893,
            60.61854
          ],
          [
            25.27624,
            60.61686
          ],
          [
            25.26013,
            60.60243
          ],
          [
            25.23978,
            60.58888
          ],
          [
            25.22856,
            60.58033
          ],
          [
            25.21155,
            60.56362
          ],
          [
            25.19295,
            60.54726
          ],
          [
            25.16106,
            60.51176
          ],
          [
            25.15277,
            60.49582
          ],
          [
            25.14453,
            60.48439
          ],
          [
            25.14195,
            60.47196
          ],
          [
            25.14156,
            60.47196
          ],
          [
            25.14107,
            60.47044
          ],
          [
            25.13278,
            60.46925
          ],
          [
            25.1224,
            60.46523
          ],
          [
            25.11372,
            60.4652
          ],
          [
            25.10433,
            60.46468
          ],
          [
            25.09733,
            60.46477
          ],
          [
            25.08704,
            60.46278
          ],
          [
            25.08603,
            60.46292
          ],
          [
            25.08553,
            60.46012
          ],
          [
            25.08346,
            60.45678
          ],
          [
            25.08236,
            60.45592
          ],
          [
            25.08229,
            60.45431
          ],
          [
            25.07821,
            60.44928
          ],
          [
            25.07711,
            60.44472
          ],
          [
            25.06917,
            60.43828
          ],
          [
            25.06569,
            60.436
          ],
          [
            25.05812,
            60.43215
          ],
          [
            25.05469,
            60.42952
          ],
          [
            25.05315,
            60.42472
          ],
          [
            25.05223,
            60.41708
          ],
          [
            25.05104,
            60.41541
          ],
          [
            25.04976,
            60.41488
          ],
          [
            25.05084,
            60.41443
          ],
          [
            25.04791,
            60.41246
          ],
          [
            25.04144,
            60.40992
          ],
          [
            25.03932,
            60.40872
          ],
          [
            25.03315,
            60.40269
          ],
          [
            25.0319,
            60.40249
          ],
          [
            25.02846,
            60.40098
          ],
          [
            25.02531,
            60.40029
          ],
          [
            25.02275,
            60.39823
          ],
          [
            25.02181,
            60.39491
          ],
          [
            25.02511,
            60.38878
          ],
          [
            25.0259,
            60.38267
          ],
          [
            25.02376,
            60.37917
          ],
          [
            25.02056,
            60.37603
          ],
          [
            25.01862,
            60.37309
          ],
          [
            25.01119,
            60.36752
          ],
          [
            25.00897,
            60.36511
          ],
          [
            25.01213,
            60.36163
          ],
          [
            25.01274,
            60.35973
          ],
          [
            25.00587,
            60.34888
          ],
          [
            25.00276,
            60.3456
          ],
          [
            25.00424,
            60.33957
          ],
          [
            25.00429,
            60.33647
          ],
          [
            25.0036,
            60.3312
          ],
          [
            25.00121,
            60.3263
          ],
          [
            25.00126,
            60.32134
          ],
          [
            24.99899,
            60.31424
          ],
          [
            24.99909,
            60.30905
          ],
          [
            25.00013,
            60.30759
          ],
          [
            24.99988,
            60.30686
          ],
          [
            24.99618,
            60.30561
          ],
          [
            24.99415,
            60.30424
          ],
          [
            24.99022,
            60.3002
          ],
          [
            24.99046,
            60.29973
          ],
          [
            24.98671,
            60.29702
          ],
          [
            24.98415,
            60.29391
          ],
          [
            24.98261,
            60.29067
          ],
          [
            24.98449,
            60.28809
          ],
          [
            24.9842,
            60.28694
          ],
          [
            24.98294,
            60.28601
          ],
          [
            24.984,
            60.28279
          ],
          [
            24.98063,
            60.27922
          ],
          [
            24.97819,
            60.27754
          ],
          [
            24.97463,
            60.2696
          ],
          [
            24.97489,
            60.26769
          ],
          [
            24.97351,
            60.26683
          ],
          [
            24.97302,
            60.26525
          ],
          [
            24.97117,
            60.26367
          ],
          [
            24.97323,
            60.26192
          ],
          [
            24.97473,
            60.25975
          ],
          [
            24.97612,
            60.25649
          ],
          [
            24.97571,
            60.25596
          ],
          [
            24.97664,
            60.25564
          ],
          [
            24.97776,
            60.25297
          ],
          [
            24.97667,
            60.25136
          ],
          [
            24.97459,
            60.25012
          ],
          [
            24.97237,
            60.24752
          ],
          [
            24.97233,
            60.24394
          ],
          [
            24.97107,
            60.24284
          ],
          [
            24.97105,
            60.2422
          ],
          [
            24.97164,
            60.24145
          ],
          [
            24.97385,
            60.24017
          ],
          [
            24.9769,
            60.23926
          ],
          [
            24.97729,
            60.23846
          ],
          [
            24.9795,
            60.23821
          ],
          [
            24.98159,
            60.23845
          ],
          [
            24.98466,
            60.23711
          ],
          [
            24.98108,
            60.23556
          ],
          [
            24.9612,
            60.22523
          ],
          [
            24.95635,
            60.22333
          ],
          [
            24.95556,
            60.22263
          ],
          [
            24.94891,
            60.2208
          ],
          [
            24.94411,
            60.21891
          ],
          [
            24.94044,
            60.21671
          ],
          [
            24.9372,
            60.21361
          ],
          [
            24.93436,
            60.20817
          ],
          [
            24.93316,
            60.20679
          ],
          [
            24.93249,
            60.20391
          ],
          [
            24.93482,
            60.19668
          ],
          [
            24.93401,
            60.19266
          ],
          [
            24.93487,
            60.19097
          ],
          [
            24.93542,
            60.18909
          ],
          [
            24.93721,
            60.18521
          ],
          [
            24.93723,
            60.18518
          ],
          [
            24.93776,
            60.18534
          ],
          [
            24.93775,
            60.1854
          ],
          [
            24.93243,
            60.18462
          ],
          [
            24.93151,
            60.18309
          ],
          [
            24.93055,
            60.18264
          ],
          [
            24.93121,
            60.18148
          ],
          [
            24.93079,
            60.17856
          ],
          [
            24.93157,
            60.17754
          ],
          [
            24.93096,
            60.17615
          ],
          [
            24.93468,
            60.17243
          ],
          [
            24.93114,
            60.1709
          ]
        ]
      }
    },
    {
      "type": "Feature",
      "properties": {
        "id": "jump-ramp",
        "themes": [
          "mtb"
        ]
      },
      "geometry": {
        "type": "LineString",
        "coordinates": [
          [
            25.787326,
            66.502108
          ],
          [
            25.787196,
            66.502659
          ],
          [
            25.788383,
            66.502939
          ],
          [
            25.791677,
            66.50325
          ],
          [
            25.795693,
            66.504252
          ],
          [
            25.800638,
            66.504708
          ],
          [
            25.788815,
            66.507103
          ]
        ]
      }
    },
    {
      "type": "Feature",
      "properties": {
        "id": "ounasvaara-trail-center-loimu",
        "themes": [
          "mtb"
        ]
      },
      "geometry": {
        "type": "LineString",
        "coordinates": [
          [
            25.787303,
            66.50211
          ],
          [
            25.784661,
            66.502722
          ],
          [
            25.779893,
            66.503101
          ],
          [
            25.780054,
            66.503828
          ],
          [
            25.778541,
            66.504415
          ],
          [
            25.779649,
            66.504568
          ],
          [
            25.771155,
            66.505915
          ],
          [
            25.779246,
            66.506143
          ],
          [
            25.777732,
            66.506466
          ],
          [
            25.778915,
            66.506514
          ],
          [
            25.777244,
            66.506706
          ],
          [
            25.780257,
            66.506683
          ],
          [
            25.780601,
            66.507106
          ]
        ]
      }
    },
    {
      "type": "Feature",
      "properties": {
        "id": "ounasvaara-trail-center-mini-trail-park",
        "themes": [
          "mtb"
        ]
      },
      "geometry": {
        "type": "MultiLineString",
        "coordinates": [
          [
            [
              25.791108,
              66.508069
            ],
            [
              25.792565,
              66.507682
            ]
          ],
          [
            [
              25.791097,
              66.508069
            ],
            [
              25.790511,
              66.508152
            ],
            [
              25.791101,
              66.508069
            ]
          ],
          [
            [
              25.792562,
              66.507683
            ],
            [
              25.791108,
              66.508069
            ]
          ],
          [
            [
              25.792435,
              66.50781
            ],
            [
              25.791149,
              66.508115
            ]
          ],
          [
            [
              25.792524,
              66.507654
            ],
            [
              25.792091,
              66.507928
            ]
          ],
          [
            [
              25.791101,
              66.508069
            ],
            [
              25.792562,
              66.507681
            ]
          ]
        ]
      }
    },
    {
      "type": "Feature",
      "properties": {
        "id": "ounasvaara-trail-center-torma",
        "themes": [
          "mtb"
        ]
      },
      "geometry": {
        "type": "LineString",
        "coordinates": [
          [
            25.779731,
            66.504124
          ],
          [
            25.781518,
            66.504636
          ],
          [
            25.7812,
            66.504903
          ],
          [
            25.782105,
            66.505073
          ],
          [
            25.781776,
            66.505571
          ],
          [
            25.782974,
            66.505643
          ],
          [
            25.78244,
            66.506179
          ],
          [
            25.783356,
            66.506333
          ],
          [
            25.783706,
            66.506876
          ]
        ]
      }
    },
    {
      "type": "Feature",
      "properties": {
        "id": "rollo-mtb-maastopyorailyreitti",
        "themes": [
          "mtb"
        ]
      },
      "geometry": {
        "type": "MultiLineString",
        "coordinates": [
          [
            [
              25.769101,
              66.498528
            ],
            [
              25.768401,
              66.498457
            ]
          ],
          [
            [
              25.768401,
              66.498457
            ],
            [
              25.765963,
              66.49914
            ],
            [
              25.761585,
              66.499256
            ],
            [
              25.763371,
              66.500127
            ],
            [
              25.760768,
              66.500664
            ],
            [
              25.759591,
              66.501879
            ],
            [
              25.757794,
              66.502716
            ],
            [
              25.755953,
              66.502659
            ],
            [
              25.755173,
              66.503527
            ],
            [
              25.751591,
              66.502466
            ],
            [
              25.752615,
              66.501608
            ],
            [
              25.756106,
              66.500905
            ],
            [
              25.75685,
              66.500023
            ],
            [
              25.758804,
              66.499618
            ],
            [
              25.758819,
              66.499096
            ],
            [
              25.757228,
              66.499135
            ],
            [
              25.756833,
              66.499826
            ],
            [
              25.752615,
              66.501485
            ],
            [
              25.751111,
              66.501686
            ],
            [
              25.751854,
              66.503883
            ],
            [
              25.756581,
              66.505316
            ],
            [
              25.760254,
              66.507352
            ],
            [
              25.760814,
              66.507397
            ],
            [
              25.759638,
              66.506585
            ],
            [
              25.75953,
              66.505779
            ],
            [
              25.760396,
              66.505527
            ],
            [
              25.763651,
              66.506013
            ],
            [
              25.763143,
              66.505679
            ],
            [
              25.763969,
              66.505091
            ],
            [
              25.767868,
              66.505758
            ],
            [
              25.772795,
              66.505379
            ],
            [
              25.778062,
              66.505786
            ],
            [
              25.778304,
              66.505973
            ],
            [
              25.777072,
              66.506023
            ],
            [
              25.77802,
              66.506181
            ],
            [
              25.77769,
              66.506519
            ],
            [
              25.776101,
              66.5069
            ],
            [
              25.777871,
              66.5071
            ],
            [
              25.779936,
              66.506836
            ],
            [
              25.782073,
              66.50797
            ],
            [
              25.789542,
              66.507821
            ],
            [
              25.79162,
              66.507589
            ],
            [
              25.792748,
              66.507129
            ],
            [
              25.796536,
              66.506776
            ],
            [
              25.798935,
              66.506848
            ],
            [
              25.801868,
              66.506322
            ],
            [
              25.803306,
              66.506524
            ],
            [
              25.804574,
              66.507233
            ],
            [
              25.802591,
              66.508178
            ],
            [
              25.802208,
              66.508916
            ],
            [
              25.80727,
              66.508786
            ],
            [
              25.807795,
              66.507953
            ],
            [
              25.808721,
              66.507632
            ],
            [
              25.81612,
              66.507304
            ],
            [
              25.816867,
              66.505933
            ],
            [
              25.820049,
              66.504715
            ],
            [
              25.822934,
              66.504696
            ],
            [
              25.827314,
              66.50407
            ],
            [
              25.830495,
              66.502442
            ],
            [
              25.833265,
              66.501778
            ],
            [
              25.83634,
              66.501521
            ],
            [
              25.839934,
              66.499935
            ],
            [
              25.842088,
              66.499452
            ],
            [
              25.843881,
              66.4983
            ],
            [
              25.850948,
              66.491287
            ],
            [
              25.853157,
              66.49005
            ],
            [
              25.854641,
              66.488574
            ],
            [
              25.85444,
              66.487978
            ],
            [
              25.850525,
              66.488645
            ],
            [
              25.845648,
              66.489974
            ],
            [
              25.843259,
              66.491497
            ],
            [
              25.838771,
              66.492477
            ],
            [
              25.832227,
              66.491793
            ],
            [
              25.829057,
              66.491884
            ],
            [
              25.830063,
              66.491387
            ],
            [
              25.829824,
              66.490874
            ],
            [
              25.827367,
              66.490778
            ],
            [
              25.823427,
              66.491617
            ],
            [
              25.816437,
              66.49394
            ],
            [
              25.808822,
              66.494521
            ],
            [
              25.804581,
              66.495448
            ],
            [
              25.799513,
              66.495859
            ],
            [
              25.799352,
              66.496119
            ],
            [
              25.798078,
              66.496141
            ],
            [
              25.796255,
              66.495301
            ],
            [
              25.793842,
              66.495565
            ],
            [
              25.791228,
              66.495279
            ],
            [
              25.788535,
              66.49539
            ],
            [
              25.788532,
              66.496696
            ],
            [
              25.784247,
              66.497321
            ],
            [
              25.784277,
              66.497951
            ],
            [
              25.785954,
              66.498797
            ],
            [
              25.788544,
              66.499075
            ],
            [
              25.806196,
              66.495681
            ],
            [
              25.808186,
              66.495002
            ],
            [
              25.813539,
              66.49516
            ],
            [
              25.817937,
              66.494718
            ],
            [
              25.81877,
              66.493974
            ],
            [
              25.820826,
              66.4932
            ],
            [
              25.827082,
              66.492075
            ],
            [
              25.828388,
              66.492089
            ],
            [
              25.818982,
              66.49445
            ],
            [
              25.817108,
              66.495959
            ],
            [
              25.814197,
              66.496953
            ],
            [
              25.810206,
              66.500869
            ],
            [
              25.805765,
              66.502044
            ],
            [
              25.804576,
              66.501878
            ],
            [
              25.804098,
              66.500381
            ],
            [
              25.807751,
              66.498944
            ],
            [
              25.809798,
              66.499379
            ],
            [
              25.81088,
              66.499156
            ],
            [
              25.810796,
              66.498114
            ],
            [
              25.808914,
              66.498236
            ],
            [
              25.808634,
              66.497559
            ],
            [
              25.80792,
              66.497564
            ],
            [
              25.805109,
              66.498796
            ],
            [
              25.803177,
              66.500578
            ],
            [
              25.799853,
              66.500449
            ],
            [
              25.791928,
              66.502067
            ],
            [
              25.789284,
              66.50301
            ],
            [
              25.787799,
              66.50289
            ],
            [
              25.782994,
              66.503761
            ],
            [
              25.780172,
              66.503786
            ],
            [
              25.779668,
              66.50412
            ],
            [
              25.776689,
              66.504289
            ],
            [
              25.776571,
              66.503853
            ],
            [
              25.779934,
              66.503054
            ],
            [
              25.778536,
              66.502154
            ],
            [
              25.77956,
              66.501584
            ],
            [
              25.777385,
              66.500208
            ],
            [
              25.783598,
              66.498969
            ],
            [
              25.78366,
              66.498662
            ],
            [
              25.781689,
              66.498801
            ],
            [
              25.780481,
              66.498434
            ],
            [
              25.779052,
              66.498603
            ],
            [
              25.774144,
              66.498374
            ],
            [
              25.769101,
              66.498528
            ]
          ]
        ]
      }
    },
    {
      "type": "Feature",
      "properties": {
        "id": "santa-s-trail",
        "themes": [
          "mtb"
        ]
      },
      "geometry": {
        "type": "MultiLineString",
        "coordinates": [
          [
            [
              25.844252,
              66.542411
            ],
            [
              25.843784,
              66.539853
            ],
            [
              25.845071,
              66.539609
            ],
            [
              25.849455,
              66.539734
            ],
            [
              25.852117,
              66.538825
            ],
            [
              25.844028,
              66.5372
            ],
            [
              25.841203,
              66.537044
            ],
            [
              25.840335,
              66.536579
            ],
            [
              25.838694,
              66.536702
            ],
            [
              25.838239,
              66.535069
            ],
            [
              25.839257,
              66.533785
            ],
            [
              25.83849,
              66.533456
            ],
            [
              25.838354,
              66.532563
            ],
            [
              25.829539,
              66.52525
            ],
            [
              25.828154,
              66.524934
            ],
            [
              25.823989,
              66.524807
            ],
            [
              25.823431,
              66.525653
            ]
          ],
          [
            [
              25.851859,
              66.53866
            ],
            [
              25.855781,
              66.538158
            ]
          ],
          [
            [
              25.855785,
              66.538145
            ],
            [
              25.851927,
              66.538625
            ]
          ],
          [
            [
              25.855871,
              66.538135
            ],
            [
              25.855947,
              66.537412
            ],
            [
              25.852806,
              66.537603
            ],
            [
              25.848284,
              66.53657
            ],
            [
              25.846431,
              66.53671
            ],
            [
              25.845372,
              66.537257
            ],
            [
              25.844062,
              66.53719
            ]
          ]
        ]
      }
    },
    {
      "type": "Feature",
      "properties": {
        "id": "swiftness",
        "themes": [
          "mtb"
        ]
      },
      "geometry": {
        "type": "LineString",
        "coordinates": [
          [
            25.779213,
            66.504676
          ],
          [
            25.778507,
            66.504862
          ],
          [
            25.779553,
            66.504911
          ],
          [
            25.779143,
            66.505059
          ],
          [
            25.775908,
            66.50552
          ],
          [
            25.779446,
            66.505824
          ],
          [
            25.778436,
            66.506053
          ],
          [
            25.780051,
            66.506162
          ],
          [
            25.778788,
            66.506406
          ],
          [
            25.780318,
            66.5064
          ],
          [
            25.778373,
            66.506813
          ]
        ]
      }
    }
  ]
}
