{
  "type": "FeatureCollection",
  "features": [
    {
      "type": "Feature",
      "properties": {
        "id": "vf:00588b7d-e027-4ade-b090-442a2d9fa67a",
        "name": {
          "en": "NortsaV Chalets on top of Ounasvaara"
        },
        "category": "accommodation",
        "source": "visitfinland",
        "url": "https://www.nortsav.fi/accommodation/",
        "opening_hours": "ma–su 08–00",
        "description": {
          "en": "Our Chalets are located in Rovaniemi, on top of the Ounasvaara fell, at the arctic Circle 2,5 km from Rovaniemi city center.\nSuitable for 6 + 2 persons.\nModern, 2-bedroom chalets and open balcony are surrounded by the authentic Lappish nature and wilderness. Direct access to nature trails and ski trail networks, downhill ski slopes, near by golf centre and sports & wellness facilities of Santasport.\nCottage features one bedroom on ground floor, one bedroom on upper floor, upper floor balcony wit"
        },
        "fetched_at": "2026-09-14T17:13:22Z"
      },
      "geometry": {
        "type": "Point",
        "coordinates": [
          25.78476,
          66.501015
        ]
      }
    },
    {
      "type": "Feature",
      "properties": {
        "id": "vf:00e678ea-d3f9-4ee7-8f30-69e54394c2cc",
        "name": {
          "en": "Christmas House Restaurant and Coffee Bar"
        },
        "category": "restaurant",
        "source": "visitfinland",
        "url": "https://www.santaclausholidayvillage.fi/en/restaurants/christmas-house-restaurant-and-coffee-bar/",
        "opening_hours": "ma–su 07–21",
        "description": {
          "en": "Christmas House Restaurant & Coffee Bar is a popular lunch restaurant and a pleasant cafeteria and evening venue for the whole family.\n\nIndulge in the warmth of winter with our delightful breakfast offerings, a hearty buffet brimming with homemade goodness, and a selection of cafe treats. As the seasons change, our doors transform into a summer cafeteria, ensuring a welcoming space year-round.\n\nLocated in the heart of Santa Claus Village in Rovaniemi, Christmas House stands as one of the town's "
        },
        "fetched_at": "2026-09-14T17:13:22Z"
      },
      "geometry": {
        "type": "Point",
        "coordinates": [
          25.84489,
          66.543033
        ]
      }
    },
    {
      "type": "Feature",
      "properties": {
        "id": "vf:019d0a79-2607-44f8-87c0-f647a08589bc",
        "name": {
          "en": "Santa's Foodmarket",
          "fi": "Santa's Foodmarket"
        },
        "category": "shop",
        "source": "visitfinland",
        "url": "https://www.santaclausholidayvillage.fi/destination/shop",
        "opening_hours": "ma–su 09–21",
        "description": {
          "en": "In our grocery store, you will always find fresh local delicacies as well as a wide range of everyday essentials. Our shelves are stocked with fresh fruits, vegetables, baked goods, snacks, and refreshing juices, soft drinks, and other beverages. We also offer high-quality local products and a selection of hygiene items for your journey. Welcome to shop with us every day of the year in Rovaniemi!",
          "fi": "Myymälästämme Rovaniemeltä löydät aina tuoreet paikalliset herkut sekä monipuolisen valikoiman arjen tarpeisiin. Hyllyiltä löytyy tuoreita hedelmiä, vihanneksia, leivonnaisia, välipaloja sekä virkistäviä mehuja, virvoitusjuomia ja muita juomia. Tarjoamme myös laadukkaita paikallisia tuotteita sekä valikoiman hygieniatuotteita matkasi varrelle. Tervetuloa ostoksille jokaisena päivänä ympäri vuoden!"
        },
        "fetched_at": "2026-09-14T17:13:22Z"
      },
      "geometry": {
        "type": "Point",
        "coordinates": [
          25.841399,
          66.542879
        ]
      }
    },
    {
      "type": "Feature",
      "properties": {
        "id": "vf:046eef0b-e921-4163-8b8d-844e0d40e869",
        "name": {
          "en": "Mainoa CRAFT & DESIGN",
          "fi": "Mainoa CRAFT & DESIGN"
        },
        "category": "shop",
        "source": "visitfinland",
        "url": "https://mainoadesign.com/en/mainoa-craft-design/",
        "opening_hours": "ma–pe 10–18; la 11–16",
        "description": {
          "en": "Mainoa CRAFT & DESIGN is a Finnish design and arts and crafts store in the center of Rovaniemi, in the Rinteenkulma shopping center. In our selection you will find truly Finnish products – designed and manufactured in Finland – that combine modern Scandinavian design with traditional craftsmanship and high-quality materials. Many of the products in our selection are inspired by northern nature and culture.\n\nLocality and domesticity have been the basic idea since the beginning. All products in ou",
          "fi": "Mainoa CRAFT & DESIGN on kotimaisen designin ja taidekäsityön myymälä Rovaniemen keskustassa kauppakeskus Rinteenkulmassa. Valikoimastamme löydät aidosti kotimaisia – Suomessa suunniteltuja ja valmistettuja – tuotteita, joissa moderni skandinaavinen suunnittelu yhdistyy perinteisiin käsityötaitoihin ja laadukkaisiin materiaaleihin. Monet valikoimamme tuotteista ovat saaneet inspiraationsa pohjoisesta luonnosta ja kulttuurista.\n\nPaikallisuus ja kotimaisuus ovat alusta lähtien olleet toimintamme p"
        },
        "fetched_at": "2026-09-14T17:13:22Z"
      },
      "geometry": {
        "type": "Point",
        "coordinates": [
          25.726054,
          66.502983
        ]
      }
    },
    {
      "type": "Feature",
      "properties": {
        "id": "vf:0716e4d4-481d-4814-8238-752647dfa882",
        "name": {
          "en": "Santa's Luxury Boutique Villa / Apartments",
          "fi": "Santa's Luxury Boutique Villa / Apartments"
        },
        "category": "accommodation",
        "source": "visitfinland",
        "url": "https://santasluxury.com/pages/villa",
        "description": {
          "en": "Experience seamless luxury and refined exclusivity at the heart of Santa Claus Village in Rovaniemi. Santa’s Luxury Boutique Villa / Apartments blends modern comfort with a warm, bespoke ambience, crafted to your wishes. The spacious apartments and private villa provide the perfect setting for families or groups to relax together and create memories that last forever. Located in a peaceful spot just a few steps from Santa Claus himself, it offers a unique combination of privacy and prime locatio",
          "fi": "Hienostunutta ylellisyyttä ja ikimuistoisia elämyksiä aivan Joulupukin Pajakylän sydämessä Rovaniemellä. Santa’s Luxury Boutique Villa / Apartments yhdistää modernin mukavuuden ja lämpimän, täysin toiveidesi mukaan räätälöidyn tunnelman. Tilavat huoneistot ja yksityinen huvila tarjoavat täydellisen ympäristön perheille ja ryhmille rentoutua yhdessä tyylikkäästi. Rauhallisella paikalla, vain askeleen päässä Joulupukista, yhdistyvät ainutlaatuisella tavalla yksityisyys ja paras mahdollinen sijaint"
        },
        "fetched_at": "2026-09-14T17:13:22Z"
      },
      "geometry": {
        "type": "Point",
        "coordinates": [
          25.850697,
          66.544292
        ]
      }
    },
    {
      "type": "Feature",
      "properties": {
        "id": "vf:09e3567e-2c8a-4358-99c7-a31362c21e8d",
        "name": {
          "en": "Katijuu Arctic Leather & Fur Atelier-Shop",
          "fi": "Katijuu Arctic Leather & Fur Ateljee-Shop"
        },
        "category": "shop",
        "source": "visitfinland",
        "url": "https://www.katijuu.fi/",
        "opening_hours": "ma 11–17; ti–to 10–17; pe 10–16",
        "description": {
          "en": "Tuotekuvaus\nKatijuu Arctic Leather & Fur Atelier-Shop is full of the most unique pieces of furhats, reindeerleather mittens and other warming pieces of clothing. These products are made locally at  Katijuu atelier. You are warmly welcome to find your own piece of arctic design \n\nNew Katijuu Shop-Atelier is opening 1.6.2026 at Kansankatu 12, center of Rovaniemi. Shop collection also includes few other designer´s and producers products like posters, cards, jewelry, childrens´cloths and nature prod",
          "fi": "Ylellisen poronnahan ja aidon turkiksen yhdistelmästä syntyvät käsityönä lämpimät Katijuu- lakit, käsineet ja liivit. Asusteiden värimaailma ja muotokieli ovat saaneet inspiraationsa lapin luonnosta ja ne eroavat edukseen omalla rasavillillä designillaan.  \nUniikit Katijuu- mallistot lämmittävät niin naisia, miehiä kuin lapsiakin. Ne ovat kestävä valinta itselle tai lahjaksi. \n\nNämä tuotteet valmistetaan paikallisessa Katijuu ateljeessa. Olet lämpimästi tervetullut tutustumaan ja löytämään oman "
        },
        "fetched_at": "2026-09-14T17:13:22Z"
      },
      "geometry": {
        "type": "Point",
        "coordinates": [
          25.47447,
          65.009324
        ]
      }
    },
    {
      "type": "Feature",
      "properties": {
        "id": "vf:0b433b4d-bced-4697-b7be-0fa23debb294",
        "name": {
          "en": "Lapland Winter Park Chalets"
        },
        "category": "accommodation",
        "source": "visitfinland",
        "url": "https://www.laplandwinterpark.com/products/chalet",
        "opening_hours": "ma–su 06–01",
        "description": {
          "en": "Atmospheric chalet accommodation in the heart of Lapland's magic.\nImagine an evening when the northern lights reflect softly through your windows, or snowflakes gently fall outside while you relax in the peacefulness of Lapland’s nature – yet you're just a snowball’s throw away from all the magical winter experiences of Lapland Winter Park. Now, it's possible!\n\nWe offer cozy and high-quality accommodation in stylish and warm-hearted chalets that radiate comfort and charm. These handcrafted lodgi"
        },
        "fetched_at": "2026-09-14T17:13:22Z"
      },
      "geometry": {
        "type": "Point",
        "coordinates": [
          25.61158,
          66.561269
        ]
      }
    },
    {
      "type": "Feature",
      "properties": {
        "id": "vf:0bbf8eca-fc45-4833-979d-0e88457bf4c5",
        "name": {
          "en": "Hotel Golden Circle Suites",
          "fi": "Hotel Golden Circle Suites"
        },
        "category": "accommodation",
        "source": "visitfinland",
        "url": "https://www.goldencirclesuites.com/",
        "description": {
          "en": "Welcome to Hotel Golden Circle Suites, a hidden gem nestled in the heart of Rovaniemi, the capital of Lapland, located on the Arctic Circle. Hotel Golden Circle Suites is a tranquil oasis in the city centre, providing a serene escape for those seeking peace and quiet. If you crave convenience without compromising on authenticity, Hotel Golden Circle Suites is your perfect retreat.\n\nAt Hotel Golden Circle Suites, immerse yourself in the true local experience with the well-equipped suites, each fe",
          "fi": "Hei,                    \n\nTervetuloa Hotel Golden Circle Suitesiin, Lapin pääkaupunkiin, Rovaniemen sydämeen ja napapiirille. \nHotel Golden Circle Suites on rauhaisa majoituskohde kaupungin keskustassa, joka tarjoaa levollisen paikan hiljaisuutta kaipaavalle. Jos kaipaat mukavuutta tinkimättä aitoudesta, Hotel Golden Circle Suites on täydellinen valinta.\n\nHotel Golden Circle Suitesissa voit uppoutua todelliseen paikalliseen kokemukseen hyvin varustetuissa sviiteissä, joissa jokaisessa on oma sau"
        },
        "fetched_at": "2026-09-14T17:13:22Z"
      },
      "geometry": {
        "type": "Point",
        "coordinates": [
          25.731055,
          66.500761
        ]
      }
    },
    {
      "type": "Feature",
      "properties": {
        "id": "vf:0c8e4094-0152-4bc4-8060-086bcb21e2f7",
        "name": {
          "es": "Apukka Resort: Restaurante Aitta en Rovaniemi, Laponia",
          "it": "Apukka Resort: Ristorante Aitta a Rovaniemi, Lapponia",
          "ja": "アプッカ リゾート: ロヴァニエミ・ラップランドのレストラン アイッタ",
          "zh": "阿普卡度假村：位于拉普兰罗瓦涅米市的艾塔餐厅",
          "fr": "Apukka Resort : restaurant Aitta à Rovaniemi, en Laponie",
          "fi": "Apukka Resort: Ravintola Aitta",
          "de": "Apukka Resort: Restaurant Aitta in Rovaniemi Lappland",
          "sv": "Apukka Resort: Restaurang Aitta i Rovaniemi Lappland",
          "ru": "Apukka Resort: Ресторан Aitta в Рованиеми, Лапландия",
          "en": "Apukka Resort: Restaurant Aitta in Rovaniemi Lapland"
        },
        "category": "restaurant",
        "source": "visitfinland",
        "url": "https://apukkaresort.fi/food-drink/",
        "opening_hours": "ma–su 08–22:30",
        "description": {
          "es": "Algo viejo, algo nuevo. ¿Puedes escuchar las paredes de madera de 100 años de nuestro restaurante Aitta susurrando historias de la vida en los viejos tiempos? Toma asiento y deja que tus sentidos se rindan ante los deliciosos aromas de la comida lapona que se sirve en el restaurante Aitta del Apukka Resort de Rovaniemi, Laponia.\n\n¿Sabías que antiguamente Apukka era un granero con ricas aguas de pesca y bosques llenos de bayas y setas? La vieja taberna estaba abierta a viajeros de todo el país y ",
          "it": "Qualcosa di vecchio, qualcosa di nuovo. Riesci a sentire le antiche pareti in legno del nostro ristorante Aitta che sussurrano le storie della vita di un tempo? Accomodati e lascia che i tuoi sensi si arrendano di fronte ai deliziosi aromi del cibo lappone servito dal ristorante Aitta nell’Apukka Resort di Rovaniemi, in Lapponia.\n\nSapevi che Apukka un tempo era un granaio con ricche acque di pesca e foreste piene di bacche e funghi? La vecchia taverna era aperta ai viaggiatori di tutto il paese ",
          "ja": "古いもの、新しいもの。当レストラン アイッタの樹齢 100 年の丸太の壁が昔の生活の物語を囁いているのが聞こえますか？アプッカ リゾート ロヴァニエミ ラップランドのアイッタ レストランでは、ラップランド料理のおいしい香りを前にして、五感を解放することができます。\n\nその昔、アプッカは豊かな漁場とベリーやキノコが実る森がある穀倉地帯だったことをご存知でしょうか？昔のタバーンは、国内外からの旅行者に開放され、料理が尽きることもなく、グラスが空になることもない場所でした。\n\n今日、当店は昔ながらのアプッカの伝統を大切にしたいと思います。レストラン アイッタでは、地元産の食材を使い、モダンなテイストの北欧料理をご提供しています。当レストランの真髄は、オーブン付きの巨大な石造りの暖炉です。おいしいシチューを煮込むのに最適です。ダイニング エリアの高窓からは、オルッカヤルヴィ湖の素晴らしい景色が広がります。アイッタ レストランでは、最大 200 名様までのグループに対応可能です。\n\nようこそ、親愛なる友よ。このテーブルはあなたのためのものです。",
          "zh": "传统和现代在此地交织。您能听见艾塔餐厅那有着百年历史的木墙在诉说旧时的生活往事吗？在拉普兰罗瓦涅米市的阿普卡度假村 (Apukka Resort)，去到艾塔餐厅 (Restaurant Aitta) 坐下，让您的感官折服在餐厅拉普兰风味美食的氤氲香气中。\n\n您知道吗，阿普卡过去盛产鱼虾，还有一大片长满浆果和蘑菇的繁茂森林。老酒馆向来自世界各地的旅客开放，在这里，美酒佳酿有求必应。\n\n现今，我们仍然珍视阿普卡古老的传统文化。艾塔餐厅使用当地食材，融合了北欧风味与现代特色。餐厅的核心烹具是附带烤炉的大型石质壁炉，这里也是一个品尝美味炖菜的好地方。在用餐区内，从高大的窗户向外眺望，可以看见奥尔卡耶尔维 (Olkkajärvi) 湖的美景。艾塔餐厅可招待多达 200 人集体用餐。\n\n欢迎光临，我亲爱的朋友，这里的餐桌就是为您准备的。",
          "fr": "Bienvenue dans le restaurant Aitta, ou le mariage du neuf et de l'ancien. Entendez-vous les murs en rondins centenaires vous raconter la vie d'autrefois ? Prenez place et mettez vos sens en éveil sous l'effet des saveurs délicieuses de la cuisine lapone servie au restaurant Aitta d'Apukka Resort Rovaniemi, en Laponie.\n\nIl fut un temps où Apukka était un véritable garde-manger, un territoire d'eaux poissonneuses et de forêts où baies et champignons abondaient. L'ancienne taverne accueillait les v",
          "fi": "Jotain vanhaa, jotain uutta. Apukka Resortin sydämen, Ravintola Aitan tunnelmallisessa salissa historia ja nykypäivä kohtaavat satavuotiaiden hirsiseinien kuiskiessa kertomuksiaan tämän päivän matkaajille. \n\nApukka on täynnä vanhoja tarinoita ja perinteitä, sillä alue on aina tarjonnut elannon ja ravintoa niin asukkailleen kuin pohjoisten kairojen kulkijoillekin. Jo 1800-luvulla Apukan kestikievarin notkuvien pitopöytien valloittava tuoksu ja sen hirsiseiniä pitkin raikuva nauru toivottivat kulk",
          "de": "Etwas Altes, etwas Neues. Können Sie hören, wie die 100 Jahre alten Holzbalkenwände unseres Restaurants Aitta Geschichten aus vergangenen Zeiten flüstern? Nehmen Sie Platz und lassen in Angesicht der köstlichen Aromen der lappländischen Küche im Restaurant Aitta im Apukka Resort in Rovaniemi in Lappland Ihre Sinne schweifen.\n\nApukka war früher eine Kornkammer mit fischreichen Gewässern und Wäldern voller Beeren und Pilzen. Die alte Taverne empfing Reisende aus dem ganzen Land und der ganzen Welt",
          "sv": "Något gammalt, något nytt. Kan du höra de sekelgamla timmerväggarna på restaurang Aitta viska berättelser om livet förr i tiden? Slå dig ner och låt dina sinnen omfamnas av de utsökta aromerna i den lappländska mat som serveras på restaurang Aitta i Apukka Resort i lappländska Rovaniemi.\n\nVisste du att Apukka förr i tiden var en riktig kornbod, med rika fiskevatten och skogen full av bär och svamp? Det gamla värdshuset var öppet för resenärer från hela landet och världen, en plats där maten aldr",
          "ru": "Что-то старое и что-то новое. Слышите, как 100-летние бревенчатые стены нашего ресторана Aitta нашептывают истории о жизни в старину? Присядьте и поддайтесь чарам ароматов лапландских блюд, подаваемых в ресторане Aitta в Apukka Resort в Рованиеми, Лапландия.\n\nЗнаете ли вы, что поселок Апукка раньше был местной житницей благодаря богатым рыболовным угодьям и лесам, где растет множество ягод и грибов? Старая таверна была открыта для путешественников со всей страны и мира. Еда здесь никогда не зака",
          "en": "Something old, something new. Can you hear the 100-year-old timber log walls of our Restaurant Aitta whispering the stories from life in the old days? Take a seat and allow your senses to surrender in front of the delicious aromas of the Lappish food served at Aitta Restaurant in Apukka Resort Rovaniemi Lapland.\n\nDid you know that Apukka used to be a breadbasket with rich fishing waters and forests full of berries and mushrooms in the olden days? The old tavern was open to travelers from all aro"
        },
        "fetched_at": "2026-09-14T17:13:22Z"
      },
      "geometry": {
        "type": "Point",
        "coordinates": [
          26.015929,
          66.578359
        ]
      }
    },
    {
      "type": "Feature",
      "properties": {
        "id": "vf:0cba6648-2665-4bd0-8939-03b688d20df4",
        "name": {
          "en": "ROVANIEMI: CLASSIC FINNISH CUISINE — a home-cooked Dinner and the Northern Lights as a bonus"
        },
        "category": "restaurant",
        "source": "visitfinland",
        "url": "https://heliostour.fi",
        "opening_hours": "ma–su 18–21",
        "description": {
          "en": "Our tour invites you to indulge in a delightful culinary experience featuring the favorite Finnish cuisine. \nThe menu is composed exclusively of Finland’s most iconic dishes: for starters, salted and smoked fish, marinated mushrooms, and traditional Lapland cheese. For the main course, enjoy Finland’s famed salmon soup and, of course, reindeer served with mashed potatoes and lingonberry jam. For dessert a Finnish favorite — the “lazy pancake.” \nA vegan menu option is also available.\n\nAfter the d"
        },
        "fetched_at": "2026-09-14T17:13:22Z"
      },
      "geometry": {
        "type": "Point",
        "coordinates": [
          26.24276,
          66.41768
        ]
      }
    },
    {
      "type": "Feature",
      "properties": {
        "id": "vf:10b71a3b-fd94-4bb0-bc48-12811adc2506",
        "name": {
          "en": "Restaurant Saihu and lounge bar",
          "fi": "Ravintola Saihu ja lounge bar"
        },
        "category": "restaurant",
        "source": "visitfinland",
        "url": "https://www.metsahirvas.fi/en/restaurant",
        "opening_hours": "ma–su 15:30–21",
        "description": {
          "en": "Restaurant Saihu and the lounge bar are open every day, both in summer and winter: Check our website for the most up-to-date information and menu.\n\nRestaurant Saihu, with its spacious summer terrace, serves delicious food and refreshing drinks every day during the summer season — welcome to enjoy the riverside atmosphere!\n\n1.11 -31.3. Restaurant Saihu offer half board and full board meals. \nHB and FB are bookable by pre-booking. \n\nThe lounge bar is also available for private parties and meetings",
          "fi": "Ravintola Saihu ja lounge bar palvelevat kesällä ja talvella joka päivä: \nKatso ajantasaisimmat tiedot ja menu verkkosivuiltamme.\n\nRavintola Saihu valtavine kesäterasseineen palvelee kesän aukioloajoin herkkuineen ja viileine juomineen jokaisena päivänä, tervetuloa viihtymään jokirantaan! \n\nLounge bar on varattavissa myös yksityisiin juhla- ja kokoustilaisuuksiin. \n\nRavintola sijaitsee Hotelli Metsähirvaalla, Rovaniemellä."
        },
        "fetched_at": "2026-09-14T17:13:22Z"
      },
      "geometry": {
        "type": "Point",
        "coordinates": [
          25.417047,
          66.416406
        ]
      }
    },
    {
      "type": "Feature",
      "properties": {
        "id": "vf:1107324c-1625-4eaf-a76c-d627f2cddac1",
        "name": {
          "fi": "SkyView Igloo Resort & Spa",
          "en": "SkyView Igloo Resort & Spa"
        },
        "category": "accommodation",
        "source": "visitfinland",
        "url": "https://skyviewigloos.com/",
        "description": {
          "fi": "SkyView Igloo Resort on ylellinen arktinen resort Ollerovaaran rauhallisella metsäalueella vain 10 minuutin päässä Rovaniemen keskustasta ja 15 minuutin päässä Rovaniemen lentoasemalta.\n\nResortissa on 50 ylellistä lasi-iglu-sviittiä, jotka on suunniteltu tarjoamaan täydellistä yksityisyyttä, ensiluokkaista mukavuutta sekä upeat näkymät arktiselle taivaalle ja revontulille.\n\nVieraat voivat valita tilavan 50 m² SkyView Suiten tai uuden 60 m² SkyView King Suiten. Jokaisessa sviitissä on panoraamala",
          "en": "SkyView Igloo Resort is a luxury Arctic resort located on the peaceful hill of Ollerovaara, just 10 minutes from Rovaniemi city centre and 15 minutes from Rovaniemi Airport.\n\nThe resort features 50 luxury glass igloo suites designed to offer privacy, comfort, and breathtaking views of the Arctic sky and Northern Lights.\n\nGuests can choose between spacious 50 m² SkyView Suites and the new 60 m² SkyView King Suites. Every suite includes a panoramic glass bedroom, private Finnish sauna, outdoor jac"
        },
        "fetched_at": "2026-09-14T17:13:22Z"
      },
      "geometry": {
        "type": "Point",
        "coordinates": [
          25.623561,
          66.567696
        ]
      }
    },
    {
      "type": "Feature",
      "properties": {
        "id": "vf:1623c8eb-ae5a-4c04-b1e7-dc5930361bc4",
        "name": {
          "en": "Cottages and igloos in Vikajärvi"
        },
        "category": "accommodation",
        "source": "visitfinland",
        "url": "https://www.vikajarvi-cottages-igloos.com",
        "description": {
          "en": "Ahosen Lomamökit & Vikajärvi Lake View Experience igloos\n\nFully equipped rental holiday homes and glass igloos by lake Vikajärvi 20 km from Santa Claus Village in Rovaniemi."
        },
        "fetched_at": "2026-09-14T17:13:22Z"
      },
      "geometry": {
        "type": "Point",
        "coordinates": [
          26.196569,
          66.653277
        ]
      }
    },
    {
      "type": "Feature",
      "properties": {
        "id": "vf:18a80a3f-d919-490c-b0e2-d0ecad64036d",
        "name": {
          "en": "Octola Private Wilderness"
        },
        "category": "accommodation",
        "source": "visitfinland",
        "url": "http://octola.com",
        "description": {
          "en": "Octola is the most exclusive five star luxury accommodation in Lapland, Finland and Arctic region with its own private wilderness and wildlife.\n\nSituated in Finnish Lapland, Octola offers secluded wilderness at the Arctic Circle, with exhilarating activities right on your doorstep. Octola Private Wilderness has been purpose-built to provide luxury in the Arctic, whilst incorporating Lapp and Sámi traditions. The shape of Octola is derived from authentic Lapp ‘laavu’ buildings, that were previous"
        },
        "fetched_at": "2026-09-14T17:13:22Z"
      },
      "geometry": {
        "type": "Point",
        "coordinates": [
          25.825043,
          66.545264
        ]
      }
    },
    {
      "type": "Feature",
      "properties": {
        "id": "vf:19389282-9980-4865-aa74-4f881de96936",
        "name": {
          "en": "Postmaster Hotel",
          "fi": "Postmaster Hotel"
        },
        "category": "accommodation",
        "source": "visitfinland",
        "url": "https://www.staylapland.com/hotel",
        "description": {
          "en": "Housed in a beautifully restored 1950s building, once the heart of Rovaniemi’s Post Office, Postmaster Hotel invites you to experience a charming fusion of history and modern luxury. With 49 thoughtfully designed rooms, each exuding comfort and warmth, our hotel offers a cozy retreat in the heart of Lapland. Immerse yourself in the magic of the Arctic while enjoying the perfect blend of rich heritage, elegance, and adventure. Join us at Postmaster Hotel for an unforgettable Lapland getaway!",
          "fi": "Postmaster Hotel sijaitsee kauniisti entisöidyssä 1950-luvun rakennuksessa, joka toimi aikoinaan Rovaniemen Postitalona. Hotellimme kutsuu sinut kokemaan viehättävän yhdistelmän historiaa ja modernia luksusta. Tarjoamme 49 huolellisesti suunniteltua huonetta, jotka huokuvat mukavuutta ja lämpöä – täydellinen pakopaikka Lapin sydämessä. \nUppoudu arktiseen taikaan ja nauti rikkaan perinteen, eleganssin ja seikkailun täydellisestä yhdistelmästä. \n\nTervetuloa Postmaster Hotelliin unohtumattomalle La"
        },
        "fetched_at": "2026-09-14T17:13:22Z"
      },
      "geometry": {
        "type": "Point",
        "coordinates": [
          25.712259,
          66.497863
        ]
      }
    },
    {
      "type": "Feature",
      "properties": {
        "id": "vf:1a9b815c-7bf3-4c01-9064-46e70a0ecd68",
        "name": {
          "en": "Bike Rental in Rovaniemi",
          "fi": "Pyörävuokrausta Rovaniemellä"
        },
        "category": "bike_rental",
        "source": "visitfinland",
        "url": "https://www.beebike.fi/en/welcome/",
        "description": {
          "en": "You can rent a bicycle from us if you wish to tour around the city or explore local mountain bike routes. We rent city bikes, mountain bikes and electric bikes. Contact the store for more information and to rent a bike in Rovaniemi.",
          "fi": "Meiltä voit vuokrata polkupyörän käyttöösi, jos tutustua kaupunkiin tai paikallisiin maastopyöräreitteihin polkien. Vuokraamme kaupunkipyöriä, maastopyöriä sekä sähköpyöriä. Ota yhteyttä liikkeeseen vuokrataksesi pyörän. Toimimme Rovaniemellä."
        },
        "fetched_at": "2026-09-14T17:13:22Z"
      },
      "geometry": {
        "type": "Point",
        "coordinates": [
          25.722629,
          66.498255
        ]
      }
    },
    {
      "type": "Feature",
      "properties": {
        "id": "vf:1aa3dbba-4485-44e8-8a16-a6dd6deee4de",
        "name": {
          "fi": "Invisible Forest Lodge",
          "en": "Invisible Forest Lodge"
        },
        "category": "accommodation",
        "source": "visitfinland",
        "url": "https://www.invisibleforestlodge.com",
        "description": {
          "fi": "Invisible Forest Lodge on ainutlaatuinen majoituspaikka Napapiirillä, Rovaniemellä. Koe 13 boutique sviitin tarjoama rauha ja mukavuus arktisen metsän ympäröimänä. Jokainen 40 neliömetrin kokoinen sviitti on varustettu omalla saunalla, paljulla ja keittiöllä.\n\nSeikkailunhaluisille tarjoamme 7 Aurora Hut -iglua, jotka tarjoavat ainutlaatuisen seikkailun taianomaisten revontulien alla. Luxury Villa ja kodikas Log Cabin – molemmat täydellisiä perinteistä lappilaista kokemusta etsiville.\n\nInvisible ",
          "en": "Invisible Forest Lodge is a unique accommodation in the Arctic Circle, Rovaniemi, Lapland. Experience tranquility and comfort in 13 boutique suite cabins surrounded by Arctic forest. Each 40 m² suite is equipped with a private sauna, outdoor hot tub, and kitchen, offering the perfect blend of privacy and luxury.\n\nFor the thrill-seekers, our 7 Aurora Hut igloos offer a one-of-a-kind adventure, set on the water and beneath the magical northern lights. The Luxury Log Villa and cozy Log Cabin provid"
        },
        "fetched_at": "2026-09-14T17:13:22Z"
      },
      "geometry": {
        "type": "Point",
        "coordinates": [
          25.710273,
          66.5408
        ]
      }
    },
    {
      "type": "Feature",
      "properties": {
        "id": "vf:1c736b6d-0aa9-496d-8dab-5c88ca7a9a37",
        "name": {
          "en": "Restaurant Pohjanhovi",
          "fi": "Ravintola Pohjanhovi",
          "sv": "Restaurang Pohjanhovi",
          "de": "Restaurant Pohjanhovi"
        },
        "category": "restaurant",
        "source": "visitfinland",
        "url": "https://www.scandichotels.com/hotels/finland/rovaniemi/scandic-pohjanhovi/restaurant-bar/restaurant-pohjanhovi?cmpid=pa_visitfinland_ravintola_pohjanhovi",
        "description": {
          "en": "Our restaurant located in Rovaniemi is a traditional place to meet, where you can enjoy the flavours of Lapland in the beautiful scenery of the Kemijoki river. The restaurant also has a bar.",
          "fi": "Rovaniemellä sijaitseva ravintolamme on perinteinen kohtaamispaikka, jossa nautit Lapin makuja Kemijoen upeissa maisemissa. Ravintolan puolella on myös baari.",
          "sv": "Vår restaurang i Rovaniemi är en traditionell plats att mötas på, där du kan njuta av smaker från Lappland i de vackra omgivningarna vid Kemi älv. Restaurangen har även en bar.",
          "de": "Unser Restaurant in Rovaniemi ist ein traditioneller Treffpunkt, wo Sie köstliche Gerichte aus Lapland und den Blick auf die herrliche Landschaft am Kemijoki-Fluss genießen können. Das Restaurant verfügt ebenfalls über eine Bar."
        },
        "fetched_at": "2026-09-14T17:13:22Z"
      },
      "geometry": {
        "type": "Point",
        "coordinates": [
          25.737652,
          66.50218
        ]
      }
    },
    {
      "type": "Feature",
      "properties": {
        "id": "vf:1c7d448b-3ccd-491b-95de-66e893fdc1e1",
        "name": {
          "en": "Apukka Resort Rovaniemi – Glass Igloo Hotel",
          "fi": "Apukka Resort, Rovaniemi, Lappi, Suomi",
          "ru": "Apukka Resort Rovaniemi, Lapland",
          "sv": "Apukka Resort Rovaniemi, Lappland, Finland",
          "de": "Apukka Resort Rovaniemi, Lapland, Finnland",
          "fr": "Apukka Resort Rovaniemi, Laponie, Finlande",
          "zh": "罗瓦涅米阿普卡度假村",
          "ja": "アプッカ リゾート ロヴァニエミ",
          "it": "Apukka Resort a Rovaniemi, Lapland, Finlandia",
          "es": "Apukka Resort en Rovaniemi, Lapland, Finland"
        },
        "category": "accommodation",
        "source": "visitfinland",
        "url": "https://apukkaresort.fi/",
        "opening_hours": "ma–su 00–24",
        "description": {
          "en": "Apukka Resort, located in Rovaniemi—the capital of Finnish Lapland—offers unforgettable accommodations and adventures in the heart of nature. Our signature glass igloos are designed to maximize your chances of witnessing the Northern Lights. Wish to explore the beauty of the Arctic? Join one of our guided tours, taking you across private lands and scenic trails. From August to early April, from the Midnight Sun to autumn foliage and the winter wonders—Apukka Resort is a true bucket-list destinat",
          "fi": "Majoitu pohjoisen tähtitaivaan alla ja seikkaile talvisten aktiviteettien parissa. \n\nApukka Resort sijaitsee Rovaniemellä, noin 15 km kaupungista pohjoiseen. Rovaniemen lentokentälle ja Joulupukin Pajakylään on vain 10 minuutin ajomatka, mutta silti lomakylämme on keskellä lappilaista luontoa kahden järven syleilyssä. \n\nAurora Cabin lasi-iglut, lasikattoiset Komsio ja Kammi Suitet sekä Lakeview Suitet saavat sinut tuntemaan luonnon läsnäolon. Perheille ja pienille ryhmille meiltä löytyy Aurora C",
          "ru": "Apukka Resort — это курортный поселок среди дикой природы между двух озер. Он расположен всего в 10 минутах езды от деревни Санта-Клауса и международного аэропорта Рованиеми, однако окружен девственной природой. Здесь, на последнем рубеже цивилизации, где заканчивается город Рованиеми и начинается глушь, теплый свет камина в Apukka Resort всегда будет приветствовать путешественников со всего мира. \n\nВ Apukka Resort путешественников всегда ждет уютная постель. Уникальные варианты размещения для ж",
          "sv": "Apukka Resort är en semesterby som ligger i Rovaniemi, i vildmarken mellan två sjöar, bara tio minuter i bil från Jultomtens by och Rovaniemis internationella flygplats, men ändå mitt i den orörda naturen. Som civilisationens sista utpost, där Rovaniemi slutar och vildmarken börjar, ligger Apukka Resort med sin varmt glödande eldstad, alltid redo att välkomna resenärer från hela världen.\n\nVåra unika norrskensboenden formar av glasigloorna Aurora Cabin, sviterna Komsio och Kammi med glastak. Vår ",
          "de": "Das Apukka Resort befindet sich in Rovaniemi im finnischen Lappland. Es liegt eingebettet zwischen zwei Seen, nur 10 Minuten Fahrt vom Weihnachtsmanndorf und dem internationalen Flughafen Rovaniemi entfernt, inmitten unberührter Natur. Der warme Schein der Feuerstelle im Apukka Resort an der letzten Grenze, wo die Stadt Rovaniemi endet und das lappländische Outback beginnt, heißt Reisende aus aller Welt herzlich willkommen. \n\nIm Apukka Resort steht Reisenden immer ein bequemes Bett zur Verfügung",
          "fr": "En plein cœur de la nature sauvage, le village de vacances Apukka Resort est posé entre deux lacs à Rovaniemi en Laponie. Nous ne sommes pourtant qu’à 10 minutes du village du Père Noël et de l’aéroport international de Rovaniemi. Situé aux confins de la Finlande, là où la ville de Rovaniemi se termine et où la nature commence, l’Apukka Resort est toujours prêt à accueillir les voyageurs du monde entier autour d’un bon feu de bois. \n\nÀ l’Apukka Resort, rapprochez-vous de la nature arctique et en",
          "zh": "阿普卡度假村 (Apukka Resort) 是一处荒野度假村庄，两湖围抱，驱车 10 分钟即可到达圣诞老人村 (Santa Claus Village) 和罗瓦尼亚国际机场 (Rovaniemi International Airport)，栖身于未遭受破坏的自然环境中。 度假村所在地正是罗瓦涅米 (Rovaniemi) 与内地的边界处。阿普卡度假村壁炉散发出柔和的光线，始终以欢迎之姿迎接世界各地的旅客。 阿普卡度假村地处芬兰拉普兰罗瓦涅米境内。  \n\n阿普卡度假村用舒适的大床款待招待每一位旅客。 我们有极光 (Aurora Cabin) 玻璃圆顶冰屋、坎西奥 (Komsio) 和卡米 (Kammi) 玻璃天顶套房，以及独一无二的极光旅行车 (Aurora Wagons)，让旅客宿在北极光下，贴近感受北极风光。 敢于尝试的旅客还可前往冰木屋 (Ice Log Cabins)，体验度假屋亲自设计的冰雕酒店。\n\n我们为家庭和小团体提供全新的豪华卡米家庭套房 (Kammi Family Suite)，套房位于奥尔卡耶尔维 (Olkkajärvi) 湖畔，环境舒适宜人；这里还有历史悠久的私人",
          "ja": "アプッカ リゾートは、サンタクロース村やロヴァニエミ国際空港から車でわずか 10 分、二つの湖に抱かれた、手つかずの自然の中にあるホリデー ビレッジです。ロヴァニエミ市郊外、アウトバックが始まる最後のフロンティアに位置するアプッカ リゾートは、暖炉の暖かい光で世界中からの旅行者をいつでも迎えてくれます。アプッカ リゾートは、フィンランドのラップランド、ロヴァニエミにあります。  \n\nアプッカ リゾートでは、常に快適なベッドを用意して、旅行者をお待ちしています。オーロラ キャビン ガラス イグルー、ガラス張りの屋根のコムシオ、カムイ スイート、オーロラ ワゴンなど、北極圏の自然を身近に感じられるユニークな宿泊施設です。また、大胆な発想で氷のホテルを体験できるアイス ログ キャビンもご用意しています。\n\nご家族や小グループのお客様には、アプッカの中心部に位置する、オルッカヤルヴィ湖畔の新しい高級スイートルーム、居心地の良いアパートメント、歴史あるプライベート ヴィラでのご宿泊をご提供しています。\n \nアプッカ リゾートは、当リゾートの私有地と私道でユニークで革新的な体験をご提供することを専",
          "it": "L’Apukka Resort è un villaggio turistico selvaggio avvolto dall’abbraccio di due laghi a soli 10 minuti di auto dal Villaggio di Babbo Natale e dall’aeroporto internazionale di Rovaniemi, eppure immerso nella natura incontaminata. L’Apukka Resort si trova a Rovaniemi, nella Lapponia finlandese.  \n\nNell’Apukka Resort abbiamo sempre un letto comodo in attesa di un viaggiatore. Le esclusive sistemazioni negli igloo in vetro Auora Cabin, nelle Suite Komsio e Kammi con tetto in vetro. A famiglie e pi",
          "es": "Apukka Resort es un pueblo de vacaciones en plena naturaleza enclavado entre dos lagos, a solo 10 minutos en coche del pueblo de Papá Noel y del aeropuerto internacional de Rovaniemi, pero en medio de una naturaleza intacta. Situado en la última frontera, donde termina la ciudad de Rovaniemi y comienza el campo, el cálido resplandor de la chimenea de Apukka Resort está siempre listo para dar la bienvenida a viajeros de todo el mundo. Apukka Resort está situado en Rovaniemi, en la Laponia finland"
        },
        "fetched_at": "2026-09-14T17:13:22Z"
      },
      "geometry": {
        "type": "Point",
        "coordinates": [
          26.015227,
          66.578249
        ]
      }
    },
    {
      "type": "Feature",
      "properties": {
        "id": "vf:1e25b08d-5081-417f-9ea9-c016a4602667",
        "name": {
          "fi": "Hotelli Aakenus - kotoisa perheomisteinen hotelli Rovaniemellä",
          "en": "Hotel Aakenus – Cozy Family-Owned Stay in Rovaniemi, Lapland"
        },
        "category": "accommodation",
        "source": "visitfinland",
        "url": "https://hotelliaakenus.net/",
        "description": {
          "fi": "Hotel Aakenus on viihtyisä perheomisteinen hotelli Rovaniemen keskustan tuntumassa. Meillä nautit aidosta lappilaisesta vieraanvaraisuudesta, rauhallisesta tunnelmasta ja kotoisasta majoituksesta.\n\nOlemme sitoutuneet suojelemaan pohjoisen herkkää luontoa ja toimimaan kestävän matkailun periaatteiden mukaisesti. Tästä osoituksena hotellillemme on myönnetty arvostettu Sustainable Travel Finland (STF) -merkki. Tervetuloa viihtymään ja kokemaan aito Lapin taika vastuullisesti!",
          "en": "Welcome to Hotel Aakenus, a welcoming, family-owned hotel located in a quiet residential area, just a short walk from the vibrant city center of Rovaniemi. We pride ourselves on offering warm, personalized service and a peaceful home-away-from-home atmosphere for both leisure and business travelers.\n\nOur hotel features a variety of comfortable rooms and fully equipped apartments to suit all needs. Guests can enjoy a delicious buffet breakfast, a relaxing evening in our traditional Finnish sauna,"
        },
        "fetched_at": "2026-09-14T17:13:22Z"
      },
      "geometry": {
        "type": "Point",
        "coordinates": [
          25.717282,
          66.505739
        ]
      }
    },
    {
      "type": "Feature",
      "properties": {
        "id": "vf:1fbc6528-a727-4085-ade7-8ddc416e2d18",
        "name": {
          "en": "Smuk"
        },
        "category": "shop",
        "source": "visitfinland",
        "url": "https://www.smukshop.fi/en/smuk-second-hand-shop/",
        "opening_hours": "ma–pe 10–18; la 11–17",
        "description": {
          "en": "Sustainable Style & Preloved Clothing. Second hand shop and shop for ethical clothes in Rovaniemi. Come and experience a new kind of second hand shopping in our store. Our selection changes daily. We also have new products from a few responsible brands. At the same time you can enjoy the relaxed atmosphere of our café. Welcome to enjoy yourself and make some beautiful findings!"
        },
        "fetched_at": "2026-09-14T17:13:22Z"
      },
      "geometry": {
        "type": "Point",
        "coordinates": [
          25.725372,
          66.502872
        ]
      }
    },
    {
      "type": "Feature",
      "properties": {
        "id": "vf:21cf3854-2715-46b6-8c6d-bf745e82fd8d",
        "name": {
          "en": "Lapland Safaris Rovaniemi rentals",
          "fi": "Lapland Safaris Rovaniemi vuokravälineet"
        },
        "category": "bike_rental",
        "source": "visitfinland",
        "url": "https://www.laplandsafaris.com/en/rentals",
        "description": {
          "en": "Lapland Safaris offers a wide range of outdoor equipment and gear for independent adventurers to rent. Well-maintained, high-quality, and functional equipment will be waiting for you at your destination — so you can travel lighter and enjoy a more relaxed holiday.\n\nLapland Safaris’ Rovaniemi rental shop offers a wide range of equipment for activities in every season.\n\nOur rental selection includes, for example, electric bikes, camping equipment, winter clothing, and other outdoor accessories.",
          "fi": "Lapland Safaris tarjoaa omatoimisille retkeilijöille laajan valikoiman retkeilyvarusteita ja -välineitä vuokrattavaksi. Hyvin huolletut, laadukkaat ja toimivat varusteet odottavat matkakohteessa, joten lomailijat voivat ottaa rennommin ja matkustaa kevyemmin.\n\nLapland Safariksen Rovaniemen toimipisteen vuokraamosta löytyy monipuolinen valikoima välineitä joka sesongin aktiviteetteihin. \n\nValikoimastamme löytyy mm. sähköavusteisia pyöriä, retkeilyvarusteita, talvivaatevarusteita ja muita ulkoiluv"
        },
        "fetched_at": "2026-09-14T17:13:22Z"
      },
      "geometry": {
        "type": "Point",
        "coordinates": [
          25.737123,
          66.501343
        ]
      }
    },
    {
      "type": "Feature",
      "properties": {
        "id": "vf:2285577f-fef8-48d6-a850-c2c15d272039",
        "name": {
          "en": "Arktikum Café",
          "fi": "Arktikum Café"
        },
        "category": "restaurant",
        "source": "visitfinland",
        "url": "https://arktikum.fi/en/arktikum-cafe-2/",
        "description": {
          "en": "Taste and feel the North in Arktikum Café! Arktikum Café offers delicious lunch buffet, delightful sweet and savory pastries and friendly service.\n\nArktikum Café lunch buffet includes a rich salad buffet, a daily changing menu, and coffee/tea is included in the lunch price. The lunch menu is suitable for many diners, as the most common special diets have been taken into consideration. \n\nLocated by the Ounasjoki River in Rovaniemi, Arktikum is a stunning venue for meetings, seminars, celebrations",
          "fi": "Arktikum Caféssa tunnet ja maistat pohjoisen. Arktikum Café on tunnettu maukkaasta lounasbuffetista, herkullisista suolaisista ja makeista kahvilatuotteista, mutkattomasta palvelusta ja erinomaisesti hoidetuista tilaisuuksista.\n\nArktikum Cafén lounaalla on tarjolla aina runsas ja monipuolinen salaattibuffet, päivittäin vaihtuva menu ja kahvit sisältyvät lounaan hintaan. Lounas soveltuu monille ruokailijoille, sillä ruoassa on huomioitu tyypillisimmät erikoisruokavaliot.\n\nOunasjoen rannalla Rovan"
        },
        "fetched_at": "2026-09-14T17:13:22Z"
      },
      "geometry": {
        "type": "Point",
        "coordinates": [
          25.725726,
          66.507575
        ]
      }
    },
    {
      "type": "Feature",
      "properties": {
        "id": "vf:22f8de45-8c07-4f97-9f0f-47fd8d186149",
        "name": {
          "fi": "Pyörähuolto ja -kauppa Rovaniemellä",
          "en": "Bike Repair and Service in Rovaniemi"
        },
        "category": "shop",
        "source": "visitfinland",
        "url": "https://www.beebike.fi/en/welcome/",
        "description": {
          "fi": "Teemme polkupyörien huoltoa ja korjausta kaiken merkkisille pyörille, myös sähköpyörille Rovaniemellä. Myymälästämme löydät myös varaosia ja pyörätarvikkeita. Kaikki retkipyöräilijät ovat lämpimästi tervetulleita. Kun mainitset olevasi reissussa, huollamme pyöräsi ripeästi, jotta pääset jatkamaan matkaasi.",
          "en": "We do bicycle maintenance and repair for all brands of bikes, including electric bikes in Rovaniemi. You can also find spare parts and accessories in our store. Everyone bike touring and bikepacking are warmly welcome. When you mention that you are on the road you will be serviced swiftly."
        },
        "fetched_at": "2026-09-14T17:13:22Z"
      },
      "geometry": {
        "type": "Point",
        "coordinates": [
          25.722629,
          66.498255
        ]
      }
    },
    {
      "type": "Feature",
      "properties": {
        "id": "vf:2408f8f8-1cbb-4c90-9388-1e63f5cbcaf9",
        "name": {
          "fi": "Rovaniemen Teatteriravintola",
          "en": "Rovaniemi Theatre Cafe and Restaurant"
        },
        "category": "restaurant",
        "source": "visitfinland",
        "url": "https://rovaniementeatteri.fi/lappia-hall-in-english/",
        "description": {
          "fi": "Rovaniemen Lappia-talon teatteriravintolan sisustuksessa ja kattauksessa aistit Alvar Aallon teemaa ja tunnelmaa. Lisäksi makuelämykset vievät sinut matkalle Alvar Aallon historiaan sekä jokaisen suomalaisen lapsuuden makumuistoihin höystettynä elämyksellisellä ja rohkealla twistillä. Tarjoiluissa korostuu paikallisuus sekä Lapille ominainen yhteisöllisyys ja raaka-aineet ovat lähellä tuotettuja. Ravintola tarjoaa ruoan lisäksi kokonaisvaltaisia kokemuksia ja hetkiä, jotka jäävät elämään muistoi",
          "en": "Rovaniemi Theatre cafe and restaurant is located in Lappia House in Rovaniemi city centre.  In the décor and table settings of the theatre restaurant at Lappia Hall in Rovaniemi, you can sense the theme and atmosphere of Alvar Aalto. Additionally, the culinary experiences will take you on a journey through Alvar Aalto's history and every Finn's childhood taste memories, enhanced with a bold and imaginative twist. The offerings emphasize local ingredients and the community spirit characteristic o"
        },
        "fetched_at": "2026-09-14T17:13:22Z"
      },
      "geometry": {
        "type": "Point",
        "coordinates": [
          25.721848,
          66.497193
        ]
      }
    },
    {
      "type": "Feature",
      "properties": {
        "id": "vf:27e6e64e-7004-470d-b063-9754916d097c",
        "name": {
          "en": "Haawe Boutique Apart Hotel"
        },
        "category": "accommodation",
        "source": "visitfinland",
        "url": "https://haawe.fi/",
        "description": {
          "en": "Boutique Apart Hotel Haawe - privacy, memorable details, and perfected design\nLocated in a historical building in Rovaniemi, Lapland, Haawe features 14 individually decorated rooms where the magic of Lapland’s nature meets high-quality design. With a unique atmosphere and excellent location, Haawe offers its guests accommodation with a difference and easy access to arctic adventures.\nRooms vary from comfortable 2-person superior rooms to luxurious 5-person suites with spa rooms and a sauna. In e"
        },
        "fetched_at": "2026-09-14T17:13:22Z"
      },
      "geometry": {
        "type": "Point",
        "coordinates": [
          25.734274,
          66.502585
        ]
      }
    },
    {
      "type": "Feature",
      "properties": {
        "id": "vf:28820f38-125a-4d57-99fe-cccc45183cfd",
        "name": {
          "fi": "Ravintola Arctic Eye",
          "en": "Restaurant Arctic Eye"
        },
        "category": "restaurant",
        "source": "visitfinland",
        "url": "https://santashotels.fi/en/restaurant-arctic-eye/",
        "description": {
          "fi": "Ravintola Arctic Eye - Tunnelmallinen ravintola Napapiirillä\n\nSanta’s Igloos Arctic Circlen laadukas Arctic Eye -ravintola Rovaniemellä tarjoilee pohjoisen ja Lapin makuja kansainvälisellä tuulahduksella. Iglujemme välittömässä läheisyyssä sijaitsevassa ravintolassa on suuret pohjoiseen antavat ikkunat ja 120 asiakaspaikkaa. Aulan baarissa on mukava istua iltaa rentoutuen.",
          "en": "Restaurant Arctic Eye - An atmospheric restaurant at the Arctic Circle\n\nRestaurant Arctic Eye in Rovaniemi offers tastes of Lapland and the North, with an international twist. Located in the center of Santa’s Igloos area, with large reclined glass windows facing North, it seats up to 120 people. You don’t have to worry about missing the Northern lights, the staff will give out the Aurora Alarm! Between meals, sit back and relax at the lobby bar."
        },
        "fetched_at": "2026-09-14T17:13:22Z"
      },
      "geometry": {
        "type": "Point",
        "coordinates": [
          25.861916,
          66.543554
        ]
      }
    },
    {
      "type": "Feature",
      "properties": {
        "id": "vf:2b9ac96b-6c81-4927-b19c-32df568eff5a",
        "name": {
          "it": "Halo Igloos Resort Rovaniemi – Hotel Aurora Borealis",
          "fr": "Halo Igloos Resort Rovaniemi – Hôtel Aurore Boréale",
          "zh": "罗瓦涅米 Halo Igloos 度假村 – 极光酒店",
          "de": "Halo Igloos Resort Rovaniemi – Aurora-Borealis-Hotel",
          "es": "Halo Igloos Resort Rovaniemi – Hotel Aurora Boreal",
          "fi": "Halo Igloos Resort",
          "en": "Halo Igloos Resort Rovaniemi – Aurora Borealis Hotel"
        },
        "category": "accommodation",
        "source": "visitfinland",
        "url": "https://haloigloos.com/",
        "opening_hours": "ma–su 08–23",
        "description": {
          "it": "Situato in una zona tranquilla appena fuori Rovaniemi, Halo Igloos ti invita a vivere la Lapponia nella sua forma più pura. Lontano dal bagliore delle luci della città, ma a pochi minuti dal Circolo Polare Artico e dal Villaggio di Babbo Natale, il nostro nuovissimo resort offre il perfetto equilibrio tra privacy, comfort e contatto con la natura.\n\nI nostri iglù di vetro caratteristici sono dotati di finestre dal pavimento al soffitto, sauna privata e jacuzzi esterna sulla propria terrazza, prog",
          "fr": "Situé dans un environnement paisible juste à l’extérieur de Rovaniemi, Halo Igloos vous invite à découvrir la Laponie dans sa forme la plus pure. Loin de l’éclat des lumières de la ville mais à seulement quelques minutes du Cercle Polaire Arctique et du Village du Père Noël, notre tout nouveau resort offre le parfait équilibre entre intimité, confort et immersion dans la nature.\n\nNos iglous de verre emblématiques disposent de baies vitrées du sol au plafond, d’un sauna privé et d’un jacuzzi exté",
          "zh": "Halo Igloos 位于罗瓦涅米市郊的宁静环境中，邀请您体验最纯粹的拉普兰。远离城市灯光的喧嚣，却距离北极圈和圣诞老人村仅数分钟车程，我们全新的度假村在隐私、舒适与自然亲近感之间达到了完美的平衡。\n\n我们的标志性玻璃冰屋设有落地窗、私人桑拿以及户外按摩浴池，让您在温暖中放松，同时欣赏北极光或满天星斗的北极夜空。Halo 仅有 26 个冰屋，是一个私密的避世之地，保证宁静与安详。\n\n想寻找难忘的活动体验？在 Halo Igloos，冒险就在身边。您可以走进我们的私人驯鹿圈舍，在周围的野外尝试雪鞋徒步，或参加附近的各种导览活动——哈士奇雪橇、极光追逐、北极探险等。每个季节都有独特的魅力，从明亮的夏夜到色彩斑斓的秋林，再到闪耀的冬雪。\n\n一天户外活动结束后，您可以在 Aurora 餐厅与休息厅 品尝拉普兰的正宗风味，或在舒适的 酒吧 小酌一杯，同时欣赏原始自然景观。每日早餐和晚餐自助餐均包含在您的住宿中。\n\n无论是情侣、家庭还是朋友团队，Halo Igloos 都能为您提供一次真正独特的拉普兰假期：宁静、私密，并充满北极魔力。\n\n在 Halo Igloos，罗瓦涅米，尽情领略最纯粹的北方",
          "de": "In einer ruhigen Lage direkt außerhalb von Rovaniemi lädt Halo Igloos Sie ein, Lappland in seiner reinsten Form zu erleben. Fernab vom Glanz der Stadtlichter, aber nur wenige Minuten vom Polarkreis und vom Weihnachtsdorf entfernt, bietet unser brandneues Resort die perfekte Balance aus Privatsphäre, Komfort und Naturverbundenheit.\n\nUnsere charakteristischen Glas-Iglus verfügen über bodentiefe Fenster, eine private Sauna und einen Außenwhirlpool auf der eigenen Terrasse – perfekt, um sich in Wärm",
          "es": "Ubicado en un entorno tranquilo a las afueras de Rovaniemi, Halo Igloos te invita a experimentar Laponia en su forma más pura. Lejos del resplandor de las luces de la ciudad, pero a solo minutos del Círculo Polar Ártico y de la Aldea de Santa Claus, nuestro resort de nueva construcción ofrece el equilibrio perfecto entre privacidad, confort y conexión con la naturaleza.\n\nNuestros iglús de vidrio característicos cuentan con ventanas de piso a techo, sauna privada y jacuzzi exterior en tu propio p",
          "fi": "Rovaniemen rauhallisessa ympäristössä sijaitseva Halo Igloos kutsuu sinut kokemaan Lapin puhtaimmillaan. Vain muutaman minuutin päässä Napapiiriltä ja Joulupukin kylästä, mutta kaukana kaupungin valoista, uusi resortimme tarjoaa täydellisen tasapainon yksityisyyden, mukavuuden ja luonnonläheisyyden välillä.\n\nModernit lasi-iglumme on varustettu lattiasta kattoon ulottuvilla ikkunoilla, omalla saunalla sekä ulkoporealtaalla. Voit rentoutua lämpimässä ja samalla ihailla revontulia tai tähtikirkasta",
          "en": "Located in a tranquil setting just outside Rovaniemi, Halo Igloos invites you to experience Lapland in its purest form. Far from the glow of city lights yet only minutes from the Arctic Circle and Santa Claus Village, our brand-new resort offers the perfect balance of privacy, comfort, and connection to nature.\n\nOur signature glass igloos feature floor-to-ceiling windows, a private sauna, and an outdoor jacuzzi on your own patio—designed so you can relax in warmth while gazing at the Northern Li"
        },
        "fetched_at": "2026-09-14T17:13:22Z"
      },
      "geometry": {
        "type": "Point",
        "coordinates": [
          26.1648,
          66.618054
        ]
      }
    },
    {
      "type": "Feature",
      "properties": {
        "id": "vf:2d8b1baa-d765-4313-960e-edad7bb4603b",
        "name": {
          "fi": "Lumiukkomaailma, ateria Lumiravintolassa",
          "en": "Meal at Snow Restaurant in Snowman World"
        },
        "category": "restaurant",
        "source": "visitfinland",
        "url": "https://snowmanworld.fi/food-and-drink/",
        "description": {
          "fi": "Lumiukkomaailma Snowman World on Rovaniemen Napapiirillä sijaitsevan Joulupukin Pajakylän hauskin luminen leikkikenttä, jossa vietät vauhdikkaan päivän talvisten touhujen parissa. \n \nMeillä sinua odottavat huimat lumi- ja jääliukumäet sekä oikea luistinrata, jossa lumiukkojenkin on nähty kokeilevan taitojaan. Muista käydä seikkailemassa myös lumilabyrintissä!\n\nTämä ateriapaketti sisältää myös pääsylipun mikä on voimassa koko päivän. Se mahdollistaa myös, että voit päivän aikana käydä Joulupukkia",
          "en": "Snowman World offers a full day of outdoor fun with winter activities for the whole family! Enjoy skating, sledging, and exploring snow structures and labyrinths. Experience thrilling rides on icy hills with sledges, rubber tubes, or sliders, perfect for all ages. Try ice skating on our dedicated track with equipment and tuition available for beginners. After a day of snow games, join the family-friendly Snowman World Ice Disco!\n\nThis meal package includes the entrance ticket for the whole day s"
        },
        "fetched_at": "2026-09-14T17:13:22Z"
      },
      "geometry": {
        "type": "Point",
        "coordinates": [
          25.84579,
          66.542344
        ]
      }
    },
    {
      "type": "Feature",
      "properties": {
        "id": "vf:2dfc1ec8-356b-4fff-b2c5-7e4d56b29b12",
        "name": {
          "en": "Ollero Eco Lodge"
        },
        "category": "accommodation",
        "source": "visitfinland",
        "description": {
          "en": "Ollero Eco Lodge is a family-owned environmentally friendly cottage retreat by the Ounasjoki river on the Arctic Circle – just outside the city lights of Rovaniemi, Lapland, Finland. \n\nOllero Eco Lodge is an ideal stay for couples, families and small groups who want to experience Lapland and the peace and quiet of arctic nature in an environmentally friendly way.\n\nOllero Eco Lodge is a traditional Lapland cottage on the bank of the Ounasjoki river right outside the city of Rovaniemi. It is compo"
        },
        "fetched_at": "2026-09-14T17:13:22Z"
      },
      "geometry": {
        "type": "Point",
        "coordinates": [
          25.651629,
          66.557648
        ]
      }
    },
    {
      "type": "Feature",
      "properties": {
        "id": "vf:2e805170-3f22-40cd-8c2a-1c34425d8a42",
        "name": {
          "en": "Autumn Aurora package in Apukka Resort, Rovaniemi, Lapland 3+ nights"
        },
        "category": "accommodation",
        "source": "visitfinland",
        "url": "https://apukkaresort.fi/holiday-packages/autumn-holiday-packages/autumn-aurora/",
        "description": {
          "en": "Looking for the Autumn Auroras? Yes, please! This natural phenomenon is extraordinary, and here at Apukka Resort, we make hunting for the autumntime Northern lights fun for everybody!\nDid you know that the best time to spot Aurora Borealis is at the beginning and end of the Aurora Season, near equinoxes? The Aurora Borealis season in Finnish Lapland spans late August until early April.\n\nFor this three-night autumn holiday, we have included the best Northern Lights hunting tours and Aurora accomm"
        },
        "fetched_at": "2026-09-14T17:13:22Z"
      },
      "geometry": {
        "type": "Point",
        "coordinates": [
          26.014899,
          66.578334
        ]
      }
    },
    {
      "type": "Feature",
      "properties": {
        "id": "vf:308323a5-f9bb-4cec-bf1b-9739183c4b72",
        "name": {
          "en": "Glass igloos - Private Dining in Three Elves Restaurant"
        },
        "category": "restaurant",
        "source": "visitfinland",
        "url": "https://www.santaclausholidayvillage.fi/glass-igloo",
        "description": {
          "en": "If you are looking for a unique place to enjoy an unforgettable meal with your friends, come and enjoy the dinner in our glass igloo. The igloos are located on the terrace of our Three Elves restaurant in Santa Claus Village, Rovaniemi. In the winter time, you can observe the darkening sky and, if you're lucky, witness the brilliance of the northern lights in the starry sky. \n\nThe igloo can be booked for a group of up to 8 people. Dinner in a glass igloo will crown your trip to Lapland!"
        },
        "fetched_at": "2026-09-14T17:13:22Z"
      },
      "geometry": {
        "type": "Point",
        "coordinates": [
          25.844801,
          66.54292
        ]
      }
    },
    {
      "type": "Feature",
      "properties": {
        "id": "vf:3143b039-7872-4db0-b7b5-ad91eaf31f01",
        "name": {
          "en": "Kotatieva Restaurant",
          "fi": "Ravintola Kotatieva"
        },
        "category": "restaurant",
        "source": "visitfinland",
        "url": "https://kotatieva.fi/restaurant-kotatieva/",
        "opening_hours": "ma–la 12–22:30; su 12–21:30",
        "description": {
          "en": "Restaurant Kotatieva is located in Rovaniemi, Finnish Lapland, approximately 10 km from Rovaniemi city centre, surrounded by peaceful Arctic forest.\n\nFlavours of Lapland, warmth of the Arctic forest.\n\nOur atmospheric log restaurant combines local ingredients, Lappish flavours and relaxed Kotatieva-style hospitality. Inspired by Lapland’s traditions and nature, we work with local producers and use ingredients such as reindeer, locally farmed rainbow trout, Lapland’s Puikula potatoes and wild fore",
          "fi": "Restaurant Kotatieva sijaitsee Rovaniemellä, Suomen Lapissa, noin 10 km Rovaniemen keskustasta rauhallisen arktisen metsän ympäröimänä.\n\nLapin makuja, arktisen metsän lämpöä.\n\nTunnelmallisessa hirsiravintolassamme yhdistyvät paikalliset raaka-aineet, lappilaiset maut ja rento Kotatievan vieraanvaraisuus. Keittiömme ammentaa inspiraationsa Lapin perinteistä ja luonnosta. Teemme yhteistyötä paikallisten tuottajien kanssa, ja ruokalistallamme maistuvat muun muassa poro, paikallisesti kasvatettu kir"
        },
        "fetched_at": "2026-09-14T17:13:22Z"
      },
      "geometry": {
        "type": "Point",
        "coordinates": [
          25.748881,
          66.519026
        ]
      }
    },
    {
      "type": "Feature",
      "properties": {
        "id": "vf:31588772-ed83-4f00-8e58-389a8d7cfa6e",
        "name": {
          "fi": "Vaattunki Wilderness Resort",
          "en": "Vaattunki Wilderness Resort"
        },
        "category": "accommodation",
        "source": "visitfinland",
        "url": "https://www.vaattunki.com",
        "opening_hours": "ma–su 00–24",
        "description": {
          "fi": "Vaattunki Wilderness Resort toivottaa sinut tervetulleeksi keskelle Lapin kaunista luonnonympäristöä Napapiirin retkeilyalueen kupeeseen.  Uudistettu hotellimme yhdistää saumattomasti Lapin vetovoiman viihtyisään elegantteihin ja uudistettuihin majoituksiin. Vaattunki on sinun tyyssijasi Lapissa ja olemme suunnitelleet kaiken sinun mukavuuttasi ajatellen. \n \nVaattungissa voit valita neljän uniikin majoitustyypin välillä: \n \nTilavuutta ja yksityisyyttä tarjoavat Riverside Suites omalla saunalla j",
          "en": "Vaattunki Wilderness Resort welcomes you for a boutique hideaway that redefines Arctic hospitality. Located in one of Rovaniemi’s most scenic landscapes, shaped by the Raudanjoki River, Vaattunki is designed for travellers who seek adventure and serenity in an intimate nature setting. \n\nCompleting an exciting transformation in Summer 2025, Vaattunki is elevating its boutique experience with thoughtfully upgraded accommodations and refined spaces. Seamlessly blending Lapland’s raw beauty with cos"
        },
        "fetched_at": "2026-09-14T17:13:22Z"
      },
      "geometry": {
        "type": "Point",
        "coordinates": [
          26.119333,
          66.594368
        ]
      }
    },
    {
      "type": "Feature",
      "properties": {
        "id": "vf:36a63737-8ef3-4262-92c8-c7cb73159858",
        "name": {
          "en": "Lappish restaurant Gaissa",
          "fi": "Lappiravintola Gaissa"
        },
        "category": "restaurant",
        "source": "visitfinland",
        "url": "https://santashotels.fi/en/lappish-restaurant-gaissa/",
        "description": {
          "en": "Restaurant Gaissa has the Chaîne des Rôtisseurs recognition for the excellent quality of the food. Welcome to enjoy the delicious tastes from Lapland! Restaurant Gaissa’s menu includes traditional Finnish and Lappish delicacies with a modern twist. The dishes are made of local ingredients, using traditional recipes.\n\nThe restaurant is located at the 2nd floor of Hotel Santa Claus in Rovaniemi, Lapland.",
          "fi": "Lappiravintola Gaissa Rovaniemellä on saanut Chaîne des Rôtisseurs -järjestön myöntämän Rôtisseurs-kilven erinomaisesta ruoan laadusta. Ravintola sijaitsee hotellin toisessa kerroksessa. Ravintola tarjoilee à la carte -listallaan herkkuja Suomen ja Lapin makumaailmoista."
        },
        "fetched_at": "2026-09-14T17:13:22Z"
      },
      "geometry": {
        "type": "Point",
        "coordinates": [
          25.73161,
          66.50269
        ]
      }
    },
    {
      "type": "Feature",
      "properties": {
        "id": "vf:36cd3c15-82dc-43d6-bd18-f6964c71de47",
        "name": {
          "fi": "Hotelli ja lomahuoneistot Metsähirvas",
          "en": "Hotel & Holiday Homes Metsähirvas"
        },
        "category": "accommodation",
        "source": "visitfinland",
        "url": "https://www.metsahirvas.fi/en-gb",
        "opening_hours": "ma–su 08–22",
        "description": {
          "fi": "Metsähirvas tarjoaa laadukasta majoitusta ympäri vuoden kaikissa vuodenajoissa niin lomailijoille kuin työmatkaajillekin. \n\nTarjoamme vieraillemme täydellisen hotellielämyksen rauhallisessa ympäristössä vain 20 minuutin päässä Rovaniemen keskustasta.\nHotellimajoituksen lisäksi saatavilla on viihtyisiä saunallisia lomahuoneistoja aivan päärakennuksen välittömässä läheisyydessä palvelujen vieressä. \n\nAktiviteettikumppanimme Pure Lapland järjestää opastettuja aktiviteettiohjelmia ympäri vuoden, ohj",
          "en": "Hotel Metsähirvas offers quality accommodation and services for our guests throughout the year in all seasons. \n\nHotel Metsähirvas combines modern rooms and beautiful nature in one place. We offer our guests the perfect forest hotel experience in a peaceful location just 20 minutes from downtown Rovaniemi. \n\nHotel car transfers, restaurant services and activity partner Pure Lapland offers full experience all-year-round, starting from the moment you step in to the hotel reception. \n\nWe welcome yo"
        },
        "fetched_at": "2026-09-14T17:13:22Z"
      },
      "geometry": {
        "type": "Point",
        "coordinates": [
          25.417047,
          66.416406
        ]
      }
    },
    {
      "type": "Feature",
      "properties": {
        "id": "vf:3a0451e3-5b33-4aef-8b63-f5dd6d537fda",
        "name": {
          "en": "In the Search of the Christmas Spirit package in Apukka Resort, Rovaniemi, 4+ nights"
        },
        "category": "accommodation",
        "source": "visitfinland",
        "url": "https://apukkaresort.fi/holiday-packages/winter-holiday-packages/in-the-search-of-the-christmas-spirit/",
        "opening_hours": "ma–su 00–24",
        "description": {
          "en": "The Christmas spirit lives in Rovaniemi all year round — and at Apukka Resort, you can feel its festive magic before, during, and after December! Here, snowy adventures, beautiful nature, and of course, Santa Claus himself, warmly welcome you. Even the biggest Grinch will feel their heart melt when visiting Santa in his secret hideaway, tucked deep within the enchanted forest. This holiday package is perfect for families and anyone dreaming of a truly authentic Lappish Christmas experience.\n\nThi"
        },
        "fetched_at": "2026-09-14T17:13:22Z"
      },
      "geometry": {
        "type": "Point",
        "coordinates": [
          26.013341,
          66.577945
        ]
      }
    },
    {
      "type": "Feature",
      "properties": {
        "id": "vf:3abfd9b2-f177-4bf0-ad05-703a215b3605",
        "name": {
          "en": "Raitola Panorama Lodge"
        },
        "category": "accommodation",
        "source": "visitfinland",
        "url": "https://raitola.fi/accommodation/",
        "opening_hours": "ma–su 08–16",
        "description": {
          "en": "High-quality lodge with private sauna in Rovaniemi\n\nExperience the magic of Lapland in a peaceful, high-quality lodge located on an authentic reindeer and husky farm near the Arctic Circle. Surrounded by nature, the lodge offers a perfect combination of comfort and genuine northern atmosphere.\n\nThe accommodation is ideal for up to four guests, with the possibility of an extra bed for a child. After a day outdoors, unwind in your private sauna and enjoy the tranquility of the Arctic surroundings."
        },
        "fetched_at": "2026-09-14T17:13:22Z"
      },
      "geometry": {
        "type": "Point",
        "coordinates": [
          25.937671,
          66.56905
        ]
      }
    },
    {
      "type": "Feature",
      "properties": {
        "id": "vf:3b3f8b81-9e6a-4770-8a04-1ee4c22faa35",
        "name": {
          "en": "Ounasvaara Lakituvat"
        },
        "category": "accommodation",
        "source": "visitfinland",
        "url": "https://www.safartica.com/accommodation/ounasvaara-chalets/",
        "description": {
          "en": "Chalets located in Rovaniemi on top of hill Ounasvaara near to the Arctic Circle. Nature trails and ski trail networks, downhill ski slopes, golf centre, and sports & wellness facilities of Santasport are in its immediate proximity. Chalets are unique as the they are surrounded by the nature even though located a short distance away from Rovaniemi city center. And it’s not that rare to see a pack of reindeer on the chalet yard! Culture, shopping and hobby opportunities are located within a walki"
        },
        "fetched_at": "2026-09-14T17:13:22Z"
      },
      "geometry": {
        "type": "Point",
        "coordinates": [
          25.786543,
          66.499831
        ]
      }
    },
    {
      "type": "Feature",
      "properties": {
        "id": "vf:3c32010d-326d-445b-b158-ce78ac79dbbb",
        "name": {
          "sv": "Scandic Rovaniemi City",
          "fi": "Scandic Rovaniemi City",
          "en": "Scandic Rovaniemi City",
          "de": "Scandic Rovaniemi City"
        },
        "category": "accommodation",
        "source": "visitfinland",
        "url": "https://www.scandichotels.com/hotels/finland/rovaniemi/scandic-rovaniemi-city?cmpid=pa_visitfinland_rovaniemicity",
        "description": {
          "sv": "Mysigt hotell med alla bekvämligheter i Rovaniemis stadskärna. Rum med en lappländsk atmosfär, en bra restaurang och trevlig service garanterar en mysig och oförglömlig vistelse vid norra polcirkeln.\n\nDet är lätt att trivas när du bor hos oss. Med det breda urvalet av stilfullt inredda rum finns det något för alla behov. Våningssängar gör det enkelt för familjer att njuta av sin vistelse. En elegant svit med balkong är det perfekta valet för en speciell vistelse. Med lite tur kan du få se norrsk",
          "fi": "Viihtyisä hotelli kaikilla mukavuuksilla Rovaniemen ydinkeskustassa. Lappi-sisustetut huoneet, hyvä ravintola ja ystävällinen palvelu takaavat viihtyisät puitteet ikimuistoiseen vierailun napapiirillä.\n\nHotellissamme on helppo viihtyä. Tyylikkäästi sisustetut huoneet sekä kattava huonevalikoima tarjoavat vaihtoehtoja jokaiseen tarpeeseen. Kerrossängyt helpottavat lapsiperheiden yöpymistä. Ylellinen, parvekkeellinen sviitti puolestaan on täydellinen valinta hemmotteluun. Hyvällä tuurilla voit iha",
          "en": "Cozy hotel with all amenities in the heart of Rovaniemi. Rooms with Lappish atmosphere, a good restaurant and friendly service will guarantee a cosy and unforgettable visit to the Arctic Circle.\n\nIt’s easy to enjoy your stay at our hotel. The extensive selection of stylishly decorated rooms cater for all needs. Bunk beds in the rooms make it easy for families to enjoy their stay. A luxurious suite with a balcony is the perfect choice for a pampering stay. With a bit of luck, you will be able to ",
          "de": "Gemütliches Hotel mit allen Annehmlichkeiten im Zentrum von Rovaniemi. Zimmer mit der Atmosphäre Lapplands, ein gutes Restaurant und ein freundlicher Service garantieren einen gemütlichen und unvergesslichen Aufenthalt am Polarkreis.\n\nIn unserem Hotel werden Sie sich garantiert wohlfühlen! Die umfangreiche Auswahl an stilvoll eingerichteten Zimmern lässt keine Wünsche offen. Etagenbetten in den Zimmern garantieren Familien einen angenehmen Aufenthalt. Eine luxuriöse Suite mit Balkon ist die perf"
        },
        "fetched_at": "2026-09-14T17:13:22Z"
      },
      "geometry": {
        "type": "Point",
        "coordinates": [
          25.727291,
          66.503046
        ]
      }
    },
    {
      "type": "Feature",
      "properties": {
        "id": "vf:3ce1f985-8a3d-4a94-b788-555245aac8c8",
        "name": {
          "en": "Frans&Chérie Rovaniemi",
          "fi": "Frans&Chérie Rovaniemi"
        },
        "category": "restaurant",
        "source": "visitfinland",
        "url": "https://www.raflaamo.fi/en/restaurant/rovaniemi/frans-cherie-rovaniemi",
        "opening_hours": "ma–pe 11–22; la 14–22",
        "description": {
          "en": "This happy French restaurant welcomes you to the pulsating heart of Rovaniemi, the restaurant at the base of Original Sokos Hotel Vaakuna Rovaniemi. We combine a relaxed atmosphere with love for and enjoyment of good food in an atmospheric environment.\n \nOur menu offers unique rural French experiences. Fresh ingredients combined with traditional French recipes and new creations by our chefs guarantee a great meal experience for all tastes. Our extensive and carefully composed wine selection comp",
          "fi": "Elämäniloinen ranskalainen ravintola toivottaa tervetulleeksi Rovaninemen sykkivään sydämeen, ravintolaan Original Sokos Hotel Vaakuna Rovaniemen yhteydessä. Meillä rentous sekä rakkaus hyvään ruokaan ja siitä nauttimiseen yhdistyvät tunnelmalliseen miljööseen.\n\nMenumme tarjoaa ainutkertaisia, maalaisranskalaisia elämyksiä. Tuoreet raaka-aineet yhdistettynä perinteisiin ranskalaisiin resepteihin sekä keittiömestarimme uusiin luomuksiin takaavat onnistuneen ruokailukokemuksen jokaiseen makuun. Ka"
        },
        "fetched_at": "2026-09-14T17:13:22Z"
      },
      "geometry": {
        "type": "Point",
        "coordinates": [
          25.73614,
          66.502028
        ]
      }
    },
    {
      "type": "Feature",
      "properties": {
        "id": "vf:3e7f41eb-a50b-4ac7-8ddb-6bc1bd5f8318",
        "name": {
          "de": "Scandic Pohjanhovi",
          "en": "Scandic Pohjanhovi",
          "fi": "Scandic Pohjanhovi",
          "sv": "Scandic Pohjanhovi"
        },
        "category": "accommodation",
        "source": "visitfinland",
        "url": "https://www.scandichotels.com/en/hotels/scandic-pohjanhovi?cmpid=pa_visitfinlanddatahub_pohjanhovi",
        "description": {
          "de": "Das Pohjanhovi bietet eine vielseitige Auswahl an Zimmern, die sowohl Freizeit- als auch Geschäftsreisende ansprechen. Viele Zimmer bieten einen atemberaubenden Blick auf den Fluss Kemijoki, während andere mit privaten Balkonen ausgestattet sind. Das Innendesign verbindet nahtlos modernen nordischen Stil mit den Farben und Texturen der natürlichen Landschaft Lapplands und schafft eine gemütliche, aber raffinierte Atmosphäre.\n\nDas sich weiterentwickelnde Restaurant des Hotels bringt den Norden au",
          "en": "The legendary hotel stands proudly in the heart of Rovaniemi, right by the Kemijoki River. An icon in Lapland’s hotel scene blends northern aesthetics with modern comfort, creating a unique experience where history and modern comfort seamlessly come together.\n\nPohjanhovi offers versatile selection of rooms, catering to both leisure and business travelers. Many rooms boast breathtaking views of the Kemijoki River, while others feature private balconies. The interior design seamlessly blends moder",
          "fi": "Legendaarinen hotelli kohoaa ylpeänä Rovaniemen sydämessä, aivan Kemijoen rannalla. Tämä Lapin majoitusmaailman ikoni yhdistää pohjoisen estetiikan moderniin mukavuuteen, luoden ainutlaatuisen elämyksen, jossa historia ja nykyaika sulautuvat saumattomasti yhteen.\n\nPohjanhovi tarjoaa monipuolisen huonevalikoiman, josta löytyvät sopivat vaihtoehdot niin lomamatkailijoille kuin liikematkustajille. Osasta huoneista on upeat näkymät Kemijoelle, ja osassa on oma parveke. Osa huoneista on täysin uudist",
          "sv": "Ett legendariskt hotell vid Kemi älv på Rovaniemis bästa läge. En ikon bland Lapplands hotell som mixar nordisk elegans med modern komfort vilket skapar en unik upplevelse där historia möter modern tid.\n\nPohjanhovi erbjuder ett brett urval av rum som möter både fritids- och affärsresenärers behov. Flera rum har en fantastisk utsikt över Kemi älv, medans andra har egen balkong. Interiören mixar modern nordisk stil med färg och textur hämtad från det lappländska landskapet vilket skapar en trivsam"
        },
        "fetched_at": "2026-09-14T17:13:22Z"
      },
      "geometry": {
        "type": "Point",
        "coordinates": [
          25.737009,
          66.502153
        ]
      }
    },
    {
      "type": "Feature",
      "properties": {
        "id": "vf:3f7f5a51-ee37-4aad-b9f2-2b6d894548c5",
        "name": {
          "en": "Three Elves Restaurant"
        },
        "category": "restaurant",
        "source": "visitfinland",
        "url": "https://www.santaclausholidayvillage.fi/en/restaurants/three-elves-restaurant-en-us/",
        "opening_hours": "ma–su 15–22",
        "description": {
          "en": "Three Elves Restaurant serves customers in the heart of the Santa Claus  Holiday Village in Rovaniemi, making it the magical dining destination that brings the spirit of Christmas to life year-round.  Our atmospheric restaurant offers culinary experiences full of pure, genuine flavors and featuring Lappish ingredients.\nFrom traditional salmon dishes to succulent reindeer steaks, the menu offers a delightful culinary journey through the Arctic flavors, accompanying with occasional visits from San"
        },
        "fetched_at": "2026-09-14T17:13:22Z"
      },
      "geometry": {
        "type": "Point",
        "coordinates": [
          25.84489,
          66.543033
        ]
      }
    },
    {
      "type": "Feature",
      "properties": {
        "id": "vf:43b7f202-7a4a-4dc9-97e1-a7feaaf86217",
        "name": {
          "en": "Pentik Rovaniemi Napapiiri store in Santa Claus village"
        },
        "category": "shop",
        "source": "visitfinland",
        "url": "https://www.pentik.com/collections/tekstiilit-uutuudet",
        "opening_hours": "ma–su 10–17",
        "description": {
          "en": "Pentik’s Rovaniemi Arctic Circle store is an experiential home décor and gift shop.\nThe store is located in the Arctic Circle Shopping Centre at Santa Claus Village and offers Pentik’s experiential basic and seasonal collections.\n\nPentik Oy’s ceramic factory is located in Posio, Finland.\nFinnish-made tableware and gift products are united by the company’s history and brand story — a 50-year journey from ceramics to a way of life.\n\nPentik has been part of homes for over 50 years. Our story began "
        },
        "fetched_at": "2026-09-14T17:13:22Z"
      },
      "geometry": {
        "type": "Point",
        "coordinates": [
          25.848355,
          66.543355
        ]
      }
    },
    {
      "type": "Feature",
      "properties": {
        "id": "vf:470189d0-dab5-4b8e-a824-9785e77fbbfc",
        "name": {
          "en": "Lapland Hotels Sky Ounasvaara",
          "fi": "Lapland Hotels Sky Ounasvaara"
        },
        "category": "accommodation",
        "source": "visitfinland",
        "url": "https://www.laplandhotels.com/EN/hotels-in-lapland/rovaniemi/lapland-hotels-sky-ounasvaara.html",
        "description": {
          "en": "Lapland Hotels Sky Ounasvaara in Rovaniemi is located in the middle of a landscape that opens to the horizon, snow-burdened trees, rugged rocks and the light of the nightless night. The northern world charms you as soon as you open the hotel’s front door — the slopes of the ski centre, ski tracks in the first snow, and amazing biking paths all bring you close to the nature. The rooms of the fully renewed classic hotel combine the high-quality materials of Lapland and the presence of nature outsi",
          "fi": "Lapland Hotels Sky Ounasvaara sijaitsee Rovaniemellä keskellä taivaanrantaan aukeavaa maisemaa, talvella tykkylumisia puita, karuja kallioita ja yöttömän yön valoa. Pohjoinen maailma aukeaa valloittavana heti hotellin etuovelta – hiihtokeskuksen rinteet, ensilumen ladut sekä pyöräilymaastot tuovat luonnon lähelle. Täysin uudistetun klassikkohotellin huoneissa yhdistyvät Lapin laadukkaimmat materiaalit ja luonnon läsnäolo suurien ikkunoiden kautta. Hotellin aulassa tunnelmaa luo pehmeä takkatulen"
        },
        "fetched_at": "2026-09-14T17:13:22Z"
      },
      "geometry": {
        "type": "Point",
        "coordinates": [
          25.78871,
          66.501874
        ]
      }
    },
    {
      "type": "Feature",
      "properties": {
        "id": "vf:4a3518bd-3589-4db4-91cb-f81032c12b9e",
        "name": {
          "en": "Restaurant Nili",
          "ru": "Ресторан Nili",
          "sv": "Restaurang Nili",
          "de": "Restaurant Nili",
          "fr": "Restaurant Nili",
          "zh": "尼力餐厅",
          "ja": "レストラン ニリ",
          "it": "Ristorante Nili",
          "es": "Restaurante Nili"
        },
        "category": "restaurant",
        "source": "visitfinland",
        "url": "https://nili.fi/en/etusivu-english-copy/",
        "opening_hours": "ti–la 17–22",
        "description": {
          "en": "Step into our restaurant in heart of Rovaniemi and let the unique atmosphere take you to the journey of fells and wilderness. Be delighted by the flavours of  Lapland prepared from fresh Arctic ingredients.\n\nThe restaurant consist of three parts: the main dining room which seats 65 persons, a smaller \"Reindeer room\" for 20 persons and Nili´s Nest for 70 persons just across the street.\nThe furnishings are genuine Lappish handicraft and materials such as Lappish wood, reindeer horns and reindeer l",
          "ru": "Аппетитная Лапландия\nПосетите наш ресторан в самом центре Рованиеми, и пусть его неповторимая атмосфера перенесет вас в холмистые дали на лоне природы. Наслаждайтесь вкусными блюдами Лапландии, приготовленными из свежих продуктов с Севера.\n\nРесторан состоит из трех частей: главного обеденного зала на 65 человек, «Оленьего зала» меньшего размера на 20 человек и зала «Гнезда Нили» на 70 человек прямо через дорогу.\nМебель изготовлена вручную саамскими мастерами, а в отделке используются саамская др",
          "sv": "Lappland får det att vattnas i munnen\nKom in på vår restaurang i hjärtat av Rovaniemi och låt den unika stämningen ta dig med på en resa i fjäll och vildmark. Låt dig intagas av Lapplands smaker, tillagade med färska arktiska ingredienser.\n\nRestaurangen består av tre delar: huvudmatsalen med plats för 65 personer, det mindre \"Renrummet\" för 20 personer och Nilis Näste för 70 personer på andra sidan gatan.\nInredningen utgörs av äkta samiskt hantverk, och material som samiskt trä, renhorn och rens",
          "de": "Lappland zum Anbeißen\nTreten Sie in unser Restaurant im Herzen von Rovaniemi ein und lassen Sie sich von der einzigartigen Atmosphäre auf eine Reise durch die Fjälls und die Wildnis entführen. Lassen Sie sich von den Aromen Lapplands begeistern, zubereitet aus frischen arktischen Zutaten.\n\nDas Restaurant besteht aus drei Teilen: dem Hauptspeisesaal für 65 Personen, einem kleineren Rentierzimmer für 20 Personen und Nili's Nest für 70 Personen auf der anderen Straßenseite.\nDie Einrichtung besteht ",
          "fr": "La Laponie fait saliver vos papilles\nEntrez dans notre restaurant au cœur de Rovaniemi et laissez son atmosphère unique vous transporter jusqu'aux sommets et dans la nature sauvage. Découvrez les saveurs de la Laponie révélées par la fraîcheur des ingrédients de l'Arctique.\n\nLe restaurant est divisé en trois parties : la salle principale pouvant accueillir 65 personnes, une plus petite salle (la salle des rennes) pour 20 convives et Nili's Nest pour 70 personnes de l'autre côté de la rue.\nIssu d",
          "zh": "风味拉普兰\n走进这间位于罗瓦涅米 (Rovaniemi) 中心地带的餐厅，让独特的氛围将您包围，带您进入旷野之旅。来享受使用新鲜北极食材烹制而成的拉普兰风味美食吧。\n\n餐厅包含三个部分：主餐厅（可容纳 65 人）、小型“驯鹿主题包厢”（可容纳 20 人）、街对面的尼力之巢 (Nili´s Nest)（可容纳 70 人）。\n店内家居均为纯手工制作的拉普兰风格制品，材料包括拉普兰木材、驯鹿角、驯鹿皮，令家居的设计体现出了很强烈的特色。\n\n尼力餐厅 (Restaurant Nili) 可提供拉普兰风味菜肴，这间位于罗瓦涅米中心地带的餐厅有着温馨的氛围，旁边就是酒店和旅行公司。餐厅以拉普兰风味和芬兰本土食材为底，在烹饪时全身心投入。\n\n餐厅经历 15 多年的历史，俨然成为一个传奇，也成为了世界上最知名的拉普兰餐厅。\n\n尼力餐厅曾获各餐厅类与服务类的奖项。\n\n“nili”一词指修建在高高的树桩上的古老的拉普兰食物宝库。\n\n欢迎来体验拉普兰的魅力！",
          "ja": "食欲をそそるラップランド\nロヴァニエミの中心部にある当レストランに足を踏み入れれば、独特の雰囲気がお客様を山や原野の旅へと誘います。北極圏の新鮮な食材を使ったラップランドの味をお楽しみください。\n\n当レストランは、65 名収容のメインダイニング、20 名収容の小さな「トナカイの部屋」、そして通りを挟んだ向かい側にある 70 名収容の「ニリの巣」の 3 室から構成されています。\n家具は本物のラップランドの手工芸品で、ラップランドの木、トナカイの角、トナカイの革などの素材がデザインに大きく反映されています。\n\nレストラン ニリは、ロヴァニエミの中心部に位置し、ホテルやサファリカンパニーに近いロケーションで、ラップランドの料理と温かい雰囲気をご提供しています。当店は、ラップランドとフィンランドの純粋な食材を基本に、キッチンで最初から最後まで心をこめて調理しています。\n\nニリは 15 年以上の歴史の中で、伝説的な世界で最もよく知られたラップランド料理のレストランとなりました。\n\nまた、レストランやサービスのカテゴリで何度も受賞歴があります。\n\n「ニリ（nili）」とは、ラップランドの古い食料貯",
          "it": "Lapponia da leccarsi i baffi\nVienici a trovare nel cuore di Rovaniemi e lascia che la nostra atmosfera unica ti porti tra le colline e la natura selvaggia. Lasciati conquistare dai sapori della Lapponia realizzati con ingredienti freschi della regione artica.\n\nIl ristorante si compone di tre parti: la sala da pranzo principale che può ospitare 65 persone, una piccola \"sala delle renne\" per 20 persone e il Nili’s Nest da 70 persone proprio dall’altra parte della strada.\nGli arredi sono in vero ar",
          "es": "Una Laponia que te hace la boca agua\nEntra en nuestro restaurante en el corazón de Rovaniemi y deja que el ambiente único te transporte a las colinas y a la naturaleza salvaje. Deléitate con los sabores de Laponia preparados con ingredientes frescos del Ártico.\n\nEl restaurante consta de tres partes: el comedor principal con capacidad para 65 personas, una «Sala del reno» más pequeña para 20 personas y Nili´s Nest para 70 personas al otro lado de la calle.\nEl mobiliario es auténtica artesanía lap"
        },
        "fetched_at": "2026-09-14T17:13:22Z"
      },
      "geometry": {
        "type": "Point",
        "coordinates": [
          25.73454,
          66.50199
        ]
      }
    },
    {
      "type": "Feature",
      "properties": {
        "id": "vf:4a9266f8-225c-4ed9-b261-89b5995ec9b1",
        "name": {
          "en": "Royal Reindeer Ounasvaara",
          "fi": "Royal Reindeer Ounasvaara"
        },
        "category": "restaurant",
        "source": "visitfinland",
        "url": "https://www.royalreindeer.com/en",
        "description": {
          "en": "Take a break from everyday life by the fireplace with good food and drink. Restaurant, event venue and catering services in the wonderful nature of Rovaniemi.\n\nLocated near the center of Rovaniemi, Royal Reindeer Ounasvaara locally known as Ounasvaaran Maja offers a genuine Lapland atmosphere and an authentic environment for all moments and occasions in life.This log house was built in the late 40´s and it has served as a gathering place for locals and tourists for over 70 years. Exuding history",
          "fi": "Unohda arjen kiireet hyvän ruoan, juoman ja takkatulen ääressä. Ravintola-, juhlatila- ja catering-palvelut Rovaniemen upeissa vaaramaisemissa.\n\nRoyal Reindeer Ounasvaara, tutummin Ounasvaaran maja on Rovaniemen keskustan tuntumassa, Ounasvaaran laella sijaitseva 120-paikkainen ravintola, jonka jykevien hirsiseinien huomassa on vietetty kaikkia elämän hetkiä yli 70 vuoden ajan. Esteetön ravintola tarjoaa tunnelmallisen ja idyllisen miljöön kaikkiin elämän arkisiin ja juhlaviin hetkiin sekä tilai"
        },
        "fetched_at": "2026-09-14T17:13:22Z"
      },
      "geometry": {
        "type": "Point",
        "coordinates": [
          25.782757,
          66.50144
        ]
      }
    },
    {
      "type": "Feature",
      "properties": {
        "id": "vf:4b232437-cf37-4926-b34f-11be99706854",
        "name": {
          "fi": "Hostel Cafe Koti Polkupyörät",
          "en": "City Bikes for Rental - Hostel Café Koti"
        },
        "category": "bike_rental",
        "source": "visitfinland",
        "url": "https://hostelcafekoti.fi/en",
        "opening_hours": "ma–pe 07–18; la 08–18; su 08–11",
        "description": {
          "fi": "Hostel Café Kodin vastaanotosta vuokrattavissa kaupunkipyöriä. Vaihteettomia ja helppokäyttöisiä perus mummopyöriä Rovaniemellä – täydellisiä kaupungissa liikkumiseen! \n\nPyörät vuokrattavissa vastaanottomme aukioloaikana. Pyörävuokran hintaan sisältyy myös pyöräilykypärä.",
          "en": "We have easy-to-ride, gearless bikes – just what you need to get around the city! No frills, just simple bikes that’ll take you wherever you want to go. Perfect for cruising around and exploring the city of Rovaniemi. Hop on and enjoy the ride!\n\nBike rentals are available at our reception during opening hours."
        },
        "fetched_at": "2026-09-14T17:13:22Z"
      },
      "geometry": {
        "type": "Point",
        "coordinates": [
          25.733756,
          66.501244
        ]
      }
    },
    {
      "type": "Feature",
      "properties": {
        "id": "vf:4b2eed3b-5d83-4b6f-859e-94d542adf968",
        "name": {
          "fi": "Ranch Kuulas",
          "en": "Ranch Kuulas"
        },
        "category": "accommodation",
        "source": "visitfinland",
        "url": "https://www.ranchkuulas.com/stay/",
        "description": {
          "fi": "Luhtiaittamme Rovaniemellä tarjoaa mukavat huoneet yhdelle tai kahdelle hengelle, täydellinen valinta sinulle, joka kaipaat rauhallista hengähdyshetkeä luonnon keskellä. Jokainen huone on sisustettu historiallista maalaiselämää kunnioittaen, mutta tarjoaa kaiken olennaisen hyvään yöuneen. Astu ajassa taaksepäin ja kuvittele, millaista oli elää entisaikojen piiankamarissa tai renkien tuvassa, Lapin kauneuden ympäröimänä.\n\nKuten vanhaan aikaan, sauna ja suihkut löytyvät piharakennuksesta ja ovat y",
          "en": "Our luhtiaitta in Rovaniemi offers comfortable rooms for 1 or 2 guests, perfect for those looking for a peaceful retreat in the heart of nature. Each room is designed to reflect the charm of historical farm life, while providing all the essentials for a good night’s rest. Step back in time and imagine living like the farmhands and maids of old, surrounded by the beauty of Lapland.\n\nJust like in the old days, the sauna and showers are shared and accessed from outside. After a day of adventures or"
        },
        "fetched_at": "2026-09-14T17:13:22Z"
      },
      "geometry": {
        "type": "Point",
        "coordinates": [
          26.178936,
          66.851402
        ]
      }
    },
    {
      "type": "Feature",
      "properties": {
        "id": "vf:4c399029-f627-40cb-b9b9-244025d90902",
        "name": {
          "en": "Mystical Lapland Cabin",
          "fi": "Mystical Lapland Mökki"
        },
        "category": "accommodation",
        "source": "visitfinland",
        "url": "https://app.moder.fi/mystical-lapland/9275?lang=fi&step=1",
        "description": {
          "en": "Welcome to our cozy chalet that offers a peaceful stay only 15minutes away from Santa Claus Village and the Rovaniemi city center.\n\nThis chalet features free private parking next to the chalet and free WiFi. This chalet features 1 bedroom, a kitchenette with a microwave and a fridge. In this kitchenette you can cook your meals and have a stay home evening. Chalet also has a flat-screen TV, a seating area and 1 bathroom fitted with a walk-in shower. A private entrance leads guests into the chalet",
          "fi": "Tervetuloa viihtyisään mökkiimme, joka tarjoaa rauhallisen majoituksen vain 15 minuutin ajomatkan päässä Joulupukin Pajakylästä ja Rovaniemen keskustasta.\n\nMökissä on ilmainen yksityinen pysäköinti aivan mökin vieressä sekä maksuton WiFi. Majoituksessa on yksi makuuhuone sekä minikeittiö, jossa on mikroaaltouuni ja jääkaappi. Minikeittiössä voit valmistaa omat ateriasi ja viettää rauhallisen koti-illan. Mökissä on myös taulu-TV, oleskelualue sekä kylpyhuone, jossa on suihkutila. Oma sisäänkäynti"
        },
        "fetched_at": "2026-09-14T17:13:22Z"
      },
      "geometry": {
        "type": "Point",
        "coordinates": [
          25.660778,
          66.588718
        ]
      }
    },
    {
      "type": "Feature",
      "properties": {
        "id": "vf:4dfac12b-c3f2-42c0-974d-0c4f6282305e",
        "name": {
          "en": "Korundi Shop",
          "fi": "Korundi Shop"
        },
        "category": "shop",
        "source": "visitfinland",
        "url": "https://korundi.fi/en/visit/korundi-shop",
        "description": {
          "en": "Northern style from Korundi Shop! Our shop offers a charming selection of arctic art and design. The shop's selection includes delightful art objects and paper products, jewelry, Rovaniemi-themed items, and design products that strongly embody the essence of the North. The high-quality local products make unique gifts and souvenirs.\n\nThe Korundi Shop is located next to the Korundi House of Culture ticket sales in Rovaniemi, and you can visit the shop without an purchasing an admission ticket. Ko",
          "fi": "Pohjoista tyyliä Korundi Shopista! Kauppamme tarjoaa viehättävän valikoiman arktista designia ja taidetta. Kaupan valikoimasta löytyy hauskoja taide-esineitä, ihania paperituotteita, koruja, Rovaniemi-aiheisia tuotteita sekä designtuotteita joissa pohjoisuus on vahvasti läsnä. Laadukkaista paikallistuotteistamme käärit uniikit lahjat ja tuliaiset. \n\nKorundi Shop sijaitsee Kulttuuritalo Korundin lipunmyynnin yhteydessä Rovaniemellä ja ostoksille voi tulla ilman pääsylipun ostoa. Korundi Shop on a"
        },
        "fetched_at": "2026-09-14T17:13:22Z"
      },
      "geometry": {
        "type": "Point",
        "coordinates": [
          25.718223,
          66.500772
        ]
      }
    },
    {
      "type": "Feature",
      "properties": {
        "id": "vf:4ebfa2d2-919b-43ca-b24c-a965008f0176",
        "name": {
          "en": "Restaurant Valdemari"
        },
        "category": "restaurant",
        "source": "visitfinland",
        "url": "http://www.valdemari.fi/index.php/englis",
        "opening_hours": "ma–to 11–21; pe–la 11–03; su 12–21",
        "description": {
          "en": "The local Restaurant Valdemari in Rovaniemi is home to an easy going mood all year around. When the frosts have gone, you can drop in and relax on our welcoming terrace to admire Lapland´s fantastic views. And when the midnight sun is shining there is no better place to be than our summer terrace. Our restaurant has seats for 150 guests and our summer terrace for 300 guests.\nWe provide catering services all year and host lunches and dinners for private parties. Contact us for more information.\nF"
        },
        "fetched_at": "2026-09-14T17:13:22Z"
      },
      "geometry": {
        "type": "Point",
        "coordinates": [
          25.74555,
          66.50179
        ]
      }
    },
    {
      "type": "Feature",
      "properties": {
        "id": "vf:4f250d96-292e-463d-85c1-97edfd1404aa",
        "name": {
          "en": "Arctic Circle Luxury House",
          "fi": "Arctic Circle Luxury House"
        },
        "category": "accommodation",
        "source": "visitfinland",
        "url": "https://www.santasgiftcompany.com/pages/arctic-circle-luxury-house",
        "description": {
          "en": "Stay in comfort — live like the locals.\n\nWe rent out our stunning and spacious accommodation, Arctic Circle Luxury House, located at the Arctic Circle.\n\nArctic Circle Luxury House is situated next to Santa Claus Village, close to beautiful nature, unique experiences, and excellent outdoor and recreational activities.\n\nStep straight outside into nature, admire the Northern Lights, listen to the howling huskies from the nearby husky park, enjoy cozy dinners, sleep peacefully through the night, tak",
          "fi": "Majoitu laadukkaasti - asu kuin paikalliset. \n\nVuokraamme upeaa ja tilavaa majoituskohdettamme Arctic Circle Luxury Housea Napapiirillä. \n\nArctic Circle Luxury House sijaitsee Joulupukin Pajakylän vieressä lähellä kaunista luontoa, elämyspalveluita ja liikuntamahdollisuuksia. \n\nUlkoile suoraan ovelta, ihastele revontulia, kuuntele läheisen husky-puiston huskien ulvontaa, vietä tunnelmallisia illallisia, nuku yöt levollisesti, nauti taianomaisesta maisemasta, sauno, kylve poreammeessa, kuntoile j"
        },
        "fetched_at": "2026-09-14T17:13:22Z"
      },
      "geometry": {
        "type": "Point",
        "coordinates": [
          25.829845,
          66.538936
        ]
      }
    },
    {
      "type": "Feature",
      "properties": {
        "id": "vf:5236a10b-cfa9-48cb-a794-c8d23e019f36",
        "name": {
          "en": "It’s All about Aurora package in Apukka Resort, Rovaniemi, Lapland 3+ nights"
        },
        "category": "accommodation",
        "source": "visitfinland",
        "url": "https://apukkaresort.fi/holiday-packages/winter-holiday-packages/its-all-about-aurora-3-nights/",
        "description": {
          "en": "What’s on everyone’s bucket list? Of course, the Northern Lights – one of the world’s most magical sights!\nThis natural phenomenon is extraordinary, and here at Apukka Resort Rovaniemi, we make hunting for the Northern lights fun for everybody! Meet our beautiful huskies, play in the snow in the daytime, and hunt for Aurora Borealis each night. For this three-night holiday, we have included the best Northern Lights hunting tours and Aurora accommodation in a glass igloo or a glass roof cabin for"
        },
        "fetched_at": "2026-09-14T17:13:22Z"
      },
      "geometry": {
        "type": "Point",
        "coordinates": [
          25.80245,
          66.542651
        ]
      }
    },
    {
      "type": "Feature",
      "properties": {
        "id": "vf:5369085d-f377-4212-a158-2766cea1f71c",
        "name": {
          "en": "Shopping Center Rinteenkulma",
          "fi": "Kauppakeskus Rinteenkulma"
        },
        "category": "shop",
        "source": "visitfinland",
        "url": "http://www.rinteenkulma.fi",
        "opening_hours": "ma–la 07–23; su 09–23",
        "description": {
          "en": "Welcome to Rinteenkulma Shopping Center!\n\nRinteenkulma is local’s shopping center in the middle of the City of Rovaniemi. We welcome you with the pure Lappish atmosphere and kindness. There is great selection of local stores, services and restaurants. Rinteenkulma’s stores offer fashion, accessories, home decorations, wellbeing and beauty products, games, souvenirs, sports and outdoors equipment and much more. There is a large local supermarket, where you can find food, drinks and household supp",
          "fi": "Tervetuloa Rinteenkulmaan - Pohjoisen ostostaivaaseen! \n\nRinteenkulma on kuin pieni pala taivasta, astuessasi yli 40 erikoismyymälän, ravintolan ja palvelun maailmaan. Paikalliset yrittäjät, käsintehdyt herkut, maukkaat ruuat ja spesiaali kattaus erilaisia liikkeitä luovat unohtumattoman kokemuksen. \n\nRinteenkulmasta löydät runsaasti myymälöitä ja palveluita kauneuden, muodin, asusteiden, kenkien, urheilun, harrastuksien, sisustuksen, vapaa-ajan ja viihteen parista. Rinteenkulmassa toimii jopa 3"
        },
        "fetched_at": "2026-09-14T17:13:22Z"
      },
      "geometry": {
        "type": "Point",
        "coordinates": [
          25.725034,
          66.50259
        ]
      }
    },
    {
      "type": "Feature",
      "properties": {
        "id": "vf:537a12ae-ef49-4b86-a875-558f02f11910",
        "name": {
          "fi": "Pilke Shop",
          "en": "Pilke Shop"
        },
        "category": "shop",
        "source": "visitfinland",
        "url": "https://www.tiedekeskus-pilke.fi/en/home/pilke-shop/",
        "opening_hours": "ti–pe 08–17; la–su 10–16",
        "description": {
          "fi": "Pilke Shopsta löydät suomalaista metsää monessa muodossa, herkullisista makuelämyksistä hauskoihin arjen ja juhlan tuotteisiin.\n\nKaikki Pilke Shopin tuotteet liittyvät tavalla tai toisella suomalaiseen metsään. Myymälän valikoimassa on muun muassa käytännöllisiä tuotteita kotiin ja retkeilijälle, tyylikkäisiä designasusteita sekä hauskoja ja innostavia tuotteita lapsille. \n\nMyymälä sijaitsee puurakenteisessa Pilke-talossa Ounasjoen rannalla Rovaniemen keskustan tuntumassa. Pilke Infosta saat myö",
          "en": "Bring the forest home!\n\nThe Pilke Shop reflects the Science Centre Pilke’s themes and all our merchandise is connected to forests in one way or another. Beautiful, practical and funny – the products are a delight for all the senses. Take a little piece of the forests home with you after your visit or browse our selection from the comfort of your own home.\n\nPilke House, located on the banks of the river Ounasjoki in Rovaniemi, is a wooden building. It houses the Science Centre Pilke, the Pilke Sh"
        },
        "fetched_at": "2026-09-14T17:13:22Z"
      },
      "geometry": {
        "type": "Point",
        "coordinates": [
          25.724819,
          66.507542
        ]
      }
    },
    {
      "type": "Feature",
      "properties": {
        "id": "vf:54578e2d-f24d-43c2-9b62-07ae24226ca9",
        "name": {
          "de": "Scandic Polar",
          "en": "Scandic Polar",
          "fi": "Scandic Polar",
          "sv": "Scandic Polar"
        },
        "category": "accommodation",
        "source": "visitfinland",
        "url": "https://www.scandichotels.com/hotels/finland/rovaniemi/scandic-polar?cmpid=pa_visitfinland_polar",
        "description": {
          "de": "Ein gemütliches Hotel im Zentrum von Rovaniemi. In der Wintersaison geöffnet. Hier können Sie eine erholsame Nacht verbringen, in der Sauna entspannen und die Atmosphäre der hiesigen Bar genießen. Das Hotel ist einfach zu erreichen und das gesamte Dienstleistungsangebot der Stadt befindet sich in der Nähe.",
          "en": "A cosy hotel in the centre of Rovaniemi. Open during winter season. Here you can have a good night’s sleep, relax in the sauna and enjoy the atmosphere in the local pub. It’s easily accessible and all city services are close by.",
          "fi": "Kodikkaan viihtyisä sesonkihotelli Rovaniemen ydinkeskustassa. Täällä nukut hyvin, rentoudut saunoen ja paikallispubin tunnelmasta nauttien. Tänne on helppo tulla ja kaupungin kaikki palvelut ovat aivan vieressä.",
          "sv": "Ett mysigt hotell i centrala Rovaniemi. Öppet under vintersäsongen. Här kan du få en god natts sömn, koppla av i bastun och njuta av stämningen i den lokala puben. Hotellet är lättillgängligt, och stadens hela serviceutbud finns inom nära räckhåll."
        },
        "fetched_at": "2026-09-14T17:13:22Z"
      },
      "geometry": {
        "type": "Point",
        "coordinates": [
          25.73318,
          66.501707
        ]
      }
    },
    {
      "type": "Feature",
      "properties": {
        "id": "vf:57e4c0a1-625b-49c1-9612-cc473df87760",
        "name": {
          "en": "Shaman Village - Resort & Glass Igloos"
        },
        "category": "accommodation",
        "source": "visitfinland",
        "url": "https://shamanvillage.com/accommodation/aurora-log-cabin/",
        "description": {
          "en": "Aurora Log Cabin – Authentic Lapland Charm\nStay in an authentic Aurora Log Cabin in Shaman Village, Rovaniemi. Built from traditional Finnish logs and designed with modern comforts, these cabins offer an unforgettable Arctic escape where nature and luxury meet.\n\nPanoramic Glass Roof – Sleep Under the Northern Lights\nFrom the warmth of your bed, gaze up through the heated panoramic glass roof at the starry Arctic sky and the dancing Northern Lights. The glass stays clear even in the coldest weath"
        },
        "fetched_at": "2026-09-14T17:13:22Z"
      },
      "geometry": {
        "type": "Point",
        "coordinates": [
          25.615871,
          66.596341
        ]
      }
    },
    {
      "type": "Feature",
      "properties": {
        "id": "vf:5905cb38-765b-4715-8b1a-990e70a04278",
        "name": {
          "en": "Polára Restaurant"
        },
        "category": "restaurant",
        "source": "visitfinland",
        "url": "https://www.arcticpanoramaresort.com/restaurant",
        "opening_hours": "ma–su 18–22",
        "description": {
          "en": "Polára Restaurant — Authentic flavors of Lapland\n\nPolára Restaurant welcomes visitors seeking authentic Lappish flavors, a peaceful setting, and a warm, inviting atmosphere. Located on the forested slopes of Ounasvaara, the restaurant offers carefully prepared local cuisine paired with beautiful views over the surrounding landscape. \n\nHere, good food, nature, and a relaxed dining experience come together in a way that feels both genuine and memorable.\n\nThe menu is inspired by the flavours of the"
        },
        "fetched_at": "2026-09-14T17:13:22Z"
      },
      "geometry": {
        "type": "Point",
        "coordinates": [
          25.811586,
          66.50407
        ]
      }
    },
    {
      "type": "Feature",
      "properties": {
        "id": "vf:5e7315d6-14b7-4b4b-9564-735dd6eab20d",
        "name": {
          "fi": "Nova Skyland hotelli",
          "en": "Nova Skyland Hotel"
        },
        "category": "accommodation",
        "source": "visitfinland",
        "url": "https://www.novaskyland.com/rooms/",
        "description": {
          "fi": "Lomamuistot kirjoitettuna tähtiin\n\nNova Skyland hotelli toivottaa sinut lämpimästi tervetulleeksi Napapiirille Suomen Lappiin. Hotellimme tarjoaa pohjoismaista luksusta laadukkaassa majoituksessa, ja on omistautunut luomaan unohtumattomia lomakokemuksia Joulupukin pajakylän laidalla ja Rovaniemellä kaiken ikäisille. Ympäröivän metsän syleilyssä luonto on meille tärkeä. Modernit, skandinaaviset huoneemme on suomalaista suunnittelua, jonka lähtökohtana on alusta alkaen ollut luonnonmateriaalit ja ",
          "en": "Follow the stars and fulfill your destiny to stay with us during your Arctic holiday. Nova Skyland Hotel warmly welcomes you to the Arctic Circle in Finnish Lapland. The hotel offers a unique experience in high-quality lodgings with Nordic luxury for everyone. Our hotel is dedicated to create a memorable holiday in Santa Claus Village and Rovaniemi for all generations. Embraced by the forest, a lifestyle close to the nature is essential to us. Our modern Scandinavian styled rooms with natural wo"
        },
        "fetched_at": "2026-09-14T17:13:22Z"
      },
      "geometry": {
        "type": "Point",
        "coordinates": [
          25.846553,
          66.541415
        ]
      }
    },
    {
      "type": "Feature",
      "properties": {
        "id": "vf:602f688d-0549-4610-b718-86078d4ebcef",
        "name": {
          "en": "Arktikum Shop",
          "fi": "Arktikum Shop"
        },
        "category": "shop",
        "source": "visitfinland",
        "url": "https://arktikum.fi/en/visit/shop/",
        "description": {
          "en": "In Arktikum Shop you’ll find authentic Lappish handicrafts, design products, jewellery, and books that make for great gifts and souvenirs. We’ve carefully selected the products in our shop to reflect the spirit of Lapland and the north, ensuring you purchase the most authentic and genuine goods. \n\nThe Arktikum Shop is located next to the ticket sales at Arktikum in Rovaniemi, and you can visit the shop without purchasing an admission ticket.",
          "fi": "Arktikum Shopista löydät lappilaisia käsitöitä, design-tuotteita, koruja ja kirjoja. Olemme valikoineet kauppaan tuotteita, jotka on tehty Lapissa, tai joissa pohjoinen on vahvasti läsnä joko materiaaliensa tai sisältöjensä puolesta. \n\nArktikum Shop sijaitsee Arktikumin lipunmyynnin yhteydessä Rovaniemellä ja ostoksille voi tulla ilman pääsylipun ostoa.\n\nArktikum Shop on avoinna Arktikumin aukioloaikojen mukaisesti."
        },
        "fetched_at": "2026-09-14T17:13:22Z"
      },
      "geometry": {
        "type": "Point",
        "coordinates": [
          25.726119,
          66.507376
        ]
      }
    },
    {
      "type": "Feature",
      "properties": {
        "id": "vf:60a106b6-99a1-497c-94b1-32c442f0e9ca",
        "name": {
          "en": "Käyrömön Keidas",
          "fi": "Käyrämön Keidas",
          "zh": "Käyrämön Keidas",
          "sv": "Käyrämön Keidas"
        },
        "category": "accommodation",
        "source": "visitfinland",
        "url": "https://www.pandakeidas.com",
        "opening_hours": "ma–su 08–20",
        "description": {
          "en": "Käyrämön Keidas is an affordable and friendly B&B accommodation with 4 clean and nice rooms including breakfast.  Keidas is located  in the 68 km from the north of the arctic circle between Rovaniemi and Sodankylä city.",
          "fi": "Käyrämön Keitaan majoitustilat muodostuvat kodinomaisista siisteistä huoneista, joissa on TV ja ilmainen Wi-Fi verkko asiakkaiden käytössä. Runsas aamiainen sisältyy huoneen hintaan. Sauna on varattavissa myös ilman majoitusta. Alueellamme on hyvät paikoitustilat. Keidas sijaitsee 68 km Rovaniemeltä Sodankylän suuntaan E-4 tien varrella.",
          "zh": "Käyrämön Keidas 是一家价格实惠、服务热情的 B&B 住宿，拥有 4 间干净整洁的客房，房间内配有电视和无限wifi,提供早餐。Keidas 位于北极圈以北 68 公里处，位于罗瓦涅米和索丹屈莱市之间。",
          "sv": "Käyrämö Keidas boendefaciliteter består av hemtrevliga, rena rum med TV och gratis Wi-Fi-nätverk för kundernas användning. En rejäl frukost ingår i rumspriset. Bastun kan även bokas utan boende. Det finns bra parkeringsmöjligheter i vårt område. Oasen ligger 68 km från Rovaniemi i riktning mot Sodankylä längs väg E-4."
        },
        "fetched_at": "2026-09-14T17:13:22Z"
      },
      "geometry": {
        "type": "Point",
        "coordinates": [
          26.296977,
          66.955984
        ]
      }
    },
    {
      "type": "Feature",
      "properties": {
        "id": "vf:636c4a80-b93c-4c08-b81e-0b2408d397da",
        "name": {
          "en": "Aapishovi chalet"
        },
        "category": "accommodation",
        "source": "visitfinland",
        "url": "http://www.aapishovi.fi/",
        "description": {
          "en": "Aapishovi chalet is a spacious log cabin located at the shore of Ounasjoki river about 28 km from Rovaniemi.  The chalet offers a rustic environment with its wooden interior, a wood-burning fireplace and a large patio. There are beds for 12 - 16 persons. There are 6 bed rooms with two beds in each and there are extra beds available. The chalet has a fully equipped kitchen and a big dining table. There is always ready sauna for relaxation. Outside there is \na terrace with barbeque facilities and "
        },
        "fetched_at": "2026-09-14T17:13:22Z"
      },
      "geometry": {
        "type": "Point",
        "coordinates": [
          25.471434,
          66.72129
        ]
      }
    },
    {
      "type": "Feature",
      "properties": {
        "id": "vf:64f71895-bc56-4006-8d7a-3527a66b9ae7",
        "name": {
          "en": "The Luxury Downtown Rovaniemi",
          "fi": "Kodikas laatukohde Rovaniemen keskustassa"
        },
        "category": "accommodation",
        "source": "visitfinland",
        "url": "https://arcticdreamshouse.com/rovakatu/",
        "description": {
          "en": "Luxury meets convenience. This holiday apartment is located in the center of Santa's offical hometown, Rovaniemi. The 2-bedroom apartment embodies beautiful Scandinavian design, in which the lack of natural light in the winter is compensated with skillful use of dark and white tones. The classic pieces of furniture are bold and stylish. This luxury apartment also comes with a great city view and there's a good possibility to see the northern lights from the comfort of the apartment as well.",
          "fi": "Arctic Dreams House Rovakatu tuo skandinaavisen designin 85:n neliömetrin valoisaan tilaan.\n\nAsunto sijaitsee kolmannessa kerroksessa Rovaniemen keskustassa. Asunnon alkuperäinen pohjapiirustus – käytävä, olohuone, keittiö, kaksi makuuhuonetta sekä kylpyhuone saunoineen – on täysin uudistettu isännän uuden raikkaan näkemyksen mukaan. Nyt puolet asunnosta täyttää avoin oleskelu-/ruokailu-/keittiötila, ja loput asunnosta on jaettu kahdelle makuuhuoneelle, vaatesäilytykselle, pyykkihuoneelle, parve"
        },
        "fetched_at": "2026-09-14T17:13:22Z"
      },
      "geometry": {
        "type": "Point",
        "coordinates": [
          25.727721,
          66.502318
        ]
      }
    },
    {
      "type": "Feature",
      "properties": {
        "id": "vf:65df99bb-24c8-4eb7-a4bd-d58820910835",
        "name": {
          "en": "Santa's Gift Company",
          "fi": "Santa's Gift Company"
        },
        "category": "shop",
        "source": "visitfinland",
        "url": "https://www.santasgiftcompany.com",
        "opening_hours": "ti–la 12–19",
        "description": {
          "en": "A high-quality souvenir and design shop in the heart of downtown Rovaniemi! Welcome to explore our delightful store!\nWe also have a luggage storage, no need to book in advance!",
          "fi": "Laadukas matkamuisto- ja designmyymälä Rovaniemen ydinkeskustassa! Tervetuloa tutustumaan ihastuttavaan liikkeeseemme! \nMeillä on myös matkatavarasäilytys, johon ei tarvitse tehdä varausta etukäteen."
        },
        "fetched_at": "2026-09-14T17:13:22Z"
      },
      "geometry": {
        "type": "Point",
        "coordinates": [
          25.729435,
          66.502896
        ]
      }
    },
    {
      "type": "Feature",
      "properties": {
        "id": "vf:661327ec-8213-44b7-9216-01e3133dbde2",
        "name": {
          "en": "Mushers Tavern",
          "fi": "Mushers Tavern"
        },
        "category": "restaurant",
        "source": "visitfinland",
        "url": "https://mushers.fi/?utm_source=visitrovaniemi",
        "opening_hours": "ma–su 11–22",
        "description": {
          "en": "Best arctic flavors in town.\n\nMusher’s Tavern serves as a warm sanctuary in the heart of Santa Claus Village, offering a peaceful restaurant to escape from the Arctic chill. Our kitchen celebrates the wild landscapes of Rovaniemi by bringing authentic Arctic flavors directly to your plate.\n\nDuring the day, we provide delicious, high-quality lunch options perfect for travelers needing a quick and flavorful break. As evening falls, the tavern transforms into a premier dining destination, where gue",
          "fi": "Rovaniemen parhaat arktiset maut!\n\nMusher’s Tavern tuo lautaselle parhaat paikalliset maut: poroa, lohta ja metsän antimia, käsitelty huolella ja modernilla lappilaisella otteella. Emme ole täällä vain talvikaudella, vaan asumme ja työskentelemme Rovaniemellä ympäri vuoden. Se näkyy siinä, miten ravintolan raaka-aineet valitaan ja ruoka tehdään.\n\nPäivisin tarjolla nopea, maukas lounas. Illalla katetaan usean ruokalajin illallinen, jossa pääosassa on parhaat paikalliset raaka-aineet. Suomalainen "
        },
        "fetched_at": "2026-09-14T17:13:22Z"
      },
      "geometry": {
        "type": "Point",
        "coordinates": [
          25.855662,
          66.542777
        ]
      }
    },
    {
      "type": "Feature",
      "properties": {
        "id": "vf:681c8da4-2be1-411a-9025-7edb20d64b36",
        "name": {
          "en": "Arctic Panorama Resort & Spa"
        },
        "category": "accommodation",
        "source": "visitfinland",
        "url": "https://www.arcticpanoramaresort.com/",
        "description": {
          "en": "Nestled on the slopes of Ounasvaara fell and surrounded by serene northern landscapes, the resort features elegantly crafted panorama chalets and suites offering breathtaking views and unobstructed sights of the Northern Lights.\n\nGuided by exceptional service and a deep respect for nature, Arctic Panorama Resort & Spa – a luxury Lapland hotel – is a harmonious blend of elegance, authenticity, and sustainability. It’s a timeless escape where every moment is touched by the magic of the North and t"
        },
        "fetched_at": "2026-09-14T17:13:22Z"
      },
      "geometry": {
        "type": "Point",
        "coordinates": [
          25.811586,
          66.50407
        ]
      }
    },
    {
      "type": "Feature",
      "properties": {
        "id": "vf:7410ecfb-af99-48f8-8397-2ab972a53108",
        "name": {
          "fi": "Original Sokos Hotel Vaakuna, Rovaniemi",
          "en": "Original Sokos Hotel Vaakuna, Rovaniemi"
        },
        "category": "accommodation",
        "source": "visitfinland",
        "url": "https://www.sokoshotels.fi/en/rovaniemi/sokos-hotel-vaakuna",
        "description": {
          "fi": "Rovaniemellä, Joulupukin virallisessa kotikaupungissa sijaitsee lämminhenkinen, lappilainen Original Sokos Hotel Vaakuna. Aito lappilaisuus ja sydämellisen rento palvelu saa jokaisen vieraan tuntemaan olonsa tervetulleeksi ja kotoisaksi. Lappilaiset perinteet ja kulttuuri sekä moderni kaupunkielämä vauhdikkaine aktiviteetteineen tekevät kaupungistamme ainutkertaisen matkakohteen. Lumoava luonto on meille tärkeä ja otamme toiminnassamme huomioon ympäristön hyvinvoinnin – sen osoittaakin ansaitsem",
          "en": "Original Sokos Hotel Vaakuna, located in the centre of Rovaniemi, is a high-class, international hotel featuring Lappish hospitality. The hotel is just a stone's throw away from both the Kemijoki river and the town centre and its shopping amenities. Moreover, it is within walking distance of the Ounasvaara recreational area , which offers a wide range of activities in the pure nature. \n\nThe hotel has 159 rooms, the exoticism and natural environment of Lapland are evident in both the choice of ma"
        },
        "fetched_at": "2026-09-14T17:13:22Z"
      },
      "geometry": {
        "type": "Point",
        "coordinates": [
          25.73626,
          66.502477
        ]
      }
    },
    {
      "type": "Feature",
      "properties": {
        "id": "vf:76e621b7-94e2-4f46-b45c-0f3254b8ad32",
        "name": {
          "zh": "北极圈圣诞圆顶冰屋——驻足这一刻",
          "fr": "Santa's Igloos Arctic Circle",
          "de": "Santa's Igloos Arctic Circle",
          "sv": "Santa's Igloos Arctic Circle",
          "es": "Santa's Igloos Arctic Circle",
          "it": "Santa’s Igloos Arctic Circle",
          "ja": "サンタズ イグルー アーティック サークル - 一生に一度の宿泊",
          "ru": "Иглу Санта-Клауса за Полярным кругом — уникальное место",
          "en": "Santa's Igloos Arctic Circle",
          "fi": "Santa's Igloos Arctic Circle"
        },
        "category": "accommodation",
        "source": "visitfinland",
        "url": "https://santashotels.fi/en/hotels/igloo-hotel-rovaniemi-santas-igloos/",
        "description": {
          "zh": "北极圈圣诞老人村高级玻璃圆顶冰屋\n在罗瓦涅米北极圈圣诞老人村的“圣诞圆顶冰屋”，排布着 71 间奢华宽敞的玻璃圆顶冰屋、接待处和北极之眼餐厅 (Restaurant Arctic Eye)。\n\n圣诞酒店 (Santa’s Hotel) 的玻璃圆顶冰屋可供全年使用。 圆顶冰屋设玻璃天顶，配备空调，确保为住客带来全新且有趣的体验，感受拉普兰不断变化的自然风光，同时兼顾客房的舒适性。 欢迎您来到我们的玻璃圆顶冰屋欣赏北极光、壮观的极昼、缤纷的秋景以及北极冬夜的霜雪！ 有摆渡巴士往返于圣诞圆顶冰屋、圣诞老人村以及罗瓦涅米市中心。\n\n北极光时节：九月初至四月中旬。",
          "fr": "Santa's Igloos Arctic Circle – Vivez un séjour inoubliable\n\nIgloos de verre haut de gamme dans le Village du Père Noël au cercle polaire\nSanta’s Igloos Arctic Circle regroupe 71 igloos de verre spacieux et luxueux, la réception et le restaurant Arctic Eye au Village du Père Noël, au cercle polaire à Rovaniemi.\n\nLes igloos de verre de Santa’s Hotels sont prévus pour une utilisation toute l’année. Les igloos climatisés avec vue sur le toit en verre offrent une toute nouvelle opportunité de découvr",
          "de": "Santa's Igloos Arctic Circle – Ein Aufenthalt für’s Leben\n\nPremium Glas-Iglus im Weihnachtsmanndorf am Polarkreis \nSanta's Igloos Arctic Circle, 71 luxuriöse, geräumige Glas-Iglus, Rezeption und Restaurant Arctic Eye befinden sich im Weihnachtsmanndorf am Polarkreis in Rovaniemi.\n\nDie Glas-Iglus der Santa's Hotels können das ganze Jahr über genutzt werden. Die mit Glas überdachten, klimatisierten Iglus eröffnen Ihnen eine ganz neue und interessante Möglichkeit, die sich ständig verändernde Natur",
          "sv": "Santa's Igloos Arctic Circle – en upplevelse för livet\n\nGlasigloor i premiumklass i Jultomtens by vid polcirkeln \nSanta’s Igloos Arctic Circle, 71 lyxiga och rymliga glasigloor, reception and restaurangen Arctic Eye ligger i Jultomtens by vid polcirkeln i Rovaniemi.\n\nGlasigloorna i Santa’s Hotel är avsedda för användning året runt. De luftkonditionerade igloorna med glastak ger dig en helt ny och intressant möjlighet att uppleva Lapplands ständigt föränderliga natur från ditt bekväma hotellrum. ",
          "es": "Santa's Igloos Arctic Circle: una estancia inolvidable\n\nIglús de cristal de calidad suprema en la villa de Papá Noel en el Círculo Polar ártico\nSanta’s Igloos Arctic Circle es un complejo formado por 71 espaciosos iglús de cristal, la recepción y el restaurante Arctic Eye, ubicado en la villa de Papá Noel en la ciudad de Rovaniemi, en el Círculo Polar Ártico.\n\nLos iglús de cristal de Santa’s Igloos están preparados para su uso durante todo el año. Todos ellos cuentan con techo de cristal y aire ",
          "it": "Santa’s Igloos Arctic Circle - Un soggiorno indimenticabile\n\nIgloo in vetro di alta qualità nel Villaggio di Babbo Natale al Circolo Polare Artico\nSanta’s Igloos Arctic Circle: 71 lussuosi e spaziosi igloo in vetro, più reception e ristorante Arctic Eye, si trovano nel Villaggio di Babbo Natale del Circolo Artico a Rovaniemi.\n\nGli igloo in vetro degli hotel di Babbo Natale sono pensati per ricevere ospiti tutti l’anno. Gli igloo di alta qualità, con tetto in vetro e aria condizionata, offrono un",
          "ja": "北極圏のサンタクロース村にあるプレミアムなガラス イグルー \nロヴァニエミの北極圏にあるサンタクロース村には、71 の豪華で広々としたガラス イグルー、レセプション、レストラン アークティック アイがあります。\n\nサンタズ ホテルのガラス イグルーは、通年でご利用いただけます。ガラス張りの屋根とエアコン完備イグルーは、ホテルの部屋と同じように快適に過ごしながら、刻々と変化するラップランドの自然を体験できる、まったく新しい楽しさをご提供しています。幻想的なオーロラ、壮大な白夜、豊かな紅葉、霜の降りた美しい冬の極夜を、当施設のガラス イグルーでお楽しみください！シャトルバスは、サンタのイグルー、サンタクロース村、ロヴァニエミ市街地を経由します。\n\nオーロラのシーズン: 9 月上旬〜 4 月中旬",
          "ru": "Стеклянные иглу премиум-класса в деревне Санта-Клауса на Полярном круге\nОтель Santa’s Igloos Arctic Circle, 71 роскошное и просторное стеклянное иглу, стойка регистрации и ресторан Arctic Eye расположены в деревне Санта-Клауса на Полярном круге в Рованиеми.\n\nСтеклянные иглу отеля Santa’s Hotel предназначены для использования круглый год. Иглу со стеклянной крышей и кондиционером предлагают новую и интересную возможность любоваться постоянно меняющейся природой Лапландии, наслаждаясь комфортом го",
          "en": "Santa's Igloos Arctic Circle - A Stay of a Lifetime\n\nPremium Glass Igloos in Santa Claus Village at the Arctic Circle \nSanta’s Igloos Arctic Circle, 71 luxurious, spacious glass igloos, reception and Restaurant Arctic Eye are located at the Santa Claus Village on the Arctic Circle in Rovaniemi.\n\nSanta’s Hotels’ glass igloos are intended for year-round use. The glass-roofed, air-conditioned igloos offer a whole new and interesting opportunity for experiencing Lapland’s ever-changing nature while ",
          "fi": "Santa's Igloos Arctic Circle - Koe revontulet ja yöttömän yön aurinko omasta sängystäsi\n\nHyvin varustellut Rovaniemen iglumme tarjoavat majoituskokemuksen pohjoisen taivaan alla, joka tulee kokea ainakin kerran elämässä. Santa’s Igloos Arctic Circle tarjoaa ihanan irtioton, ylellisen levähdyspaikan ja rentouttavaa omaa aikaa Suomen kauneimman luonnon äärellä. Iglujemme pohjoiseen antavat ikkunat johdattavat sinut Lapin taivaan läheisyyteen.\n\nRovaniemen iglumme ovat täydellinen tukikohta silloin,"
        },
        "fetched_at": "2026-09-14T17:13:22Z"
      },
      "geometry": {
        "type": "Point",
        "coordinates": [
          25.861841,
          66.543019
        ]
      }
    },
    {
      "type": "Feature",
      "properties": {
        "id": "vf:77217425-cef4-4e2a-a7b9-b64611cd1af1",
        "name": {
          "en": "Samarund Luxury Presents",
          "fi": "Matkamuistomyymälä Samarund"
        },
        "category": "shop",
        "source": "visitfinland",
        "url": "https://samarund.com/?lang=en",
        "description": {
          "en": "Samarund is a family business, established in 2002. We offer a wide range of domestic personalised wooden, reindeer and steel gifts. \n\nWe warmly welcome you to visit our shop in Rovaniemi to see our selection.\n\nSami and Elmeri are here to help you.",
          "fi": "Samarund on vuonna 2002 perustettu perheyritys. Tarjoamme laajan valikoiman kotimaisia persoonallisia puu-, poro- ja teräslahjoja. \n\nToivotamme sinut lämpimästi tervetulleeksi tutustumaan valikoimaamme Rovaniemellä sijaitsevaan myymäläämme.\n\nSinua palvelevat Sami ja Elmeri."
        },
        "fetched_at": "2026-09-14T17:13:22Z"
      },
      "geometry": {
        "type": "Point",
        "coordinates": [
          25.729907,
          66.502249
        ]
      }
    },
    {
      "type": "Feature",
      "properties": {
        "id": "vf:78460bd0-8c15-41f4-b9ef-c1e0f4eab744",
        "name": {
          "en": "Skýra Retreat"
        },
        "category": "accommodation",
        "source": "visitfinland",
        "url": "https://skyraretreat.com/en",
        "description": {
          "en": "Hidden by the still waters of Lake Norvajärvi, just 20 km from Rovaniemi, Skýra Retreat is an exclusive 15-room destination where timeless Nordic heritage meets contemporary wellness. \n\nWithin a restored 1950s schoolhouse and handcrafted log villas, every suite tells a story—bare timber walls, fireplaces, saunas and curated book collections. Days unfold through table-served Nordic breakfasts, light lunching, seasonal three-course dinners, and the Finnish ritual of pullakahvit – coffee and pastri"
        },
        "fetched_at": "2026-09-14T17:13:22Z"
      },
      "geometry": {
        "type": "Point",
        "coordinates": [
          25.780837,
          66.635984
        ]
      }
    },
    {
      "type": "Feature",
      "properties": {
        "id": "vf:7a282e27-9a0f-402c-bdd8-fdce615d0bd1",
        "name": {
          "en": "SaiGon Noodle Bar"
        },
        "category": "restaurant",
        "source": "visitfinland",
        "url": "https://www.instagram.com/p/CBQ3D7jlq8u/",
        "opening_hours": "ma 11–15; ti–ke 11–19; to 11–15; pe 11–19; la–su 12–19",
        "description": {
          "en": "Phở or Pho is the highlight of Vietnamese culinary. It consists of broth, rice noodles, herbs, and meat (beef, chicken, vegan) which are healthy 🌿 and balance 🌱Vietnamese food is not only the food, it‘s our culture"
        },
        "fetched_at": "2026-09-14T17:13:22Z"
      },
      "geometry": {
        "type": "Point",
        "coordinates": [
          25.727914,
          66.501854
        ]
      }
    },
    {
      "type": "Feature",
      "properties": {
        "id": "vf:7bf912b6-3179-421f-83d1-c5997456ab30",
        "name": {
          "en": "The Birch Restaurant."
        },
        "category": "restaurant",
        "source": "visitfinland",
        "url": "https://app.moder.fi/the-birch-restaurant/?_gl=1*171vkft*_ga*ODEyMDE4MzQxLjE3NTkyMjkxMzQ.*_ga_23MS740003*czE3NjAwODQ1NTckbzMkZzEkdDE3NjAwODQ5MzEkajYwJGwwJGgw",
        "opening_hours": "to–la 17–21",
        "description": {
          "en": "Immerse yourself in an unforgettable dining experience at The Birch, a restaurant located at the Silver Birch Resort, where nature meets Nordic culinary artistry.\n\nWe invite you to savor the best of Finnish Lapland through a menu inspired by local traditions and seasonal ingredients. Served in our cozy restaurant, it’s the perfect way to unwind after a day of Arctic adventure."
        },
        "fetched_at": "2026-09-14T17:13:22Z"
      },
      "geometry": {
        "type": "Point",
        "coordinates": [
          26.135089,
          66.467381
        ]
      }
    },
    {
      "type": "Feature",
      "properties": {
        "id": "vf:82eedf6d-1638-4da9-892e-c1629b3fdd3e",
        "name": {
          "en": "Red Cottage Rovaniemi",
          "fi": "Punainen tupa"
        },
        "category": "accommodation",
        "source": "visitfinland",
        "url": "https://www.punainentupa.com/home-1",
        "description": {
          "en": "Experience the history of Rovaniemi in a fully restored red cottage \"Punainen tupa\". The cottage survived the arson of Rovaniemi during  World War II and is one of the oldest buildings in Rovaniemi. The Cottage was fully renovated in 2026 and is now available for you to book and experience Lapland in a first class accomodation with real history.\n\nCottage is located near the city center with its own outdoor fireplace and access to the Kemijoki.\n\nFits up to 10 guests",
          "fi": "Koe Rovaniemen historia täysin restauroidussa punaisessa tuvassa. Toisesta maailmansodasta selvinnyt ja vuonna 2026 täysin uudistettu majatalomme tarjoaa nostalgista tunnelmaa ja ensiluokkaista mukavuutta napapiirin tuntumassa."
        },
        "fetched_at": "2026-09-14T17:13:22Z"
      },
      "geometry": {
        "type": "Point",
        "coordinates": [
          25.741569,
          66.495931
        ]
      }
    },
    {
      "type": "Feature",
      "properties": {
        "id": "vf:858750bd-766d-4d40-9436-82e190d082a4",
        "name": {
          "fi": "Santa's Hotel Noelle",
          "en": "Santa's Hotel Noelle"
        },
        "category": "accommodation",
        "source": "visitfinland",
        "url": "https://santashotels.fi/en/hotels/rovaniemi-hotel-noelle/",
        "description": {
          "fi": "Viihtyisää tunnelmaa, helppoa majoittumista ja mukavaa yhdessäoloa aivan Rovaniemen keskustassa. Santa’s Hotel Noelle on uusi ja kodikas kaupunkihotelli, joka tarjoaa rennon ja miellyttävän tukikohdan Lapin pääkaupunkiin saapuville vieraille. Täällä viihdyt niin lomalla kuin työmatkallakin. Hotel Noellen keskeinen sijainti tekee Rovaniemestä nauttimisesta vaivatonta. Kaupat, ravintolat, kulttuurikohteet ja kulkuyhteydet ovat lähellä, ja kaikki on helposti saavutettavissa kävellen. Päivän päättee",
          "en": "Santa’s Hotel Noelle is a new and cosy city hotel located in the heart of Rovaniemi. The hotel offers comfortable accommodation, a welcoming atmosphere and friendly service for a smooth and pleasant stay. Hotel Noelle is an easy and relaxed base for exploring the Arctic city, whether you are visiting for leisure or work. Thanks to its central location, Hotel Noelle allows you to enjoy Rovaniemi without effort. Shops, restaurants, cultural attractions and transport connections are all close by. A"
        },
        "fetched_at": "2026-09-14T17:13:22Z"
      },
      "geometry": {
        "type": "Point",
        "coordinates": [
          25.732995,
          66.502926
        ]
      }
    },
    {
      "type": "Feature",
      "properties": {
        "id": "vf:86705b36-efae-443b-9ab1-a706cf519531",
        "name": {
          "en": "Kotatieva Cabins",
          "fi": "Kotatieva Cabins"
        },
        "category": "accommodation",
        "source": "visitfinland",
        "url": "https://kotatieva.fi/kotatieva-cabins/",
        "description": {
          "en": "Kotatieva Cabins – cosy comfort in the heart of Lapland\n\nStay in a peaceful forest just 10 km from Rovaniemi city centre. Kotatieva Resort’s six cosy cabins offer privacy surrounded by Lapland nature, while the restaurant, activities and other resort services are only a short walk away.\n\nOur cabins accommodate up to four guests. Each cabin has a private toilet and shower, fridge, kettle, dining area, fireplace and large windows overlooking the forest. Aihki Cabins feature a double bed and bunk b",
          "fi": "Kotatieva Cabins – kotoisaa mukavuutta Lapin luonnon keskellä\n\nMajoitu rauhallisessa metsässä vain noin 10 km Rovaniemen keskustasta. Kotatieva Resortin kuusi viihtyisää mökkiä tarjoavat oman rauhan keskellä Lapin luontoa, mutta ravintola, aktiviteetit ja muut palvelut ovat aivan lähellä.\n\nMökeissä on majoitustilaa enintään neljälle hengelle. Jokaisessa mökissä on oma wc ja suihku, jääkaappi, vedenkeitin, ruokailutila, takka sekä suuret ikkunat metsämaisemaan. Aihki-mökeissä on parisänky ja kerr"
        },
        "fetched_at": "2026-09-14T17:13:22Z"
      },
      "geometry": {
        "type": "Point",
        "coordinates": [
          25.748995,
          66.51897
        ]
      }
    },
    {
      "type": "Feature",
      "properties": {
        "id": "vf:88969bed-4947-4127-b001-123648df4126",
        "name": {
          "en": "Korvalan Komea –  Traditional Finnish flavors in the peace of Lapland",
          "fi": "Korvalan Komea – Perinteisiä suomalaisia makuja Lapin rauhassa"
        },
        "category": "restaurant",
        "source": "visitfinland",
        "url": "https://korvalankomea.com/",
        "opening_hours": "ma–ti 11–22; to–la 11–22",
        "description": {
          "en": "Korvalan Komea is a Lappish restaurant set in the heart of a peaceful traditional tourist center, 60 km from Rovaniemi city. Here, time slows down, and you can escape the rush of everyday life. We serve pure, traditional dishes made from high-quality, locally sourced ingredients – welcome!",
          "fi": "Korvalan Komea on lappilainen ravintola keskellä rauhallista perinnemaisemaa, 60 km Rovaniemen keskustasta. Täällä aika pysähtyy, ja meille voit poiketa pakoon kiirettä. Tarjoamme terveellistä ja perinteistä ruokaa, kotoisassa ympäristössä."
        },
        "fetched_at": "2026-09-14T17:13:22Z"
      },
      "geometry": {
        "type": "Point",
        "coordinates": [
          26.200182,
          66.898399
        ]
      }
    },
    {
      "type": "Feature",
      "properties": {
        "id": "vf:8b7fafe2-216a-4859-8e1c-0f6162769718",
        "name": {
          "en": "Uitto Pub Rovaniemi",
          "fi": "Uitto Pub Rovaniemi"
        },
        "category": "restaurant",
        "source": "visitfinland",
        "url": "https://www.raflaamo.fi/en/restaurant/rovaniemi/uitto-pub",
        "opening_hours": "ti–to 17–00:30; pe–la 17–02:30",
        "description": {
          "en": "The Uitto Pub is a comfortable, relaxed and legendary pub in the Rovaniemi city centre. Our cheerful staff serves you high-quality speciality beers, wonderful drinks, snacks and also heartier meals. You can also see who's the champion of darts and board games with your friends. The log-floating-themed Uitto Pub brings together both locals and summer tourists for a fun time in a great atmosphere. Don't get stranded – come enjoy the cheerful Uitto Pub every day! Uitto Pub can also be reserved for ",
          "fi": "Uitto Pub on mukava, rento ja legendaarinen pubi Rovaniemen ydinkeskustassa, jossa iloinen henkilökuntamme tarjoilee laadukkaita erikoisoluita ja ihania drinkkejä. Meillä voit heittää darts-tikkaa sekä kisailla lautapelien kuninkuudesta. Uitto Pubin tunnelmassa tapaat kylän kovimmat pyyntimiehet, komeimmat savotansannit ja kesäturistit. Älä jää rannalle tule tarinoimaan ja kertomaan kesälomasi kohokohdat \"viilentävälle\" kesäterassillemme. Uitto Pub on varattavissa myös yksityistilaisuuksiin esim"
        },
        "fetched_at": "2026-09-14T17:13:22Z"
      },
      "geometry": {
        "type": "Point",
        "coordinates": [
          25.731933,
          66.501773
        ]
      }
    },
    {
      "type": "Feature",
      "properties": {
        "id": "vf:91e90acb-8546-4a90-822b-aad2440a6ac5",
        "name": {
          "en": "Catering service /Private Jet Catering"
        },
        "category": "restaurant",
        "source": "visitfinland",
        "url": "https://www.rvncatering.fi",
        "opening_hours": "ma–su 11–24",
        "description": {
          "en": "In case you need Catering services do not hesitate to contact us\nWe are here for you and offer the best and the tastiest catering services for all travellers in Rovaniemi, Finnish Lapland. We can build unique menus according to your wishes and serve these specialties where and when/where ever needed."
        },
        "fetched_at": "2026-09-14T17:13:22Z"
      },
      "geometry": {
        "type": "Point",
        "coordinates": [
          25.798201,
          66.573019
        ]
      }
    },
    {
      "type": "Feature",
      "properties": {
        "id": "vf:92448ed3-ce70-4d7f-9964-30166e500dc3",
        "name": {
          "en": "Niva Restaurant"
        },
        "category": "restaurant",
        "source": "visitfinland",
        "url": "https://vaattunki.com/niva-restaurant",
        "description": {
          "en": "At Niva Restaurant, every meal comes with a view worth lingering over. Located at Vaattunki Wilderness Resort and overlooking its stunning landscape, we blend international cuisine with a Lappish touch, inspired by local ingredients and the changing northern seasons.\n\nStart your day with what many call the best breakfast in Rovaniemi, enjoy a relaxed lunch surrounded by nature, or settle in for dinner as the lights outside fade and the warmth of the indoor fireplace takes over. \n\nIf you want to "
        },
        "fetched_at": "2026-09-14T17:13:22Z"
      },
      "geometry": {
        "type": "Point",
        "coordinates": [
          26.119285,
          66.594365
        ]
      }
    },
    {
      "type": "Feature",
      "properties": {
        "id": "vf:9302df63-cf64-43a1-880d-61acdb2946cf",
        "name": {
          "en": "Active Family Week package in Apukka Resort, Rovaniemi, Lapland 5+ nights"
        },
        "category": "accommodation",
        "source": "visitfinland",
        "url": "https://apukkaresort.fi/holiday-packages/winter-holiday-packages/active-family-week/",
        "opening_hours": "ma–su 00–24",
        "description": {
          "en": "This Active Family Week is perfect for anyone seeking a taste of Lapland in our winter wonderland.\nDuring the Active family week, you’ll meet our friendly Siberian huskies, have a reindeer sleigh ride, and hunt for Northern lights from your Aurora accommodation. Last but definitely not least – you’ll meet Santa Claus on our memorable snowmobile safari to Santa Claus Village. These six days combine all must-dos in Lapland in one magical experience!"
        },
        "fetched_at": "2026-09-14T17:13:22Z"
      },
      "geometry": {
        "type": "Point",
        "coordinates": [
          25.80245,
          66.542651
        ]
      }
    },
    {
      "type": "Feature",
      "properties": {
        "id": "vf:95ddf103-832c-41c5-8507-19488ff5be2b",
        "name": {
          "fi": "Café Koti",
          "en": "Café Koti"
        },
        "category": "restaurant",
        "source": "visitfinland",
        "url": "https://hostelcafekoti.fi/cafe",
        "opening_hours": "ma–pe 07–18; la 08–18; su 08–11",
        "description": {
          "fi": "Café Koti on rento  ja kodikas kahvila Rovaniemen sydämessä. Valmistamme suolaiset ja makeat herkut käsityönä. Tarjolla on päivittäin herkullinen aamupala ja maanantaista perjantaihin maistuva lounasbuffet. Meiltä saat kaupungin parasta kahvia!",
          "en": "Welcome to Café Koti, a cozy and relaxed café nestled in the heart of Rovaniemi. Every morning, we serve a delicious breakfast to start your day right. From Monday to Friday, you can also enjoy our delightful lunch buffet, featuring a variety of tasty options. We take pride in crafting all our coffees and baked goods by hand, ensuring every bite is made with love. We warmly invite you to come and enjoy a lovely experience with us!"
        },
        "fetched_at": "2026-09-14T17:13:22Z"
      },
      "geometry": {
        "type": "Point",
        "coordinates": [
          25.734002,
          66.501227
        ]
      }
    },
    {
      "type": "Feature",
      "properties": {
        "id": "vf:98009487-1a58-4f04-bb7a-885c0dae7b6c",
        "name": {
          "en": "Silver Birch Resort"
        },
        "category": "accommodation",
        "source": "visitfinland",
        "url": "https://thesilverbirchresort.com/",
        "opening_hours": "ma–su 09–17",
        "description": {
          "en": "Step into a wonderful world at Silver Birch Resort,\nwhere every moment is a journey into the magic of\nFinnish Lapland. Nestled amidst the breathtaking\nbeauty of nature, our exclusive, lake-view cabins\noffer the perfect sanctuary for a 3- or 4-night Arctic\nretreat within 5 hectares of pristine wilderness.\n\nWe take care of every detail, arranging your airport\nand city center transfers, and offering delicious\nbreakfasts and dinners served daily in our private\nrestaurant, exclusive to resort guests."
        },
        "fetched_at": "2026-09-14T17:13:22Z"
      },
      "geometry": {
        "type": "Point",
        "coordinates": [
          26.131797,
          66.467655
        ]
      }
    },
    {
      "type": "Feature",
      "properties": {
        "id": "vf:9b78fa0c-1139-4b42-ae2e-51fa121ac40d",
        "name": {
          "es": "Arctic TreeHouse Hotel",
          "it": "Arctic TreeHouse Hotel",
          "ja": "アークティック ツリーハウス ホテル",
          "zh": "北极树屋酒店",
          "fr": "Arctic TreeHouse Hotel",
          "de": "Arctic TreeHouse Hotel",
          "sv": "Arctic TreeHouse Hotel",
          "ru": "Отель Arctic TreeHouse Hotel",
          "en": "Arctic TreeHouse Hotel",
          "fi": "Arctic TreeHouse Hotel"
        },
        "category": "accommodation",
        "source": "visitfinland",
        "url": "https://arctictreehousehotel.com/",
        "description": {
          "es": "El hotel Arctic TreeHouse proporciona una exclusiva mezcla de lujoso confort en el corazón de la naturaleza ártica, tradiciones locales laponas y el moderno diseño escandinavo. En contraste con el meticuloso diseño de las habitaciones y su hogareña calidez, las vistas panorámicas que pueden admirarse desde las ventanas ofrecen impresionantes espectáculos del bosque y los cielos árticos. Incluso puedes admirar las auroras boreales y el sol de medianoche desde la comodidad de tu cama.",
          "it": "L’Arctic Tree House Hotel offre una combinazione unica di comfort di lusso nel cuore della natura artica, tradizioni locali lapponi e moderno design scandinavo. In contrasto con l’alloggio accuratamente progettato e con un’intimità che evoca il calore di un nido, la vista panoramica incorniciata dalle finestre offre uno spettacolo suggestivo del bosco e dei cieli artici: dalla comodità del tuo letto potrai ammirare l’aurora boreale e il sole di mezzanotte.",
          "ja": "アークティック ツリーハウス ホテルは、北極圏の自然の中で、地元のラップランドの伝統と北欧のモダンなデザインを融合させた、ユニークで贅沢な快適さをご提供するホテルです。綿密に設計された客室と巣ごもりのような居心地の良さとは対照的に、窓からは森と北極圏の空を見渡すことができ、オーロラや白夜をベッドでくつろぎながら眺めることができます。",
          "zh": "北极树屋酒店在北极大自然中融合了当地的拉普兰传统特色和现代斯堪的纳维亚设计，提供了独特的奢华和舒适体验。 从这里的窗户向外望去，可以看见森林于北极天空令人印象深刻的壮丽美景，这点与精心设计的住宿环境与鸟巢般的舒适氛围形成了鲜明的对比。躺在床上就能欣赏到北极光和极昼的太阳。",
          "fr": "L’Arctic TreeHouse Hotel offre un mélange unique de confort luxueux au cœur de la nature arctique, de traditions laponnes locales et de design scandinave moderne. Contrastant avec l’hébergement conçu avec soin et le confort douillet, la vue panoramique depuis les fenêtres offre un spectacle saisissant de la forêt et du ciel arctique : vous pouvez admirer les aurores boréales et le soleil de minuit sans quitter le confort de votre lit.",
          "de": "Das Arctic TreeHouse Hotel bietet eine einzigartige Kombination aus luxuriösem Komfort im Herzen der arktischen Natur, lokalen Traditionen Lapplands und modernem skandinavischem Design. Im Gegensatz zu den liebevoll gestalteten Unterkünften und der gemütlichen Atmosphäre bieten die Panoramaausblicke aus den Fenstern beeindruckende Perspektiven auf den Wald und den arktischen Himmel: Sie können das Nordlicht und die Mitternachtssonne bequem von Ihrem Bett aus bewundern.",
          "sv": "Arctic TreeHouse Hotel i Rovaniemi ger en unik blandning av lyxig komfort i hjärtat av den arktiska naturen, lokala traditioner från Lappland och modern skandinavisk design. Som kontrast till det noggrant planerade boendet och de ombonade rummen erbjuder panoramafönstren en imponerande utsikt över skogen och den arktiska himlen: du kan beundra norrskenet och midnattssolen från din bekväma säng.",
          "ru": "Отель Arctic TreeHouse Hotel предлагает уникальное сочетание роскошного комфорта посреди северной природы, местных традиций Лапландии и современного скандинавского дизайна. Тщательное оформление номеров и ощущение уютного гнездышка служат контрастом для панорамных видов из окон на впечатляющие просторы леса и северного неба. Здесь можно любоваться северным сиянием и белыми ночами, лежа в уютной постели.",
          "en": "The Arctic TreeHouse hotel in Rovaniemi provides a unique blend of luxury comfort in the heart of Arctic nature, local Lappish traditions and modern Scandinavian design. In contrast to the meticulously designed accommodation and nest-like coziness, the panoramic views from the windows provide impressive spectacles of the forest and Arctic skies: the northern lights and midnight sun can be admired from the comfort of your bed.\n\nA curated selection of Arctic adventures is available exclusively for",
          "fi": "Arctic TreeHouse Hotel Rovaniemellä tarjoaa ainutlaatuisen yhdistelmän ylellistä mukavuutta arktisen luonnon sydämessä, paikallisia lappilaisia perinteitä sekä modernia skandinaavista muotoilua. Huolellisesti suunniteltujen ja pesämäisen kotoisien majoitustilojen vastapainona suurista ikkunoista avautuvat vaikuttavat näkymät metsään ja arktiselle taivaalle – revontulia ja yötöntä yötä voi ihailla suoraan omasta vuoteesta käsin.\n\nValikoima huolella kuratoituja arktisia elämyksiä on tarjolla yksin"
        },
        "fetched_at": "2026-09-14T17:13:22Z"
      },
      "geometry": {
        "type": "Point",
        "coordinates": [
          25.841375,
          66.543403
        ]
      }
    },
    {
      "type": "Feature",
      "properties": {
        "id": "vf:9c331ddf-8f81-4bef-b46e-adef761b0b1e",
        "name": {
          "en": "Aito Igloo and Spa Resort"
        },
        "category": "accommodation",
        "source": "visitfinland",
        "url": "https://aitoresort.com/room-selection/",
        "opening_hours": "ma–su 07–23",
        "description": {
          "en": "From elegant spaces that nurture a peaceful mind to exclusive lodging experiences that truly connect our guests with Lapland natural wonders, our rooms capture the serenity of the Arctic with a carefully balanced touch of luxury. Available are standard hotelrooms, aurora igloos and aurora treehouses!\nResort is located in Rovaniemi, Lapland, Finland."
        },
        "fetched_at": "2026-09-14T17:13:22Z"
      },
      "geometry": {
        "type": "Point",
        "coordinates": [
          25.133534,
          66.599463
        ]
      }
    },
    {
      "type": "Feature",
      "properties": {
        "id": "vf:9cd492e6-bc4c-4567-b454-45fbf2fdefbe",
        "name": {
          "en": "Ranch Kuulas restaurant Loimu"
        },
        "category": "restaurant",
        "source": "visitfinland",
        "url": "https://www.ranchkuulas.com/restaurant/",
        "description": {
          "en": "Set in a beautifully restored historic log building, Ranch Kuulas Restaurant \"Loimu\" is a charming and intimate dining retreat nestled amid the serene wilderness just 35 minutes from Rovaniemi. Originally serving as a village bank in the 1910s, the structure was meticulously reassembled log by log at its current location in 2023, giving every visit a sense of living history.\n\nExpect to be enveloped by the subtle scent of aged pine, the soft glow from a crackling fireplace, and the gentle warmth "
        },
        "fetched_at": "2026-09-14T17:13:22Z"
      },
      "geometry": {
        "type": "Point",
        "coordinates": [
          26.179143,
          66.851336
        ]
      }
    },
    {
      "type": "Feature",
      "properties": {
        "id": "vf:9cdbdf47-3f6f-4b53-92f6-957cb0487172",
        "name": {
          "en": "Arctic Restaurant",
          "fi": "Arctic Restaurant"
        },
        "category": "restaurant",
        "source": "visitfinland",
        "url": "https://arcticrestaurant.fi/en/",
        "opening_hours": "ma–su 17–23",
        "description": {
          "en": "Arctic Restaurant brings together the pure beauty of Arctic nature and the vibrant energy of the North. Our kitchen draws inspiration from the ocean, lakes, forests, and fells – creating dishes that reflect both local tradition and global flavors. Every plate is thoughtfully prepared and served in a warm, relaxed setting. With a well-curated selection of wines and local drinks, Arctic Restaurant offers a memorable experience during the visit to Rovaniemi.",
          "fi": "Arctic Restaurant yhdistää arktisen luonnon puhtauden ja pohjoisen kaupunkielämän sykkeen. Saamme inspiraatiomme merestä, järvistä, metsistä ja tuntureista, ja annoksissa paikalliset perinteet kohtaavat kansainväliset maut. Annoksemme tarjoillaan mutkattomassa, viihtyisässä ympäristössä, ja viinivalikoimamme sekä paikalliset juomat täydentävät elämyksen.\n\nArctic Restaurant sijaitsee Rovaniemellä."
        },
        "fetched_at": "2026-09-14T17:13:22Z"
      },
      "geometry": {
        "type": "Point",
        "coordinates": [
          25.734572,
          66.50146
        ]
      }
    },
    {
      "type": "Feature",
      "properties": {
        "id": "vf:9d1393ce-8abf-49a6-82ff-0281a2344b5d",
        "name": {
          "fi": "Santa’s Official McDonald’s",
          "en": "Santa’s Official McDonald’s"
        },
        "category": "restaurant",
        "source": "visitfinland",
        "url": "https://www.mcdonalds.fi",
        "opening_hours": "ma–su 00–24",
        "description": {
          "fi": "Joulupukin virallinen McDonald’s-ravintola",
          "en": "Santa’s Official McDonald’s in Rovaniemi Lapland"
        },
        "fetched_at": "2026-09-14T17:13:22Z"
      },
      "geometry": {
        "type": "Point",
        "coordinates": [
          25.711273,
          66.495591
        ]
      }
    },
    {
      "type": "Feature",
      "properties": {
        "id": "vf:9d6387a0-979d-46c2-85e2-7dc5c2fcc53e",
        "name": {
          "fi": "Amarillo Rovaniemi",
          "en": "Amarillo Rovaniemi"
        },
        "category": "restaurant",
        "source": "visitfinland",
        "url": "https://www.raflaamo.fi/en/restaurant/rovaniemi/amarillo-rovaniemi",
        "opening_hours": "ma 12–23; ti 12:20–23; ke–to 12–23; pe–la 12–01; su 12–23",
        "description": {
          "fi": "Amarillo uudistui!\nElämästä kuuluu ottaa kaikki herkut irti, kaikilla mausteilla. Rovaniemen Amarillo on reipasta mextexiä, raikasta rillottelua ja rennon rakastavaa tunnelmaa.\n\nMakunystyröitä puraisevat fajitat, burritot, tacot ja mehevät hampurilaiset tarjoavat meksikolaista makua, teksasilaista näyttävyyttä ja lautasrajat ylittävää iloa. Kylmästä hikoilevat juomat ovat kuin kesäfestari lasissa.\n\nTartu siis kaksin käsin hetkeen ja elä niin vallattomasti kuin voit. ¡Vamos amigos!\nArki erottaa, ",
          "en": "Life is meant to be enjoyed to the fullest – with all the spice. Amarillo serves up bold Mex-Tex flavours, fresh fun and a laid-back, loving vibe.\n\nTastebud-tingling fajitas, burritos, tacos and juicy burgers deliver Mexican flavour, Texan flair and joy that spills off the plate. Our ice-cold drinks are like a summer festival in a glass.\n\nSo grab the moment with both hands and live as wildly as you can. ¡Vamos amigos!"
        },
        "fetched_at": "2026-09-14T17:13:22Z"
      },
      "geometry": {
        "type": "Point",
        "coordinates": [
          25.73614,
          66.502028
        ]
      }
    },
    {
      "type": "Feature",
      "properties": {
        "id": "vf:a0c8a38e-adb8-4db1-ba44-1f833fddc2fe",
        "name": {
          "fi": "Nova Galaxy Village",
          "en": "Nova Galaxy Village"
        },
        "category": "accommodation",
        "source": "visitfinland",
        "url": "https://www.novagalaxyvillage.com/",
        "description": {
          "fi": "Arktinen glamping-retriitti nykyaikaisin perintein\n\nNova Galaxy Village on pieni ja ainutlaatuinen glamping-hotelli, vain aikuisille, joka esittelee vierailleen paikallisia asumisen perinteitä yhteydessä ulkoiluun, ja kuinka kulttuuri ja elämäntapa on mukautunut nykypäivään.\n\nHotelli koostuu kahdestatoista skandinaavisesta Aurora Hut lasi-iglusta, puusaunoista, vastaanottorakennuksesta, viihtyisästä Kota-ravintolasta ja fasiliteeteista omille arktisille aktiviteeteilemme. Hotelli sijaitsee rauha",
          "en": "Arctic glamping resort with modern traditions\n\nNova Galaxy Village is a small glamping resort for adults only, that introduces the local traditions of living both indoors and outdoors, and how the culture and lifestyle has been adapted to the modern days.\n\nThe hotel consists of 12 Scandinavian style Aurora Hut glass igloos with wood-burning saunas, a reception building, a cozy open-fire Kota Restaurant and facilities for our own, exclusive Arctic activities. The location is a quiet and isolated "
        },
        "fetched_at": "2026-09-14T17:13:22Z"
      },
      "geometry": {
        "type": "Point",
        "coordinates": [
          25.579412,
          66.615207
        ]
      }
    },
    {
      "type": "Feature",
      "properties": {
        "id": "vf:a17d211f-09bf-4102-8527-efe6b217e342",
        "name": {
          "en": "KesäRafla Summer Restaurant & Sauna"
        },
        "category": "restaurant",
        "source": "visitfinland",
        "url": "https://www.laplandhotels.com/EN/hotels-in-lapland/rovaniemi/lapland-hotels-ounasvaara-chalets/summer-restaurant-sauna.html",
        "description": {
          "en": "Welcome to KesäRafla Summer Restaurant & Sauna, known among locals as a lively meeting place and summer living room. The terrace restaurant offers refreshing drinks and tasty charcoal grilled food with beautiful views for Kemijoki river. While dining you can enjoy warmth of the traditional Finnish sauna and take a dip in the river to cool off. The wood-burning unisex sauna accommodates up to 35 people and has own shower facilities for women and men. Sauna is free of charge if guest have their ow"
        },
        "fetched_at": "2026-09-14T17:13:22Z"
      },
      "geometry": {
        "type": "Point",
        "coordinates": [
          25.79832,
          66.50919
        ]
      }
    },
    {
      "type": "Feature",
      "properties": {
        "id": "vf:a2cf32e3-e1e0-45fc-b7be-bc939e415eca",
        "name": {
          "en": "Aava Riverside"
        },
        "category": "accommodation",
        "source": "visitfinland",
        "url": "https://www.aavaauroraresort.com",
        "description": {
          "en": "Aava Riverside offers a peaceful escape just outside Rovaniemi, nestled in a beautiful riverside setting surrounded by nature. The accommodation features three brand-new, high-quality mini villas designed for comfort and simplicity. Each compact villa is fully equipped for a relaxing stay, making them perfect for couples, solo travelers, or small families."
        },
        "fetched_at": "2026-09-14T17:13:22Z"
      },
      "geometry": {
        "type": "Point",
        "coordinates": [
          25.459616,
          66.431755
        ]
      }
    },
    {
      "type": "Feature",
      "properties": {
        "id": "vf:a38003f8-c72c-48cd-b234-7208ae1fa9a1",
        "name": {
          "en": "Casa Arctica Guesthouse"
        },
        "category": "accommodation",
        "source": "visitfinland",
        "url": "https://www.casa-arctica.fi",
        "description": {
          "en": "Atmospheric and high-quality cottage to rest and enjoy during your visit in Rovaniemi, the city of Santa Claus, less than a kilometre from the city centre. The city sights, shopping and restaurants within a walking distance!\n\nThe Guesthouse has a beautifully furnished room for 2-4 persons, kitchenette and fireplace. And naturally spacious bathroom with sauna! Our Guesthouse is equipped with HDTV, free WiFi, radio, hairdryer, tableware and steam iron. \n\nThe Guesthouse is naturally central-heated."
        },
        "fetched_at": "2026-09-14T17:13:22Z"
      },
      "geometry": {
        "type": "Point",
        "coordinates": [
          25.71517,
          66.508919
        ]
      }
    },
    {
      "type": "Feature",
      "properties": {
        "id": "vf:a3d4a8d1-a601-4997-b9dc-f31218ce5ec1",
        "name": {
          "fi": "Piparina Ravintola",
          "en": "Piparina Restaurant"
        },
        "category": "restaurant",
        "source": "visitfinland",
        "url": "https://www.instagram.com/piparina.fi/",
        "opening_hours": "ma–su 12–22",
        "description": {
          "fi": "Ravintolassa (ent. Santamus) vieraat voivat nauttia uudesta ruokakonseptistamme, Taste of Lapland -menusta. \nTaste of Lapland -menu sisältää lappilaisia herkkuja porosta ja järvikalasta kuningasrapuun maistelukokoisina annoksina, joista vieraat voivat koota oman makumatkansa. Ravintola sijaitsee Joulupukin Pajakylässä, Rovaniemellä.",
          "en": "In the restaurant (formerly known as Santamus), the guests can enjoy our new food concept, Taste of Lapland menu. Taste of Lapland menu consists of tasting-sized portions of various Lapland and Arctic delicacies from reindeer and lake fish to king crab, allowing guests to create their own culinary journey. \nThe restaurant is located in Santa Claus Village, Rovaniemi."
        },
        "fetched_at": "2026-09-14T17:13:22Z"
      },
      "geometry": {
        "type": "Point",
        "coordinates": [
          25.850442,
          66.543788
        ]
      }
    },
    {
      "type": "Feature",
      "properties": {
        "id": "vf:a40aa101-7aff-49cd-bb5c-c3e07087503b",
        "name": {
          "en": "November with Arctic Animals in Apukka Resort, Rovaniemi 2+ nights"
        },
        "category": "accommodation",
        "source": "visitfinland",
        "url": "https://apukkaresort.fi/holiday-packages/november-holiday-packages/early-winter-arctic-animals/",
        "description": {
          "en": "Christmas and winter vibes, a touch of snow, and beautiful encounters with huskies and reindeer! This is what the November holiday in Apukka Resort offers for adults and children.\nNovember is the beginning of winter, so the amount of snow is uncertain in Rovaniemi and Lapland. Apukka Resort offers EARLY WINTER EXPERIENCES on stored and cannoned snow from 9th November 2025 if natural snow is not falling.\n\nBy choosing Apukka’s November holiday package for your pre-Christmas holiday, you’ll have an"
        },
        "fetched_at": "2026-09-14T17:13:22Z"
      },
      "geometry": {
        "type": "Point",
        "coordinates": [
          25.80245,
          66.542651
        ]
      }
    },
    {
      "type": "Feature",
      "properties": {
        "id": "vf:a64e254b-30e6-44b5-91b6-28acce640da7",
        "name": {
          "en": "LAURI Guesthouse",
          "fi": "LAURI Majoitus"
        },
        "category": "accommodation",
        "source": "visitfinland",
        "url": "https://www.laurihouse.com/guesthouse",
        "description": {
          "en": "We rent five studio apartments, each with an individual design combining the traditions of old log house architecture with the amenities of our modern time. Each studio has its own private kitchenette and bathroom.",
          "fi": "LAURI on historiallinen hirsitalo Rovaniemen keskustassa, jossa valmistetaan kuuluisia, jo vuonna 1924 alkunsa saaneita Lauri-tuotteita. Tervetuloa vierailemaan käsityömyymälässämme, majoittumaan majatalossamme sekä pitämään juhlia juhlatilassamme."
        },
        "fetched_at": "2026-09-14T17:13:22Z"
      },
      "geometry": {
        "type": "Point",
        "coordinates": [
          25.718736,
          66.504078
        ]
      }
    },
    {
      "type": "Feature",
      "properties": {
        "id": "vf:a82e4511-5b61-4418-951e-c0db4673dcd0",
        "name": {
          "fi": "Lapland Glow Resort",
          "en": "Lapland Glow Resort"
        },
        "category": "accommodation",
        "source": "visitfinland",
        "url": "https://laplandglowhotel.fi/",
        "description": {
          "fi": "Lapland Glow Resort tarjoaa yksityistä ja unohtumatonta majoitusta koskemattoman arktisen luonnon keskellä, juuri napapiirin pohjoispuolella. Täällä hiljaisuus, suomalainen design ja Lapin taika kohtaavat – paikassa, jossa lumi kimmeltää, tähdet loistavat kirkkaasti ja pohjoisen taivas saattaa syttyä tanssivan revontulen hehkuun.\n\nJokainen Glow‑chalet on huolellisesti suunniteltu tarjoamaan yksityisyyttä, mukavuutta ja panoraamanäkymät kohti pohjoista taivasta. Ja vaikka oikeat revontulet jäisiv",
          "en": "Lapland Glow Resort offers private, unforgettable accommodation surrounded by untouched Arctic nature, just north of the Arctic Circle. Here, silence, Finnish design, and the magic of Lapland come together, creating a place where the snow glimmers, the stars shine bright, and the northern sky may glow with dancing Aurora Borealis\n\nEvery Glow chalet is carefully designed to provide privacy, comfort, and panoramic views towards the northern sky. And even if the real Northern Lights remain hidden b"
        },
        "fetched_at": "2026-09-14T17:13:22Z"
      },
      "geometry": {
        "type": "Point",
        "coordinates": [
          25.625913,
          66.566655
        ]
      }
    },
    {
      "type": "Feature",
      "properties": {
        "id": "vf:aec73582-85de-4ac3-916b-fb32823cb804",
        "name": {
          "en": "Gallis",
          "fi": "Gallis"
        },
        "category": "restaurant",
        "source": "visitfinland",
        "url": "https://glassresort.fi/eat-and-drink/restaurant-gallis/",
        "opening_hours": "ma–su 17–22:30",
        "description": {
          "en": "Restaurant Gallis is an oasis where stories are served on a plate. Every ingredient has a past, every dish a purpose. The kitchen follows the rhythm of the seasons, bringing out the best in locally sourced fish, game, and wild herbs. Nothing is overcomplicated just pure, honest flavors with a thoughtful twist. Whether it’s a long, lingering candlelight dinner or a slow breakfast with coffee brewed just right, Gallis is all about savoring the present moment.\n\nGallis is located in Rovaniemi and it",
          "fi": "Gallis yhdistää klassisen keittiön paikallisiin pohjoismaisiin raaka-aineisiin ja maailman keittiöistä saatuihin vaikutteisiin. Arvostamme käsityötä ja yksinkertaista, mutta huolellisesti valmistettua ruokaa.  \n\nMalja tähdille \nGalliksen filosofia on selkeä: upeita raaka-aineita, rentoa tunnelmaa ja unohtumattomia hetkiä. Olemme illallisravintola, jossa herkullinen ruoka, laadukkaat viinit ja aito palvelu kulkevat käsi kädessä. Meillä voit nauttia pitkän illallisen juhlapäivänäsi, piipahtaa arki"
        },
        "fetched_at": "2026-09-14T17:13:22Z"
      },
      "geometry": {
        "type": "Point",
        "coordinates": [
          25.851485,
          66.541289
        ]
      }
    },
    {
      "type": "Feature",
      "properties": {
        "id": "vf:af1874c8-ec1c-489d-9cc1-7994024fc716",
        "name": {
          "en": "Nook Lounge",
          "fi": "Nook Lounge"
        },
        "category": "restaurant",
        "source": "visitfinland",
        "url": "https://santashotels.fi/en/nook-lounge/",
        "description": {
          "en": "Nook Lounge is a warm and cozy lounge-style bar located in Santa’s Hotel Santa Claus in Rovaniemi. The bar’s selection includes various drinks and delicious hot and cold international snacks with a northern twist.",
          "fi": "Nook Lounge on lämminhenkinen ja viihtyisä olohuonemainen baari Santa’s Hotel Santa Claus -hotellin yhteydessä Rovaniemellä. Baarin valikoimiin kuuluvat erilaiset juomat sekä kuumat ja kylmät herkulliset kansainväliset pikkupurtavat pohjoisella vivahteella. Kesäisin Nook Loungella on myös terassi kaupungin paraatipaikalla."
        },
        "fetched_at": "2026-09-14T17:13:22Z"
      },
      "geometry": {
        "type": "Point",
        "coordinates": [
          25.732235,
          66.502601
        ]
      }
    },
    {
      "type": "Feature",
      "properties": {
        "id": "vf:af3c165b-9876-404b-a087-0becca833556",
        "name": {
          "fi": "Deluxe Lasihuoneisto",
          "en": "Deluxe Glass Apartments"
        },
        "category": "accommodation",
        "source": "visitfinland",
        "url": "https://glassresort.fi/apartments/deluxe-glass-apartments/",
        "description": {
          "fi": "Tervetuloa kokemaan korkealaatuiset Deluxe Lasihuoneistot Rovaniemellä. \n\nKorkeatasoisissa Deluxe Lasihuoneistoissa on sama moderni muotoilu ja mukavuus Lapin perinteiden innoittamana kuin Lasihuoneistoissa ja Lasihuvilassa.\n\nGlass Resortin Deluxe Lasihuoneistoissa tilat jakautuvat kahteen kerrokseen ja oleskelutilojen yhteispinta-ala on 120m2. Majoitustilaa on yhteensä 4 + 2 vieraalle.\n\nDeluxe Lasihuoneistossa on jokaisessa oma ulkoporeamme ja sauna sekä täysin varusteltu keittiö.",
          "en": "Welcome to experience the luxury feel in Deluxe Glass Apartments in Rovaniemi.\n\nGlass Resort's Deluxe Glass Apartments enhance the Glass Resort experience with extra space and upscale comforts. Inspired by Lapland’s indigenous “kota” design, they offer two stories of peaceful luxury, perfect for families or small groups seeking both privacy and exclusivity.\n\nEach Deluxe Glass Apartment has a private outdoor Hot Spring Spa and a private Sauna. The Hot Spa and Sauna offer an unforgettable spa expe"
        },
        "fetched_at": "2026-09-14T17:13:22Z"
      },
      "geometry": {
        "type": "Point",
        "coordinates": [
          25.853942,
          66.542065
        ]
      }
    },
    {
      "type": "Feature",
      "properties": {
        "id": "vf:b02f7ab2-6b90-43d3-bb50-9e82d6ac1a48",
        "name": {
          "fi": "Joulupukin Kammarin Kauppa",
          "en": "Santa Claus Office Shop"
        },
        "category": "shop",
        "source": "visitfinland",
        "url": "https://santaclausoffice.com/products/",
        "opening_hours": "ma–su 10–17",
        "description": {
          "fi": "Jotain pehmeää, jotain käytännöllistä, jotain merkityksellistä ja paljon tonttumieltä!\n\nJoulupukin Kammarin Kauppa sijaitsee Napapiirillä, Rovaniemellä. Myymälä on avoinna joka päivä ympäri vuoden. Nyt monipuoliset tuotteemme ja ihana Santa Claus Office -erikoismallisto ovat saatavilla myös verkkokaupasta! \nToimitukset maailmanlaajuisesti.",
          "en": "Something soft, something useful, something meaningful and a lot of elf spirit! \n\nSanta Claus Office Shop is situated at the Arctic Circle, Rovaniemi, Finland.\nShop is open every day of the year.  \nNow our souvenir and  adorable Santa Claus Office collection products are available also online!\nWe ship worldwide."
        },
        "fetched_at": "2026-09-14T17:13:22Z"
      },
      "geometry": {
        "type": "Point",
        "coordinates": [
          25.84737,
          66.54352
        ]
      }
    },
    {
      "type": "Feature",
      "properties": {
        "id": "vf:b1bc52bc-dc97-4539-b800-801bcdf32fd2",
        "name": {
          "en": "Villa Ainola",
          "fi": "Villa Ainola"
        },
        "category": "accommodation",
        "source": "visitfinland",
        "url": "https://www.laplanddeluxe.fi/villa-ainola-stay/",
        "description": {
          "en": "Located on our private Saariniemi peninsula, Villa Ainola offers high-quality accommodation in peaceful nature by the fish-rich Lake Vanttausjärvi – just 55 km east of Rovaniemi.\n\nThe lake (5.8 km long, 2.5 km wide) has a shallow, sandy beach that's safe and ideal for children. A private rowing boat, lawn yard, and a campfire site on the shore are available for your use – all in complete privacy.\n\nThis solid stone villa, originally built in 1964, was fully renovated and modernized in 2019. It in",
          "fi": "Villa Ainola sijaitsee Saariniemen yksityisellä niemellä – luonnon keskellä ja täysin omassa rauhassa, kalaisan Vanttausjärven rannalla, vain 55 km Rovaniemeltä itään.\n\nVanttausjärvi (5,8 km pitkä, 2,5 km leveä) tarjoaa matalan, hiekkapohjaisen rannan, joka on turvallinen myös lapsille. Käytössäsi on oma soutuvene, nurmipiha ja nuotiopaikka rannalla – kaikki yksityisesti vain teidän käytössänne.\n\nVilla Ainola on vankka kivitalo vuodelta 1964, joka on täysin remontoitu ja modernisoitu vuonna 2019"
        },
        "fetched_at": "2026-09-14T17:13:22Z"
      },
      "geometry": {
        "type": "Point",
        "coordinates": [
          26.591233,
          66.476697
        ]
      }
    },
    {
      "type": "Feature",
      "properties": {
        "id": "vf:b2f16d41-86de-4641-a223-342f3dc40e5e",
        "name": {
          "fi": "Hostel Café Koti",
          "en": "Hostel Café Koti"
        },
        "category": "accommodation",
        "source": "visitfinland",
        "url": "https://hostelcafekoti.fi/en",
        "opening_hours": "ma–pe 07–19; la–su 08–19",
        "description": {
          "fi": "Rovaniemen ydinkeskustassa sijaitseva hostelli on remontoitu vanhaan pankkikiinteistöön, joka on alun perin rakennettu Pohjoismaiden Yhdyspankille. Kiinteistössä on haluttu säilyttää sen alkuperäinen jykevä kauneus, mutta elävöittää sitä modernilla ja kodikkaalla kosketuksella. \n\nHostellissa on 23 huonetta, kolme dormia ja yksi huoneisto. Kaikissa yksityishuoneissa on omat kylpyhuoneet ja aamupala sisältyy huoneen hintaan. Yhteismajoitustiloissa yöpyville puolestaan löytyy yksityiset wc- ja suih",
          "en": "Book your stay at cozy hostel in the heart of Rovaniemi city center. We have 24 private rooms, 2 dorms and 1 apartment in our hostel, altogether 79 beds. Private rooms have their own bathrooms and light breakfast is included in the room price. There is a well equipped kitchen and relaxing area, as well as a genuine Finnish sauna for guests use."
        },
        "fetched_at": "2026-09-14T17:13:22Z"
      },
      "geometry": {
        "type": "Point",
        "coordinates": [
          25.73397,
          66.50122
        ]
      }
    },
    {
      "type": "Feature",
      "properties": {
        "id": "vf:b31cfb90-e1da-4de2-b7c3-10caaa9d0388",
        "name": {
          "en": "Villa Koivikko"
        },
        "category": "accommodation",
        "source": "visitfinland",
        "url": "https://villakoivikko.fi/",
        "description": {
          "en": "Discover Tranquil Luxury at Our Rovaniemi Villa in Lapland.\nNestled amidst the breathtaking landscapes of Lapland, Villa Koivikko offers you a haven of tranquility and luxury. Immerse yourself in the charm of Rovaniemi, where pristine nature meets elegant comfort. Whether you seek adventure or relaxation, your unforgettable Lapland experience begins here. Villa is suitable for maximum of 12 persons and is located 5 km from Rovaniemi city center."
        },
        "fetched_at": "2026-09-14T17:13:22Z"
      },
      "geometry": {
        "type": "Point",
        "coordinates": [
          25.653699,
          66.484927
        ]
      }
    },
    {
      "type": "Feature",
      "properties": {
        "id": "vf:b3a69b08-213b-41ca-bc26-d941ddb00df8",
        "name": {
          "en": "Rosso Rovaniemi",
          "fi": "Rosso Rovaniemi"
        },
        "category": "restaurant",
        "source": "visitfinland",
        "url": "https://www.raflaamo.fi/en/restaurant/rovaniemi/rosso-rovaniemi",
        "opening_hours": "ma–la 11–21; su 12–21",
        "description": {
          "en": "Rosso is a well-known Italian classic, which has offered relaxing moments to Finns for five decades. We offer popular classics, new delicious dishes and, above all, pizzas that are famous all over Finland. Rosso is a happy place to eat, where everyone is welcome! We cater to different diets: our pizzas and many pasta dishes are available in gluten-free versions, and you can also opt for a high-fibre rye pizza crust.\n \nWe serve lunch every weekday.\n \nRosso and other Lapinmaa restaurants are locat",
          "fi": "Rosso on tuttu klassikko, jonka rennosta tunnelmasta suomalaiset ovat nauttineet jo viidellä vuosikymmenellä. Meillä nautit rakastetuimmista klassikkoannoksista, upeista uutuuksista ja ennen kaikkea maankuuluista pizzoista. Rosso on iloinen ruokapaikka, johon olet tervetullut porukalla kuin porukalla! Erilaiset ruokavaliot on huomioitu listallamme hyvin: valmistamme originale-pizzat ja useat pastat halutessasi gluteenittomana, ja pizzan voit valita myös runsaskuituisen rukiisena.\n\nTarjoamme loun"
        },
        "fetched_at": "2026-09-14T17:13:22Z"
      },
      "geometry": {
        "type": "Point",
        "coordinates": [
          25.730879,
          66.502028
        ]
      }
    },
    {
      "type": "Feature",
      "properties": {
        "id": "vf:b5dee0ad-c4c7-455e-92e6-bf7c99d4b0ac",
        "name": {
          "en": "Lapland Restaurant Kotahovi",
          "fi": "Lappilaisravintola Kotahovi"
        },
        "category": "restaurant",
        "source": "visitfinland",
        "url": "https://www.laplandrestaurant.fi/",
        "opening_hours": "ma–pe 11–16",
        "description": {
          "en": "Lapland Restaurant Kotahovi is a charming restaurant located right in Rovaniemi in the well-known Santa Claus Village, just in the backyard of Santa Claus Office. The main entrance to the restaurant is located inside the Santa Claus Reindeer area.\n\nLocal, traditional cuisine is served in Lapland Restaurant Kotahovi’s cozy dining room, with an open fire in the heart of it. While having a delicious meal, you can enjoy the warm atmosphere, and occasionally even spot a reindeer outdoors!\n\nWarmly wel",
          "fi": "Lapland Restaurant Kotahovi sijaitsee Rovaniemellä matkailijoiden suosimassa Joulupukin Pajakylässä, Santa Claus Reindeer -poropuiston ytimessä, aivan Joulupukin Kammarin takapihalla.\n\nKotamaisesta ulkomuodostaan helposti tunnistettava Kotahovi tarjoaa perinteisiä lappilaisia ja suomalaisia ruokia tunnelmallisessa ravintolasalissa, jonka keskellä loimuaa lämmin avotuli. Suussasulavista herkuista nauttiessasi voit myös ihastella ulkona ahertavien porojen puuhia.\n\nTervetuloa tutustumaan lappilaisi"
        },
        "fetched_at": "2026-09-14T17:13:22Z"
      },
      "geometry": {
        "type": "Point",
        "coordinates": [
          25.84757,
          66.542702
        ]
      }
    },
    {
      "type": "Feature",
      "properties": {
        "id": "vf:b6d65c78-a668-47a2-88b2-1a3acec5bb9d",
        "name": {
          "fi": "Ravintola Roka",
          "en": "Ravintola Roka"
        },
        "category": "restaurant",
        "source": "visitfinland",
        "url": "https://ravintolaroka.fi/",
        "description": {
          "fi": "Avasimme 2015 Rovaniemelle uudenlaisen 25 paikkaisen kortteliravintolan, jossa tarjoamme yhä tänäkin päivänä sitä mitä teemme ja osaamme parhaiten; parhaista raaka-aineista valmistettua katuruokaa sekä bistrotyylisiä aitoja makuja ja palvelua, laatujuomia unohtamatta. Vaikutteina vahvasti Amerikka, Italia ja Meänperä. Raaka-aineet Rokaan tulevat niin läheltä kuin kauempaakin, valmistamme ne tuoreina, raikkaina ja maukkaina. Ruoka ja sen maku on nautinto, mutta nälkä pitää lähteä – se on meidän m",
          "en": "In 2015, we opened a new kind of 25-seat neighborhood restaurant in Rovaniemi, where to this day we serve what we do and know best: street food made from the finest ingredients, along with authentic bistro-style flavors and service — without forgetting quality drinks. Our influences come strongly from America, Italy, and the Meänperä region. The ingredients at Roka come from both near and far, and we prepare them fresh, vibrant, and full of flavor. Food and its taste are a pleasure, but hunger m"
        },
        "fetched_at": "2026-09-14T17:13:22Z"
      },
      "geometry": {
        "type": "Point",
        "coordinates": [
          25.72556,
          66.501645
        ]
      }
    },
    {
      "type": "Feature",
      "properties": {
        "id": "vf:b6e27515-8227-49b9-92ff-7974fa2655fa",
        "name": {
          "fi": "Villa Virpi",
          "en": "Villa Virpi"
        },
        "category": "accommodation",
        "source": "visitfinland",
        "url": "https://www.facebook.com/villavirpi/",
        "description": {
          "fi": "Villa Virpi on 1957 rakennettu puutalo kolmessa kerroksessa lähellä Rovaniemen keskustaa. Villa Virpissä voit majoittua päärakennuksessa, tontin yksityisessä huvilassa tai kaupunkihuoneistossa, jossa sauna ja iso parveke. \n\nTässä ainutlaatuisessa lämmin henkisessä puutalossa voit yöpyä mukavasti omassa huoneessa talon ylimmässä kerroksessa. Voit käyttää talon täysin varustettua keittiötä. Tilavat täysin varustetut huoneet. Talvella lapsilla on mahdollisuus laskea kelkalla isolla turvallisella pi",
          "en": "Villa Virpi is unique wooden house and offers accommodation in an main house or cosy private Villa  and in a city apartment with a sauna and big balcony.\n\nIn this unique old wooden house with a warm spirit, you can stay comfortably in your own room on the top floor. You can use the house's fully equipped kitchen. Spacious fully equipped rooms. In winter, children have the opportunity to slide down the hill in the safe large yard.\n\nThe center is within walking distance. 300m to the grocery store."
        },
        "fetched_at": "2026-09-14T17:13:22Z"
      },
      "geometry": {
        "type": "Point",
        "coordinates": [
          25.699006,
          66.512916
        ]
      }
    },
    {
      "type": "Feature",
      "properties": {
        "id": "vf:b97a212c-8b02-4e71-bd2d-a937698aeadb",
        "name": {
          "en": "Private Traditional Finnish Three Course Dinner, 3 hours"
        },
        "category": "restaurant",
        "source": "visitfinland",
        "url": "https://happyfox.fi/winter/",
        "opening_hours": "ma–su 17:30–19:30",
        "description": {
          "en": "Experience the traditional Finnish home made dinner in cosy private Fox Cottage without other guests.\n\nIn this Private experience we'll offer you Finnish home made dinner with beverages in the Fox Cottage at  Happy Fox forest farm in Rovaniemi.\n\nYou can have a romantic dinner with your love or just spend a pleasant time with your family or friends.\n\nYou can admire crystal chandeliers and fireplace in luxurious lounge of the Fox Cottage and enjoy the relaxing spirit."
        },
        "fetched_at": "2026-09-14T17:13:22Z"
      },
      "geometry": {
        "type": "Point",
        "coordinates": [
          25.581581,
          66.612517
        ]
      }
    },
    {
      "type": "Feature",
      "properties": {
        "id": "vf:b9cea3a9-d711-44a3-9695-1898bbf5f09e",
        "name": {
          "en": "Revontuli Shopping Centre",
          "fi": "Kauppakeskus Revontuli"
        },
        "category": "shop",
        "source": "visitfinland",
        "url": "https://www.kauppakeskusrevontuli.fi/en/",
        "opening_hours": "ma–pe 07–20; la 08:30–18; su 11:30–17",
        "description": {
          "en": "Revontuli Shopping Centre is located right in the heart of the City of Rovaniemi, above the E4 main road. Revontuli holds around 30 different shops that offer fashion for the entire family, beauty products, sports and wellbeing products, books and games, and much more. We also have a large supermarket from which you can buy food and other household supplies. Welcoming over three million visitors a year, there’s always something going on in our shopping centre.\n\nRevontuli is the Official Santa Cl",
          "fi": "Kauppakeskus Revontuli sijaitsee aivan Rovaniemen keskustassa, kaupungin läpi kulkevan E4-tien päällä.\n\nRevontulesta löydät noin 30 erilaista myymälää, joista voit ostaa esimerkiksi vaatteita koko perheelle, kauneuteen, urheiluun ja hyvinvointiin liittyviä tuotteita sekä kirjoja ja pelejä. Lisäksi tarjontaamme kuuluu suuri marketti, josta saat helposti ruokaa ja päivittäistarvikkeita.\n\nRevontuli järjestää vuoden aikana useita eri tapahtumia ja aktiviteettejä koko perheelle. Revontuli on myös Jou"
        },
        "fetched_at": "2026-09-14T17:13:22Z"
      },
      "geometry": {
        "type": "Point",
        "coordinates": [
          25.717389,
          66.506015
        ]
      }
    },
    {
      "type": "Feature",
      "properties": {
        "id": "vf:bb29cb79-4d4c-4010-9502-56c8e95b00b8",
        "name": {
          "fi": "Aurora Cottage Otsola",
          "en": "Aurora Cottage Otsola"
        },
        "category": "accommodation",
        "source": "visitfinland",
        "url": "https://www.laplanddeluxe.fi/en/aurora-cottage-otsola/",
        "description": {
          "fi": "Rauhaa ja revontulia\n\nTiesitkö, että paras aika nähdä revontulia Rovaniemellä on elokuun puolivälistä huhtikuun alkuun? Revontulia voi näkyä jopa 150 yönä vuodessa. Näkyvyys vaihtelee sääolosuhteiden mukaan – mutta kun taivas syttyy loimuun, hetki on ikimuistoinen.\n\nAurora Cottage Otsola sijaitsee yksityisen Saariniemen niememme pohjoisrannalla, rauhallisen Vanttausjärven äärellä. Avoin järvimaisema avautuu suoraan mökin ikkunoista – ja revontulia voi ihailla lämpimästi sisältä käsin.\n\nPäätuvass",
          "en": "Did you know that the best time to see the Aurora Borealis in Rovaniemi is from mid-August to early April, with up to 150 visible nights per year? This natural phenomenon depends on space weather and cloud cover – but when it appears, the moment is unforgettable.\n\nAurora Cottage Otsola is ideally located for Northern Lights spotting – on the northern shore of our private Saariniemi peninsula, right by the peaceful Lake Vanttausjärvi. The open lake view allows you to watch the sky directly from t"
        },
        "fetched_at": "2026-09-14T17:13:22Z"
      },
      "geometry": {
        "type": "Point",
        "coordinates": [
          26.588888,
          66.475956
        ]
      }
    },
    {
      "type": "Feature",
      "properties": {
        "id": "vf:bb854419-642f-4aad-a153-536bc6a2aac4",
        "name": {
          "es": "Arctic Light Hotel",
          "it": "Arctic Light Hotel",
          "ja": "アークティック ライト ホテル",
          "zh": "北极之光酒店",
          "fr": "Arctic Light Hotel",
          "de": "Arctic Light Hotel",
          "sv": "Arctic Light Hotel",
          "ru": "Отель Arctic Light Hotel",
          "en": "Arctic Light Hotel",
          "fi": "Arctic Light Hotel"
        },
        "category": "accommodation",
        "source": "visitfinland",
        "url": "https://www.arcticlighthotel.fi/",
        "description": {
          "es": "El Hotel Arctic Light es un hotel boutique contemporáneo, ganador de varios premios, situado en el corazón de Laponia, Rovaniemi. \nEl hotel, de propiedad familiar, es de fácil acceso en avión, coche y tren, y está a solo unos pasos de los principales proveedores de actividades de la ciudad y de las principales zonas comerciales y culturales.\n\nEl edificio de 1950 y antiguo Ayuntamiento de Rovaniemi se ha convertido en un elegante hotel, que abrió sus puertas durante la primavera de 2015. \nEste re",
          "it": "L’Arctic Light Hotel è un moderno boutique hotel pluripremiato situato nel cuore della Lapponia-Rovaniemi. \nQuesto hotel a conduzione familiare è facilmente raggiungibile in aereo, auto e treno e si trova a pochi passi dai principali organizzatori di attività della città e dalle maggiori aree commerciali e culturali.\n\nL’edificio degli anni ‘50, nonché ex municipio di Rovaniemi, è stato trasformato in un elegante hotel, aprendo i battenti nella primavera del 2015. \nQuesto rifugio artico urbano è ",
          "ja": "アークティック ライト ホテルは、ラップランド・ロヴァニエミの中心部に位置し、数々の賞を受賞している現代的なブティックホテルです。 \n家族経営の当ホテルは、飛行機、車、電車でのアクセスがよく、市内の主要アクティビティ プロバイダーや主要ショッピング・文化エリアへはわずか数歩です。\n\n1950 年代の建物、ロヴァニエミ旧市庁舎がスタイリッシュなホテルに生まれ変わり、2015 年春にオープンしました。 \n北極圏の隠れ家的なこのホテルは、ラップランドの伝統と究極の現代的スタイルが融合したユニークな宿泊施設です。\n\n当ホテルには、広々とした居心地の良いラウンジ、上質の料理が楽しめるレストラン、そして 57 室の広々とした客室とスイートルームがあります。アークティック ライト ホテルは、最高の快適性を追求し、北極圏でのパーソナライズされたご宿泊を提供するホテルとして高く評価されています。",
          "zh": "北极之光酒店 (Arctic Light Hotel) 荣获多个奖项，这座当代风格的精品酒店在拉普兰-罗瓦涅米 (Lapland-Rovaniemi) 的腹地找到了它的栖身之所。 \n这间酒店由家族经营，乘坐飞机、汽车和列车皆可轻松抵达，距离本市的主要活动场所、大型购物商场以及文化区仅几步之遥。\n\n这座时尚酒店的前身是始建于上世纪五十年代的前罗瓦涅米市政厅，经过改建后，于 2015 年春季开业。 \n这座位于城区的北极世外桃源以其独特的方式，完美融合了拉普兰的文化遗产以及当代风格。\n\n酒店配备宽敞舒适的休息室、环境宜人餐厅、57 间客房和套房，每间房宽敞明亮且风格各异。北极之光酒店将极致舒适视为至理，并在北极圈内因其个性化的住宿而广受赞誉。",
          "fr": "L'Arctic Light Hotel est un hôtel de charme contemporain plusieurs fois récompensé situé au cœur de Rovaniemi, en Laponie. \nFacilement accessible en avion, en voiture et en train, cet hôtel familial n'est qu'à quelques pas des principales activités de la ville et des grands centres commerciaux et culturels.\n\nLe bâtiment des années 1950, qui abritait autrefois l'hôtel de ville de Rovaniemi, a été transformé en un hôtel élégant qui a ouvert ses portes au printemps 2015. \nCe refuge urbain à l'ambia",
          "de": "Das Arctic Light Hotel ist ein mehrfach preisgekröntes, modernes Boutique-Hotel im Herzen von Lapland-Rovaniemi. \nDas familiengeführte Hotel ist mit dem Flugzeug, dem Auto und der Bahn leicht zu erreichen und liegt nur wenige Schritte von den wichtigsten Aktivitätsanbietern der Stadt und den wichtigsten Einkaufs- und Kulturzentren entfernt.\n\nDas Gebäude aus den 1950er Jahren, das ehemalige Rathaus von Rovaniemi, wurde zu einem stilvollen Hotel umgebaut und im Frühjahr 2015 eröffnet. \nDieses urba",
          "sv": "Arctic Light Hotel är ett flerfaldigt prisbelönt, modernt boutiquehotell beläget i hjärtat av Lappland-Rovaniemi. \nDet familjeägda hotellet är lätt att nå med flyg, bil och tåg och ligger bara ett stenkast från stadens främsta aktivitetsleverantörer liksom även de stora shopping- och kulturstråken.\n\nDen här 1950-talsbyggnaden, det före detta stadshuset i Rovaniemi, har omvandlats till ett elegant hotell och slog upp sina dörrar under våren 2015. \nDetta urbana arktiska gömställe bjuder på en helt",
          "ru": "Arctic Light Hotel — престижный современный бутик-отель в самом сердце Лапландии — Рованиеми. \nДо семейного отеля легко добраться на самолете, автомобиле и поезде, он находится всего в нескольких шагах от основных мест проведения досуга в городе, а также крупных торговых и культурных центров.\n\nЗдание 1950-х годов и бывшая ратуша Рованиеми были преобразованы в стильный отель, который открылся весной 2015 года. \nЭтот городской приют в условиях арктического холода представляет собой уникальное соче",
          "en": "The Arctic Light Hotel is a multi-award winning, contemporary boutique hotel situated in the heart of Lapland-Rovaniemi. The family-owned hotel is easy to reach by plane, car and train and is only steps away from the main activity providers in the city and the major shopping and cultural areas.\n \nThe 1950’s building and former City Hall of Rovaniemi has been converted into a stylish hotel and opened its doors during spring 2015. This urban Arctic hideaway offers a unique combination of Lappish h",
          "fi": "Arctic Light Hotel on palkittu perheomisteinen boutique-hotelli Lapin sydämessä Rovaniemellä. Vieraaksemme on helppo saapua niin lentokoneella, junalla kuin autollakin. Rovaniemen parhaat ohjelmapalvelut, ostoskeskukset ja kulttuuritarjonta ovat kaikki vain muutaman askeleen päässä.\n \nHotellimme sijaitsee vuonna 1949 valmistuneessa arvokiinteistössä. Rovaniemen Kauppalantalon tarina jatkuu mittavien muutostöiden jälkeen uudessa hotellissamme, jossa yhdistyvät ainutlaatuisella tavalla Lapin jälle"
        },
        "fetched_at": "2026-09-14T17:13:22Z"
      },
      "geometry": {
        "type": "Point",
        "coordinates": [
          25.734572,
          66.50146
        ]
      }
    },
    {
      "type": "Feature",
      "properties": {
        "id": "vf:bb8f28e3-2e3f-47e7-87d2-940ebe76f46a",
        "name": {
          "en": "Santa's Cuisine Restaurant - Santa Claus Holiday Village"
        },
        "category": "restaurant",
        "source": "visitfinland",
        "url": "https://www.santaclausholidayvillage.fi/en/restaurants/santas-cuisine-en-us/",
        "description": {
          "en": "The wonderful Santa's Cuisine restaurant is located in the middle of the cottage village of Santa Claus Holiday Village in Rovaniemi. Hosting up to 100 guests, it's the perfect spot for a delicious meal or a gathering. \n\nEmbrace the winter magic with Santa's Cuisine, serving delectable meals throughout the winter season. But that's not all—come summertime, our doors open for private rentals, ideal for hosting your company's meetings or creating cherished memories during grand family celebrations"
        },
        "fetched_at": "2026-09-14T17:13:22Z"
      },
      "geometry": {
        "type": "Point",
        "coordinates": [
          25.84489,
          66.543033
        ]
      }
    },
    {
      "type": "Feature",
      "properties": {
        "id": "vf:bcde5482-65b6-44d4-8391-bcd47b9697e2",
        "name": {
          "en": "Villa Happy Fox"
        },
        "category": "accommodation",
        "source": "visitfinland",
        "url": "https://www.villahappyfox.fi/",
        "description": {
          "en": "Experience Luxury with Happy Fox!\n\nHappy Fox Suites is a brand new hotel, opening in the beginning of December 2019.\nAt Happy Fox we want to give you Luxury experiences in our unique arctic enviroment and facilities.\n\nHappy Fox Forest Farm is private property with our own shore area. We are in the middle of the forest and you can experience the relaxing efects of the Actic nature. Our hotel is small and intimate because we have only four luxury suites.\n\nHappy Fox is a family company from Rovanie"
        },
        "fetched_at": "2026-09-14T17:13:22Z"
      },
      "geometry": {
        "type": "Point",
        "coordinates": [
          25.582609,
          66.612773
        ]
      }
    },
    {
      "type": "Feature",
      "properties": {
        "id": "vf:c2eec64c-b792-4365-9503-41afec0f62a7",
        "name": {
          "en": "Coffee House Rovaniemi",
          "fi": "Coffee House Rovaniemi"
        },
        "category": "restaurant",
        "source": "visitfinland",
        "url": "https://www.raflaamo.fi/en/restaurant/rovaniemi/coffee-house-rovaniemi",
        "opening_hours": "ma–pe 08–20; la 10–20; su 11–20",
        "description": {
          "en": "A heap of expertise with a sprinkling of love. This is what Coffee House is all about. So, come and let the aroma of fresh coffee and a delicious croissant or bagel bring a smile to your face.  Morning, noon or night – any time is the right time. Coffee House perks up your day!",
          "fi": "Pala rakkautta ja kasa ammattitaitoa. Niistä on kahvihetket Coffee Housella tehty. Tuo hymyn huulillesi sitten tuoreen kahvin tuoksu, croissantit tai bagelit, tule meille. Aamulla, päivällä tai illalla, jokainen hetki on oikea. Coffee House tarjoaa piristystä päivään.\n\nTervetuloa!"
        },
        "fetched_at": "2026-09-14T17:13:22Z"
      },
      "geometry": {
        "type": "Point",
        "coordinates": [
          25.730879,
          66.502028
        ]
      }
    },
    {
      "type": "Feature",
      "properties": {
        "id": "vf:c37eff17-9964-436f-89a2-89301199519a",
        "name": {
          "fi": "Korundi Kitchen & Café",
          "en": "Korundi Kitchen & Café"
        },
        "category": "restaurant",
        "source": "visitfinland",
        "url": "https://korundi.fi/en/visit/korundi-kitchen-cafe",
        "description": {
          "fi": "Kulttuuritalo Korundi ruokkii mielen lisäksi myös kehoa: Korundi Kitchen & Café on raikas lounasravintola, tunnelmallinen taidekahvila ja kiehtova kohtaamispaikka Rovaniemen keskustassa, historiaa henkivässä vanhassa postiautovarikossa.\n\nSuositussa lounasbuffetissamme sulautuvat yhteen laadukkaat raaka-aineet ja lämpimät mausteet maailmalta. Runsas lounasbuffet monipuolisine salaatteineen maistuu ja ilahduttaa päivittäin vaihtuvalla lounasmenulla arkisin ma-pe.  Korundi Kitchen & Café on myös ve",
          "en": "Korundi House of Culture feeds not only the mind but also the body: Korundi Kitchen & Café is a fresh lunch restaurant, an atmospheric art café and an enchanting meeting spot in a refurbished historical post bus depot in central Rovaniemi. Also, vegans and vegetarians favorite spot in town.\n\nOur popular buffet lunch fuses high-quality ingredients with warm spices of the world. The lunch buffet with a great variety of salads, delights with a daily changing lunch menu on weekdays, Monday to Friday"
        },
        "fetched_at": "2026-09-14T17:13:22Z"
      },
      "geometry": {
        "type": "Point",
        "coordinates": [
          25.718351,
          66.500738
        ]
      }
    },
    {
      "type": "Feature",
      "properties": {
        "id": "vf:c48572ad-5278-4b82-8789-349935654925",
        "name": {
          "en": "Rovaniemi Theatre Shop",
          "fi": "Rovaniemen Teatterin teatterikauppa"
        },
        "category": "shop",
        "source": "visitfinland",
        "url": "https://rovaniementeatteri.fi/lappia-hall-in-english/",
        "opening_hours": "ke–la 12–17",
        "description": {
          "en": "Rovaniemi Theatre shop is located in Lappia Hall lobby, centre of Rovaniemi city. The shop offers a variety of Finnish and lappish jewelry, accessories, clothing, cards and much more. Shop's selection changes regularly and includes also items from Finnish design brands e.g. Artek, Alvar Aalto and Pentik. \n\nThe shop features products themed around Alvar Aalto, who has had a significant influence on our cityscape, as well as items related to the Rovaniemi Theatre. Additionally, our selection is up",
          "fi": "Rovaniemen Teatterin teatterikauppa tarjoaa ainutlaatuisen valikoiman tuotteita arkeen ja juhlaan. Valikoimasta löytyy muun muassa suomalaista designia, erilaisia kortteja, kirjoja, taidetta, koruja sekä vaatteita ja asusteita.\n\nKaupan valikoimassa on kaupunkikuvaamme voimakkaasti vaikuttaneen Alvar Aallon teeman mukaisia sekä Rovaniemen Teatteriin liittyviä tuotteita. Lisäksi valikoima uudistuu esityskausittain, sillä tilaa on aina varattuna myös käynnissä olevan ohjelmiston teematuotteille"
        },
        "fetched_at": "2026-09-14T17:13:22Z"
      },
      "geometry": {
        "type": "Point",
        "coordinates": [
          25.721848,
          66.497193
        ]
      }
    },
    {
      "type": "Feature",
      "properties": {
        "id": "vf:c592d3e9-3b31-43df-b6f6-88c683c54b8d",
        "name": {
          "fi": "Café Ensilumi",
          "en": "Cafe Ensilumi"
        },
        "category": "restaurant",
        "source": "visitfinland",
        "url": "https://snowmanworld.fi/food-and-drink/",
        "opening_hours": "ma–su 12–18",
        "description": {
          "fi": "Café Ensilumen aukioloajat\n\n6.11.–5.12.2026 päivittäin klo 12–18\n6.12.2026–6.1.2027 päivittäin klo 10–20\n7.1.–17.3.2027 päivittäin klo 11–19\n\nCafé Ensilumi on Joulupukin Pajakylässä, Rovaniemellä, sisätiloissa sijaitseva suloinen kahvila, jossa on mukava lämmitellä ja nautiskella hetki reippaan ulkoilun päälle.\n\nTarjoamme kylmien ja kuumien juomien lisäksi paikallisista raaka-aineista kansainvälisellä tvistillä valmistettua suolaista pikkupurtavaa ja makeita herkkuja. Koiraystäväsi ovat myös läm",
          "en": "Café Ensilumi opening hours\n6 Nov–5 Dec 2026: daily 12:00–18:00\n6 Dec 2026–6 Jan 2027: daily 10:00–20:00\n7 Jan–17 Mar 2027: daily 11:00–19:00\n\nCafé Ensilumi is the sweetest indoor café in Santa Claus Village, Rovaniemi, and great for warming up and spending relaxing moments after all the active fun in the snow.\n\nIn addition to hot and cold drinks, we also offer savoury snacks and sweet delicacies made from local ingredients with international twist. Your dog friends are also warmly welcome insid"
        },
        "fetched_at": "2026-09-14T17:13:22Z"
      },
      "geometry": {
        "type": "Point",
        "coordinates": [
          25.845775,
          66.542344
        ]
      }
    },
    {
      "type": "Feature",
      "properties": {
        "id": "vf:c6a05ea2-4be6-4bf2-b562-be2d66b984c1",
        "name": {
          "en": "Arctic City Hotel",
          "fi": "Arctic City Hotel",
          "de": "Arctic City Hotel",
          "fr": "Arctic City Hotel",
          "it": "Arctic City Hotel",
          "es": "Arctic City Hotel"
        },
        "category": "accommodation",
        "source": "visitfinland",
        "url": "https://www.arcticcityhotel.fi/",
        "description": {
          "en": "Arctic City Hotel is a unique family-owned hotel located right in the center of Rovaniemi, close to both shopping areas and nature, just a few kilometers from the Arctic Circle and Santa Claus Village. Our guests come to stay and enjoy themselves from near and far. We are known for our love for Rovaniemi, good taste, easygoing atmosphere, and an experimental attitude that develops the whole city.\n \nArctic City Hotel was first opened in March 1978. Born and raised in Lapland, our family’s roots a",
          "fi": "Arctic City Hotel on uniikki perheomisteinen hotelli, joka sijaitsee aivan Rovaniemen keskustassa lähellä niin ostosalueita kuin luontoa, vain muutaman kilometrin päässä napapiiristä ja Joulupukin Pajakylästä. Hotelliimme tullaan viihtymään ja viipymään läheltä ja kaukaa. Meidät tunnetaan rakkaudesta Rovaniemeen, hyvästä mausta, mutkattomasta ilmapiiristä sekä koko kaupunkia kehittävästä kokeilevasta asenteesta.\n \nArctic City Hotel avattiin maaliskuussa 1978. Lapissa syntyneinä ja kasvaneina per",
          "de": "Das Arctic City Hotel ist ein einzigartiges Familienhotel im Zentrum von Rovaniemi, in der Nähe von Einkaufsmöglichkeiten und Natur, nur wenige Kilometer vom Polarkreis und dem Weihnachtsmanndorf entfernt. Unsere Gäste kommen von nah und fern, um hier zu verweilen und sich zu amüsieren. Wir sind bekannt für unsere Liebe zu Rovaniemi, unseren guten Geschmack, unsere lockere Atmosphäre und unsere experimentelle Einstellung, die die ganze Stadt weiterentwickelt.\n\nDas Arctic City Hotel wurde erstmal",
          "fr": "L'Arctic City Hotel est un hôtel familial unique situé en plein centre de Rovaniemi, à proximité des zones commerçantes et de la nature, à quelques kilomètres seulement du cercle polaire arctique et du village du Père Noël. Nos clients viennent de près ou de loin pour séjourner et s'amuser. Nous sommes connus pour notre amour de Rovaniemi, notre bon goût, notre atmosphère décontractée et notre attitude expérimentale qui développe toute la ville.\n\nL'Arctic City Hotel a ouvert ses portes en mars 1",
          "it": "L'Arctic City Hotel è un albergo a conduzione familiare unico nel suo genere, situato proprio nel centro di Rovaniemi, vicino alle aree commerciali e alla natura, a pochi chilometri dal Circolo Polare Artico e dal Villaggio di Babbo Natale. I nostri ospiti vengono a soggiornare e a divertirsi da vicino e da lontano. Siamo conosciuti per il nostro amore per Rovaniemi, il buon gusto, l'atmosfera rilassata e l'atteggiamento sperimentale che sviluppa l'intera città.\n\nL'Arctic City Hotel è stato inau",
          "es": "El Arctic City Hotel es un singular hotel familiar situado en pleno centro de Rovaniemi, cerca de zonas comerciales y de la naturaleza, a pocos kilómetros del Círculo Polar Ártico y del pueblo de Papá Noel. Nuestros huéspedes vienen a alojarse y disfrutar desde cerca y desde lejos. Se nos conoce por nuestro amor a Rovaniemi, buen gusto, ambiente desenfadado y una actitud experimental que desarrolla toda la ciudad.\n\nEl Arctic City Hotel abrió sus puertas por primera vez en marzo de 1978. Nacidos "
        },
        "fetched_at": "2026-09-14T17:13:22Z"
      },
      "geometry": {
        "type": "Point",
        "coordinates": [
          25.729504,
          66.501609
        ]
      }
    },
    {
      "type": "Feature",
      "properties": {
        "id": "vf:c7a41c72-77f1-4dc6-9fa8-ce4688773acf",
        "name": {
          "fi": "Glass Resortin lasihuvila",
          "en": "Glass Resort Premium Lodge"
        },
        "category": "accommodation",
        "source": "visitfinland",
        "url": "https://glassresort.fi/apartments/premium-lodge/",
        "description": {
          "fi": "Glass Resortin lasihuvilassa on neljä tilavaa, omalla kylpyhuoneella varustettua kahden hengen makuuhuonetta. Huvilassa on majoitustilat yhteensä 9 vieraalle (8+1). Lasihuvila tarjoaa loistavat puitteet rentouttavaan perhelomailuun, ystävien kanssa lomailuun tai työpaikan kokous-/virkistyspäiviin. Korkeatasoinen Glass Resortin lasihuvila jatkaa sisustukseltaan samaa modernia ja pohjoisen perinteiden innoittamaa designia, kuin Glass Resortin lasihuoneistot.\n Huvila tarjoaa tilaa ja luksusta rento",
          "en": "The Glass Resort Premium Lodge has 4 ensuite bedrooms sleeping up to 8+1 guests. This is a great setting for unwind family holidays, staycations with friends and romantic weekends. The high-end Glass Resort Premium Lodge has the same modern design and comfort inspired by Lapland traditions as the Glass Resort Glass Apartments. The Premium Lodge provides space and luxurious feel for relaxing and memorable stays for larger groups. The total living area of the two storey Glass Resort Premium Lodge "
        },
        "fetched_at": "2026-09-14T17:13:22Z"
      },
      "geometry": {
        "type": "Point",
        "coordinates": [
          25.854358,
          66.54232
        ]
      }
    },
    {
      "type": "Feature",
      "properties": {
        "id": "vf:cbf5f8ef-02ed-4e9b-a579-5f5a91a53006",
        "name": {
          "en": "Restaurant Ravintolamaailma Rovaniemi",
          "fi": "Ravintolamaailma Rovaniemi"
        },
        "category": "restaurant",
        "source": "visitfinland",
        "url": "https://www.raflaamo.fi/en/restaurant/rovaniemi/pizza-buffa-rovaniemi",
        "opening_hours": "ma–la 08–19; su 11–19",
        "description": {
          "en": "Ravintolamaailma consists of two different brands: Pizza&Buffa and Presso.\n\nPizza & Buffa offers a straightforward and relaxed way to enjoy good food, on your own or with your family. In addition to freshly baked pizzas, we serve a healthy home-cooked lunch and a variety salads and desserts. To juice up evenings, Pizza & Buffa holds theme fiestas, offering new tasty surprises. Come and enjoy a cosy atmosphere – we cook food today. The entire buffet is available at a single price.\nOn weekends, yo",
          "fi": "Rovaniemen Ravintolamaailma koostuu kahdesta eri ravintolakonseptista: Pizza&Buffasta sekä Pressosta.\n\nPizza & Buffa on konstailematon ja leppoisa tapa nauttia hyvästä ruoasta, vaikka koko perheen voimin. Tarjoamme tuoreen pizzan ohella lounaalla terveellistä kotiruokaa, aina monipuolisesti myös salaatteja ja jälkiruokia. Piristeenä ovat iltaisin teemalliset fiestat, jolloin tarjontaan tulee uusia maukkaita yllätyksiä. Tule syömään reilusti ja kotoisasti, me laitamme ruoan tänään. Ja koko buffa "
        },
        "fetched_at": "2026-09-14T17:13:22Z"
      },
      "geometry": {
        "type": "Point",
        "coordinates": [
          25.687716,
          66.492557
        ]
      }
    },
    {
      "type": "Feature",
      "properties": {
        "id": "vf:ce2f403e-f77b-4946-9adb-006ff9c13273",
        "name": {
          "en": "Arcticmint Villa"
        },
        "category": "accommodation",
        "source": "visitfinland",
        "url": "https://www.arcticmint.fi",
        "opening_hours": "ma–su 08–24",
        "description": {
          "en": "Arcticmint Villa is a family-owned Villa set amidst Lapland's pristine nature, yet close to all the activities and attractions of Rovaniemi, Lapland, Finland. Villa is only a 20-minute drive from the center of Rovaniemi and 15 minutes from Santa's Village and Rovaniemi Airport – a perfect location for enjoying the Northern lights and the prestige Lapland wilderness, completely light- and noise pollution free. \n\nArcticmint Villa is more than a place for you to stay in. It gives you the needed sol"
        },
        "fetched_at": "2026-09-14T17:13:22Z"
      },
      "geometry": {
        "type": "Point",
        "coordinates": [
          25.742191,
          66.615504
        ]
      }
    },
    {
      "type": "Feature",
      "properties": {
        "id": "vf:d08bbe6a-cbc6-4e6d-a821-51cba4a2188a",
        "name": {
          "en": "Aino Private Island Hotel",
          "fi": "Aino Private Island Hotel"
        },
        "category": "accommodation",
        "source": "visitfinland",
        "url": "https://ainoprivateislandhotel.com/",
        "description": {
          "en": "Boutique hotel exclusively for adults\n\nOpening in November 2025, Aino Private Island Hotel is an exclusive adults-only retreat just outside Rovaniemi, hidden in plain sight on a private island in the Kemijoki river. With only eleven suites and deluxe rooms and one secluded villa, Aino offers rare intimacy in the heart of Arctic nature. Guests are invited to unwind in two saunas with possibility to dip into fresh river, savour seasonal cuisine in the island’s intimate restaurant, and take in 360-",
          "fi": "Vain aikuisille suunnattu boutique-hotelli\n\nMarraskuussa 2025 avautuva Aino Private Island Hotel on ainutlaatuinen, vain aikuisille tarkoitettu piilopaikka aivan Rovaniemen kupeessa – yksityisellä saarella Kemijoessa, piilossa näkyvillä. Vain yksitoista sviittiä ja deluxe-huonetta sekä yksi erillinen huvila tekevät Ainosta poikkeuksellisen intiimin pakopaikan arktisen luonnon sydämessä. Vieraat voivat rentoutua kahdessa saunassa ja pulahtaa raikkaaseen jokiveteen, nauttia saaren ravintolan seson"
        },
        "fetched_at": "2026-09-14T17:13:22Z"
      },
      "geometry": {
        "type": "Point",
        "coordinates": [
          25.861228,
          66.518341
        ]
      }
    },
    {
      "type": "Feature",
      "properties": {
        "id": "vf:d2b95454-3d6b-4062-9fac-ef64b8af2ce2",
        "name": {
          "en": "Moomin Shop Rovaniemi",
          "fi": "Moomin Shop Rovaniemi",
          "sv": "Moomin Shop Rovaniemi"
        },
        "category": "shop",
        "source": "visitfinland",
        "url": "https://www.facebook.com/moominshoprovaniemi",
        "opening_hours": "ma–su 11–17",
        "description": {
          "en": "First official Moomin Shop in Lapland, Finland! 🇫🇮 The official Moomin Shops, including Moomin Shop Rovaniemi in Lapland, offer the best of Moomin in fun and inspirational store settings. Run by Moomin Characters and dedicated shopkeepers around the world, these shops host events, character meet-ups, and feature a wide selection of Moomin items.",
          "fi": "Moomin Shop Rovaniemi Joulupukin Pajakylässä, Rovaniemellä. Myymälästämme löydät Lapin laajimman Muumi-tuotevalikoiman. Liikkeestämme löydät myös harvinaisempia Muumituotteita, joita ei ole saatavilla kaikkialta. Liikkeessämme voit tehdä ostoksia hyvillä mielin sillä kaikki Muumi-tuotteemme ovat Moomin Characters Oy Ltd:n lisensenssin valtuuttamilta valmistajilta.",
          "sv": "Moomin Shop Rovaniemi, som är belägen i Santa Claus Village Rovaniemi, är en butik som specialiserar sig på Muminprodukter. I vår butik hittar du även mer sällsynta Muminprodukter som inte finns överallt. \nDu kan handla i vår butik med ett gott hjärta, eftersom alla våra Mumin-produkter är från tillverkare som är auktoriserade av Moomin Characters Oy Ltd."
        },
        "fetched_at": "2026-09-14T17:13:22Z"
      },
      "geometry": {
        "type": "Point",
        "coordinates": [
          25.847944,
          66.543956
        ]
      }
    },
    {
      "type": "Feature",
      "properties": {
        "id": "vf:d4e99daa-9f76-49b2-b627-944fdf59d7b2",
        "name": {
          "en": "Casa Arctica Apartment with sauna"
        },
        "category": "accommodation",
        "source": "visitfinland",
        "url": "https://www.casa-arctica.fi",
        "description": {
          "en": "Our beautiful Apartment is only 150 metres from our home office in Rovaniemi. It is in a small terrace house with private entrance. It has private sauna and large balcony viewing to the riverside. \nThe Apartment (40 m2) is suitable for 2-4 persons. It has fully-equipped kitchen and bathroom with private sauna. The living-room has a comfortable sofa-bed for 1-2 persons and the bedroom has a double-bed. \n\nThis fully furnished Apartment is equipped with free WiFi, cable HDTV, Blueray DVD-player, PS"
        },
        "fetched_at": "2026-09-14T17:13:22Z"
      },
      "geometry": {
        "type": "Point",
        "coordinates": [
          25.718548,
          66.509788
        ]
      }
    },
    {
      "type": "Feature",
      "properties": {
        "id": "vf:d8cf8486-847f-4d6b-ae53-cc8e92be778d",
        "name": {
          "en": "Casa Arctica City Centre Studio"
        },
        "category": "accommodation",
        "source": "visitfinland",
        "url": "https://www.casa-arctica.fi",
        "description": {
          "en": "Our stylish Studio is located in Rovaniemi city centre in a quiet corner though only 100 metres from Revontuli shopping centre. The Studio (32  m2) is ideal for 2 persons. Arktikum museum is only 200 metres away as also Pedestrian zone and Lordi Square. \n\nStudio has a fully-equipped kitchen and bathroom with shower. There is a double-bed, seating area with sofa and private glazed balcony with garden view. \nIt is also equipped with free WIFI, cable HDTV, Blueray-player, radio, hair dryer and stea"
        },
        "fetched_at": "2026-09-14T17:13:22Z"
      },
      "geometry": {
        "type": "Point",
        "coordinates": [
          25.723201,
          66.504687
        ]
      }
    },
    {
      "type": "Feature",
      "properties": {
        "id": "vf:dee1ab02-1c03-4729-ac3f-44660f6a74cf",
        "name": {
          "en": "Rakas Restaurant & Bar",
          "ru": "Ресторан и бар Rakas",
          "sv": "Rakas Restaurant & Bar",
          "de": "Rakas Restaurant & Bar",
          "fr": "Rakas Restaurant & Bar",
          "zh": "拉卡斯餐吧",
          "ja": "ラカス レストラン＆バー",
          "it": "Ristorante & Bar Rakas",
          "es": "Rakas Restaurant & Bar",
          "fi": "Rakas Ravintola"
        },
        "category": "restaurant",
        "source": "visitfinland",
        "url": "https://rakasrestaurant.com/",
        "description": {
          "en": "Rakas Restaurant & Bar, located in the main building of the Arctic TreeHouse Hotel in Rovaniemi, charms with its unique ambiance and menu of meals made from local ingredients prepared with a modern twist. As you sit by the beckoning fireplace beneath the pine cone lamps, the delicious flavours will create out-of-the-ordinary and divinely tasty moments.",
          "ru": "Ресторан и бар Rakas в главном здании отеля Arctic TreeHouse привлекает своей уникальной атмосферой и меню из блюд, приготовленных из местных продуктов на современный лад. Когда вы устроитесь у манящего теплом камина под лампами из сосновых шишек, восхитительные ароматы погрузят вас в божественный мир кулинарных грез.",
          "sv": "Rakas Restaurant & Bar, som ligger i huvudbyggnaden på Arctic TreeHouse Hotel, charmar med sin unika atmosfär och menyn med måltider gjorda på lokala råvaror som tillagas med en modern twist. När du sitter framför den härliga öppna spisen under kottelamporna skapar de läckra smakerna gudomligt välsmakande upplevelser utöver det vanliga.",
          "de": "Das Rakas Restaurant & Bar im Hauptgebäude des Arctic TreeHouse Hotel besticht durch sein einzigartiges Ambiente und seine Speisekarte mit Gerichten aus lokalen Zutaten, die mit einem modernen Touch zubereitet werden. Wenn Sie am einladenden Kamin unter den Tannenzapfen-Lampen sitzen, werden die köstlichen Aromen für außergewöhnliche und göttlich leckere Momente sorgen.",
          "fr": "Situé dans le bâtiment principal de l'Arctic TreeHouse Hotel, Rakas Restaurant & Bar séduit par son ambiance unique et son interprétation moderne d'ingrédients locaux. Cédez à l'invitation de la cheminée : prenez place sous les lampes en forme de pommes de pin et laissez-vous transporter par les saveurs divines, pour un moment hors du temps.",
          "zh": "拉卡斯餐吧 (Rakas Restaurant & Bar) 位于北极树屋酒店 (Arctic TreeHouse Hotel) 主楼内部，这里氛围独特，魅力十足，餐点均采用当地食材烹制，并融合现代风格。您可以坐在令人神往的壁炉旁，在松果灯发出柔和的光芒中品尝美食，享受不同寻常且神圣的美味时刻。",
          "ja": "アークティック ツリーハウス ホテル本館にあるラカス レストラン＆バーは、独特の雰囲気と地元の食材を現代風にアレンジしたメニューが魅力です。パインコーン ランプの下、招き入れるような暖炉のそばに座ると、美味が非日常的で神々しいまでのおいしい時間を演出してくれます。",
          "it": "Rakas Restaurant & Bar, situato nell’edificio principale dell’Arctic TreeHouse Hotel, affascina con la sua atmosfera unica e il menu di piatti a base di ingredienti locali preparati in chiave moderna. Mentre ti accomodi accanto al camino sotto le lampade a pigna, i sapori deliziosi ti regaleranno un’esperienza fuori dal comune e da leccarsi i baffi.",
          "es": "Rakas Restaurant & Bar, situado en el edificio principal del Arctic TreeHouse Hotel, encanta con su ambiente único y su menú de platos elaborados con ingredientes locales preparados con un toque moderno. Mientras te sientas junto a la acogedora chimenea bajo las lámparas de piñas, los deliciosos sabores crearán momentos fuera de lo común y divinamente sabrosos.",
          "fi": "Arctic TreeHouse -hotellin päärakennuksessa sijaitseva maisemaravintola Rakas hurmaa ainutlaatuisella tunnelmallaan ja paikallisiin raaka-aineisiin nojaavalla modernilla menullaan. Rakkaan lämpimässä tunnelmassa ikonisten käpylamppujen alla takkatulen loimussa, herkulliset maut nostavat sinut hetkeksi arjen yläpuolelle. Ravintola sijaitsee Rovaniemellä."
        },
        "fetched_at": "2026-09-14T17:13:22Z"
      },
      "geometry": {
        "type": "Point",
        "coordinates": [
          25.800554,
          66.539381
        ]
      }
    },
    {
      "type": "Feature",
      "properties": {
        "id": "vf:e17fb9b3-07d6-4d9d-a241-fd4632e65415",
        "name": {
          "fi": "Monte Rosa",
          "en": "Restaurant Monte Rosa"
        },
        "category": "restaurant",
        "source": "visitfinland",
        "url": "https://www.monterosa.fi/",
        "opening_hours": "ma–su 17–23",
        "description": {
          "fi": "Monte Rosa on yksi Rovaniemen suosituimmista ravintoloista – lämminhenkinen ja tunnelmallinen paikka, jossa illallinen on aina elämys. Täällä kausittain vaihtuvissa menuissamme yhdistyvät lappilaiset juuret ja kansainväliset maut sekä tyylisuunnat. Kaupungin parhaat pihvit on paistettu Montessa jo vuodesta 1991. Ravintolaan pääsee kätevästi suoraan hotellin aulasta.\nRavintola Monte Rosan löydät Arctic City Hotellista, Rovaniemeltä.",
          "en": "Listed among the top restaurants in Rovaniemi, Monte Rosa offers a warm, rustic setting for a memorable dining experience. Since 1991, we’ve perfected the art of steak-making, proudly serving the best steaks in town. Honoring our Lappish roots, we blend tradition with modern flavors from around the world. Open for breakfast and dinner, Monte Rosa is conveniently located just off the Arctic City Hotel’s lobby.\nRestaurant Monte Rosa is located in Arctic City Hotel, Rovaniemi, Lapland, Finland."
        },
        "fetched_at": "2026-09-14T17:13:22Z"
      },
      "geometry": {
        "type": "Point",
        "coordinates": [
          25.729504,
          66.501609
        ]
      }
    },
    {
      "type": "Feature",
      "properties": {
        "id": "vf:e43de01d-035b-49dd-8203-bb59ab3882b3",
        "name": {
          "fi": "Bull Bar & Grill",
          "en": "Bull Bar & Grill"
        },
        "category": "restaurant",
        "source": "visitfinland",
        "url": "https://www.arcticcityhotel.fi/eat-drink/bull-bar-grill",
        "description": {
          "fi": "Bull Bar & Grill on mutkaton kohtaamispaikka, jossa yhdistyvät rehti ruoka ja hyvä fiilis. Meiltä saat mehevät burgerit, ribsit, tuliset wingsit, tuoreet salaatit ja kylkeen vaikka pallon jäätelöä. Bull sijaitsee Arctic City Hotellin alakerrassa ja tarjoaa rennon ilmapiirin, jossa aika kuluu vaikkapa viihteen äärellä tai lautapelejä pelatessa.\n\nBull Bar & Grill sijaitsee Rovaniemen keskustassa.",
          "en": "Bull Bar & Grill is the go-to spot for laid-back dining and bold flavors. Specializing bar food classics, we serve juicy burgers, tender ribs, and fiery hot wings, alongside fresh salads and tasty ice cream. Located in the cozy basement of the hotel, Bull offers a relaxed lounge atmosphere where you can enjoy a wide selection of beers or cocktails – whether you’re catching the game or unwinding with friends. We also have a nice collection of board games available!\n\nBull Bar & Grill is located in"
        },
        "fetched_at": "2026-09-14T17:13:22Z"
      },
      "geometry": {
        "type": "Point",
        "coordinates": [
          25.729437,
          66.501149
        ]
      }
    },
    {
      "type": "Feature",
      "properties": {
        "id": "vf:e5f4cfad-5e4a-49cc-89a4-43302db5ac99",
        "name": {
          "en": "LAURI - Handicrafts Shop",
          "fi": "LAURI - Verstas ja myymälä"
        },
        "category": "shop",
        "source": "visitfinland",
        "url": "https://www.laurihouse.com/shop",
        "opening_hours": "ma–pe 10–17",
        "description": {
          "en": "Our LAURI handicrafts shop is located near Rovaniemi center. We are following old traditions by creating our unique items, which are all handmade from renewable natural materials. We care about our own Sámi ancestry. Most of the objects are Sámi and Lappish art, both traditional and modern re-interpretations. We work a lot with antlers, reindeer leather, fish leather, and Lapland’s wood.",
          "fi": "Vaalimme vanhoja tapoja luodessamme yksilöllisiä tuotteitamme. Kunnioitamme saamelaisten käsitöiden vanhoja perinteitä. Monissa tuotteissamme on saamelaista symboliikkaa tai ne muutoin mukailevat saamelaista taidekulttuuria, sekä perinteisinä, että nykyaikaisina tulkintoina.\n\nLAURI - Verstas ja myymälä sijaitsee lähellä Rovaniemen keskustaa."
        },
        "fetched_at": "2026-09-14T17:13:22Z"
      },
      "geometry": {
        "type": "Point",
        "coordinates": [
          25.718736,
          66.504078
        ]
      }
    },
    {
      "type": "Feature",
      "properties": {
        "id": "vf:e655a11f-596b-4614-b732-8d837d7bfa68",
        "name": {
          "en": "Gustav Kitchen & Bar",
          "es": "Gustav Kitchen & Bar",
          "it": "Gustav Kitchen & Bar",
          "ja": "グスタフ キッチン＆バー",
          "zh": "古斯塔夫餐吧",
          "fr": "Gustav Kitchen & Bar",
          "de": "Gustav Küche & Bar",
          "sv": "Gustav Kitchen & Bar",
          "ru": "Gustav Kitchen & Bar",
          "fi": "Gustav Kitchen & Bar"
        },
        "category": "restaurant",
        "source": "visitfinland",
        "url": "https://www.gustavkitchenbar.fi/en/home",
        "opening_hours": "ma 11–15; ti 11–22; ke–to 11–23; pe 11–02; la 12–02",
        "description": {
          "en": "Mr. Gustav is a gentle grandfather, whose beard tickles as he hugs. He never says no for angling with his grandchildren and encourages them for yet another pancake. Gustav had a soul of a wanderer already way before travelling became somewhat fashionable. His voyages have made him quite a storyteller, and from the travels he always returned with a chest full of recipes. The passing days have not faded Gustav’s curiosity for globetrotting, even if made him more composed. A delightful drink, scrum",
          "es": "El Sr. Gustav es un abuelo muy amable que hace cosquillas con la barba al dar un abrazo. Nunca les niega a sus nietos una salida a pescar, y siempre les anima a zamparse otra tortita. Gustav ya tenía alma de viajero mucho antes de que viajar se pusiera de moda. Sus viajes han hecho de él una mina de historias interesantes, y de todos ellos siempre ha vuelto con un cofre lleno de recetas. El paso del tiempo no ha disipado la curiosidad de Gustav por conocer el mundo, aunque sí la ha apaciguado un",
          "it": "Il signor Gustav è un nonno gentile con una barba che solletica quando lo si abbraccia. È sempre pronto per andare a pesca con i suoi nipoti e li vizia con i suoi pancake. Gustav aveva l’anima di un viaggiatore già molto prima che viaggiare diventasse di moda. I suoi viaggi, dai quali tornava sempre con un baule pieno di ricette, lo hanno reso uno straordinario narratore. Nonostante il passare del tempo, Gustav non ha perso la sua curiosità anche se è diventato irrequieto. Una bevanda deliziosa,",
          "ja": "グスタフさんは、ハグをするとヒゲがくすぐったくなる優しいおじいちゃんです。孫さんとの釣りは断らず、パンケーキのおかわりをすすめます。グスタフは、旅行が流行する前から、放浪者の魂を持っていました。旅行のおかげで、彼はかなりの語り手となり、旅先でレシピを集め、いつも胸を張って帰ってきました。落ち着いているようでも、グスタフの旅への好奇心は衰えることはありませんでした。グスタフにとって大切なのは、楽しいお酒とおいしい料理、そして周りの大切な人々です。そのため、何十年にもわたって培われた妥協のない経験から、仲間に喜んでもらえるような料理を作ることに力を注いでいます。",
          "zh": "Gustav 先生是一位和蔼的老人，在拥抱时他的胡须会令人发痒。 当祖孙要和他一起去钓鱼时他总是有求必应，并鼓励他们再吃一块煎饼。 在旅行成为一种时尚前，古斯塔夫就已经有了流浪的灵魂。 他的旅行经历使他成为了一个很会说故事的人，旅行回来时，他总是会带回一个装满食谱的箱子。 过去的日子使古斯塔夫变得更加镇定，但从没有削弱他对环游世界的好奇心。 对于古斯塔夫来说，美味的饮料、可口的食物以及心爱的人才是真正重要的存在。 因此，他乐于为好友烹制佳肴，而他之所以能做出这样的美味，就得归功于他几十年永不妥协的经验。",
          "fr": "M. Gustav est un gentil grand-père, dont la barbe vous chatouille lorsqu’il vous embrasse. Il ne refuse jamais une partie de pêche à la ligne avec ses petits-enfants et les encourage à se resservir des pancakes. Gustav avait déjà l’âme d’un aventurier bien avant que les voyages deviennent à la mode. Ses voyages ont fait de lui un très bon conteur, et il est toujours rentré avec un coffre plein de recettes. Le temps qui passe n’a pas atténué la curiosité de Gustav pour les voyages à travers le mo",
          "de": "Herr Gustav ist ein freundlicher Großvater, dessen Bart einen beim Umarmen kitzelt. Er sagt nie nein, wenn es darum geht, mit seinen Enkelkindern angeln zu gehen und ermutigt sie, noch einen weiteren Pfannkuchen zu essen. Gustav war schon mit Leib und Seele ein Wanderer, lange bevor das Reisen in Mode kam. Durch seine Reisen wurde er zum Geschichtenerzähler und er kehrte immer mit einer Kiste voller Rezepte zurück. Gustavs Interesse am Erkunden der Welt ist im Laufe der Zeit nicht geschwunden, a",
          "sv": "Mr. Gustav är en ömsint farfar vars skägg kittlas när han kramas. Han säger aldrig nej till att fiska med sina barnbarn och manar på dem att ta en pannkaka till. Gustav hade en resande själ redan innan resor blev på modet. Hans resor har gjort honom till en duktig historieberättare, och han kom alltid hem från sina resor med en kista full av recept. Med tiden har Gustavs intresse för att resa ut i världen inte minskat, men han har blivit mer återhållsam. Det viktigaste för Gustav är något gott a",
          "ru": "Густав — это добрый дедушка, борода которого колет щеку, когда он вас обнимает. Он никогда не откажется порыбачить с внуками и просит их съесть еще оладушек. Густав всегда был странником в душе, еще до того, как путешествия вошли в моду. Странствия сделали из него хорошего рассказчика, и он всегда возвращался из поездок с кучей рецептов. Годы не затмили интерес Густава к познанию мира, хотя и прибавили ему сдержанности. Приятно выпить и вкусно поесть в окружении любимых людей — вот что поистине ",
          "fi": "Herra Gustav on lempeä isoisä, jonka parta kutittaa halatessa. Hän ei koskaan kieltäydy onkireissusta lastenlastensa kanssa tai kiellä ottamasta vielä yhtä lettua. Gustavin kulkurisielu paloi jo silloin, kun matkustelu ei ollut vielä niin muodikasta. Hänen lukuisilta reissuiltaan ovat peräisin ehtymättömät tarinat sekä matka-arkullinen reseptejä. Nykyään Gustavin maankiertäjän uteliaisuus on jo hienovaraisempaa. Hyvä juoma, maukas ruoka ja rakkaat ihmiset ovat Gustaville ensiarvoisen tärkeitä. S"
        },
        "fetched_at": "2026-09-14T17:13:22Z"
      },
      "geometry": {
        "type": "Point",
        "coordinates": [
          25.733012,
          66.502431
        ]
      }
    },
    {
      "type": "Feature",
      "properties": {
        "id": "vf:eba58150-e055-4f7f-9b99-e27b2de5cecb",
        "name": {
          "en": "Glass Resort",
          "fi": "Glass Resort"
        },
        "category": "accommodation",
        "source": "visitfinland",
        "url": "https://glassresort.fi/",
        "description": {
          "en": "Every stay is designed to bring you closer to the beauty of Lapland while surrounding you with comfort and quiet luxury. Inspired by the traditional Sámi kota hut, our glass-fronted apartments and lodge blend contemporary design with timeless heritage.\n\nChoose from 24 Premium Glass Apartments, our 3 spacious Deluxe Glass Apartments, or the exclusive Premium Lodge. Each is thoughtfully designed with floor-to-ceiling windows, a private sauna, and a heated outdoor hot tub that invites you to unwind",
          "fi": "Glass Resort sijaitsee Rovaniemellä, Joulupukin virallisessa kotikaupungissa, ja tarjoaa ainutlaatuisen yhdistelmän pohjoista luontoa, modernia designia ja huomaavaista palvelua. Perheomisteinen lomakeskus on suunniteltu tarjoamaan vieraille rauhaa, mukavuutta ja unohtumattomia elämyksiä.\n\n24 korkealuokkaista Lasihuoneistoa, 3 tilavaa Deluxe Lasihuoneistoa ja ylellinen Lasihuvila tarjoavat täydelliset puitteet rentoutumiseen. Jokaisesta huoneistosta avautuu upeat näkymät ympäröivään luontoon. \n\n"
        },
        "fetched_at": "2026-09-14T17:13:22Z"
      },
      "geometry": {
        "type": "Point",
        "coordinates": [
          25.851079,
          66.541328
        ]
      }
    },
    {
      "type": "Feature",
      "properties": {
        "id": "vf:ed32fcc6-0b8c-40cf-9b9f-46bf39af355a",
        "name": {
          "en": "Sky Kitchen & View",
          "fi": "Sky Kitchen & View"
        },
        "category": "restaurant",
        "source": "visitfinland",
        "url": "https://www.kitchensky.fi/en/sky-kitchen-view.html",
        "description": {
          "en": "Lapland Hotels Sky Ounasvaara’s scenic restaurant Sky Kitchen & View in Rovaniemi has been voted among the best restaurants in Finland many times. With us, you can enjoy breakfast or dinner with a view, as Sky Kitchen & View restaurant’s panorama windows allow you to admire the wonderful views of beautiful Ounasvaara that extend to the horizon. The restaurant’s menu is a tribute to the diverse nature of the North and the world’s purest ingredients sourced from the wild.\n\n\nThe North is our home, ",
          "fi": "Rovaniemellä sijaitseva Lapland Hotels Sky Ounasvaaran näköalaravintola Sky Kitchen & View on jo useana vuonna äänestetty Suomen parhaimpien ravintoloiden listoille. Sky Kitchen & View -ravintolassa voit ihastella maisemaikkunoista horisonttiin levittäytyvää Ounasvaaran luontoa niin aamiaisella kuin illallisella. Ravintolan ruokalista on ylistys pohjoisen monimuotoiselle luonnolle ja sen tarjoamille maailman puhtaimmille, paikallisille raaka-aineille.\n\nPohjoinen on kotimme, jota vaalimme kaikess"
        },
        "fetched_at": "2026-09-14T17:13:22Z"
      },
      "geometry": {
        "type": "Point",
        "coordinates": [
          25.788549,
          66.501905
        ]
      }
    },
    {
      "type": "Feature",
      "properties": {
        "id": "vf:f0e5cbc3-5e07-4554-9cd0-f26648692470",
        "name": {
          "en": "Casa Arctica Studio with Sauna"
        },
        "category": "accommodation",
        "source": "visitfinland",
        "url": "https://www.casa-arctica.fi",
        "description": {
          "en": "Our stunning Studio with Sauna is only 150 metres from our home office in Rovaniemi. It is in a small terrace house with private entrance. It has private sauna and large glazed balcony. \n\nThe Studio (30 m2) is suitable for 2 persons. It has fully-equipped kitchen and bathroom with private sauna.\n\nThis fully furnished condo is equipped with free WiFi, cable HDTV, washing machine, hairdryer, steam iron, tableware and private, free parking with a hook up possibility.\n\nIt is only 300 metres to Arkti"
        },
        "fetched_at": "2026-09-14T17:13:22Z"
      },
      "geometry": {
        "type": "Point",
        "coordinates": [
          25.718362,
          66.509679
        ]
      }
    },
    {
      "type": "Feature",
      "properties": {
        "id": "vf:f3b0125c-58a6-46f2-ac88-0c469d11cb65",
        "name": {
          "fi": "Santa's Hotel Santa Claus",
          "en": "Santa's Hotel Santa Claus"
        },
        "category": "accommodation",
        "source": "visitfinland",
        "url": "https://santashotels.fi/en/hotels/rovaniemi-hotel-santa-claus/",
        "description": {
          "fi": "Santa's Hotel Santa Claus - Hotelli Rovaniemen sydämessä, Joulupukin kotikaupungissa\n\nMeillä joulumieli kantaa läpi vuoden – aisti lämmin tunnelma heti vastaanotostamme, unohda hosuminen ja koe unohtumaton matka. Meillä on hyvä pysähtyä rentoutumaan, nauttimaan henkeäsalpaavasta luonnosta tai vaikkapa järjestää ikimuistoiset juhlat! Avarat ja korkeat huoneemme tarjoavat vaihtoehtoja moneen makuun. Lähes kaikissa huoneissamme on kylpyamme. Valitse sopiva vaihtoehto standard-huoneista aina saunall",
          "en": "Santa's Hotel Santa Claus in the heart of Rovaniemi, the Official Hometown of Santa Claus!\n\nSanta's Hotel Santa Claus - grand hotel in the heart of Rovaniemi city with 170 rooms. Our restaurant Gaissa, Café & Bar Zoomit, 13 meeting rooms and grand ball room cater to the most demanding incentive and congress groups as well as VIP guests.\nWith a ceiling height of 3.5 meters, our superior and standard rooms are truly spacious! All our rooms feature a bathtub to give you a pinch of luxury to your st"
        },
        "fetched_at": "2026-09-14T17:13:22Z"
      },
      "geometry": {
        "type": "Point",
        "coordinates": [
          25.732435,
          66.502603
        ]
      }
    },
    {
      "type": "Feature",
      "properties": {
        "id": "vf:f61eb836-7516-40cf-8eb6-e498c574ba08",
        "name": {
          "en": "Santa Claus Holiday Village"
        },
        "category": "accommodation",
        "source": "visitfinland",
        "url": "https://www.santaclausholidayvillage.fi/",
        "description": {
          "en": "Your Home in the Heart of Lapland.\nPlan your unforgettable journey to Lapland with stop in Santa Clause Holiday Village, Rovaniemi.  Whether you're planning a family holiday, a romantic escape, or a solo adventure, your stay with us promises to be a memorable chapter in your life story. Our range of cozy accommodations located in an atmospheric forest environment where you can enjoy the peace and quiet - provides the perfect retreat after a day filled with arctic adventures. You can choose betwe"
        },
        "fetched_at": "2026-09-14T17:13:22Z"
      },
      "geometry": {
        "type": "Point",
        "coordinates": [
          25.84489,
          66.543033
        ]
      }
    },
    {
      "type": "Feature",
      "properties": {
        "id": "vf:fe7289f6-f4e0-4940-8b2c-24caf9070bfd",
        "name": {
          "en": "Christmas House Souvenirs Shop"
        },
        "category": "shop",
        "source": "visitfinland",
        "url": "https://www.santaclausholidayvillage.fi/destination/shop",
        "opening_hours": "ma–su 08–20",
        "description": {
          "en": "Make shopping in the largest souvenir shop in Santa Claus Village, Rovaniemi. Christmas House Shop is one of the main spots in Santa Village, near by hotel reception building.  You will find everything from Traditional Lapish Products and souvenirs to foods and locally made jewellery, what would make a wonderful gift for friends and family back home. \n\nYou can also purchase a genuine certificate proving you have crossed the Arctic Circle. The certificate is available in six different languages ("
        },
        "fetched_at": "2026-09-14T17:13:22Z"
      },
      "geometry": {
        "type": "Point",
        "coordinates": [
          25.843333,
          66.543117
        ]
      }
    },
    {
      "type": "Feature",
      "properties": {
        "id": "vf:fe77657d-8686-48f0-9384-0f3731292c17",
        "name": {
          "en": "Aurora Hill Resort"
        },
        "category": "accommodation",
        "source": "visitfinland",
        "url": "https://staylapland.com/aurora-hill-resort-in-rovaniemi/",
        "description": {
          "en": "Aurora Hill Resort, the highest located resort in Rovaniemi, our family-owned retreat offers handcrafted cabins with stunning views, cozy comforts, and some of the best chances to see the Northern Lights — all just 10 minutes from the city center."
        },
        "fetched_at": "2026-09-14T17:13:22Z"
      },
      "geometry": {
        "type": "Point",
        "coordinates": [
          25.619931,
          66.561569
        ]
      }
    },
    {
      "type": "Feature",
      "properties": {
        "id": "osm:node/10571221209",
        "name": {
          "fi": "Burger King"
        },
        "category": "restaurant",
        "source": "osm",
        "opening_hours": "24/7",
        "fetched_at": "2026-09-13T18:20:53Z"
      },
      "geometry": {
        "type": "Point",
        "coordinates": [
          25.727624,
          66.503136
        ]
      }
    },
    {
      "type": "Feature",
      "properties": {
        "id": "osm:node/10710743005",
        "name": {
          "fi": "Revontulilaavu",
          "en": "Northern lights lean-to shelter"
        },
        "category": "lean_to",
        "source": "osm",
        "fetched_at": "2026-09-13T18:20:53Z"
      },
      "geometry": {
        "type": "Point",
        "coordinates": [
          25.72152,
          66.511571
        ]
      }
    },
    {
      "type": "Feature",
      "properties": {
        "id": "osm:node/10727795969",
        "name": {
          "fi": "Leirikeskus"
        },
        "category": "accommodation",
        "source": "osm",
        "fetched_at": "2026-09-13T18:20:53Z"
      },
      "geometry": {
        "type": "Point",
        "coordinates": [
          25.6414,
          66.468586
        ]
      }
    },
    {
      "type": "Feature",
      "properties": {
        "id": "osm:node/10735262886",
        "name": {
          "fi": "Curry Masala"
        },
        "category": "restaurant",
        "source": "osm",
        "url": "https://www.currymasala.fi/",
        "fetched_at": "2026-09-13T18:20:53Z"
      },
      "geometry": {
        "type": "Point",
        "coordinates": [
          25.728132,
          66.501681
        ]
      }
    },
    {
      "type": "Feature",
      "properties": {
        "id": "osm:node/11453799550",
        "name": {
          "fi": "All About Salmon"
        },
        "category": "restaurant",
        "source": "osm",
        "url": "https://www.allaboutsalmon.fi/",
        "opening_hours": "Mo-su 12:00-17:00",
        "fetched_at": "2026-09-13T18:20:53Z"
      },
      "geometry": {
        "type": "Point",
        "coordinates": [
          25.845587,
          66.543811
        ]
      }
    },
    {
      "type": "Feature",
      "properties": {
        "id": "osm:node/11472399021",
        "category": "lean_to",
        "source": "osm",
        "fetched_at": "2026-09-13T18:20:53Z"
      },
      "geometry": {
        "type": "Point",
        "coordinates": [
          25.737771,
          66.568831
        ]
      }
    },
    {
      "type": "Feature",
      "properties": {
        "id": "osm:node/11592226418",
        "name": {
          "fi": "Naava Café"
        },
        "category": "cafe",
        "source": "osm",
        "url": "https://www.naava-adventures.fi/",
        "opening_hours": "Mo-Su 12:00-20:00",
        "fetched_at": "2026-09-13T18:20:53Z"
      },
      "geometry": {
        "type": "Point",
        "coordinates": [
          25.734266,
          66.504634
        ]
      }
    },
    {
      "type": "Feature",
      "properties": {
        "id": "osm:node/11626670086",
        "name": {
          "fi": "Konditoria Kahvila Antinkaapo"
        },
        "category": "cafe",
        "source": "osm",
        "url": "https://www.antinkaapo.com",
        "opening_hours": "Mo-Fr 07:30-17:00",
        "fetched_at": "2026-09-13T18:20:53Z"
      },
      "geometry": {
        "type": "Point",
        "coordinates": [
          25.726307,
          66.499683
        ]
      }
    },
    {
      "type": "Feature",
      "properties": {
        "id": "osm:node/11821685899",
        "name": {
          "fi": "ScanBurger"
        },
        "category": "restaurant",
        "source": "osm",
        "fetched_at": "2026-09-13T18:20:53Z"
      },
      "geometry": {
        "type": "Point",
        "coordinates": [
          25.717456,
          66.497403
        ]
      }
    },
    {
      "type": "Feature",
      "properties": {
        "id": "osm:node/12151769481",
        "name": {
          "fi": "Hanki"
        },
        "category": "restaurant",
        "source": "osm",
        "fetched_at": "2026-09-13T18:20:53Z"
      },
      "geometry": {
        "type": "Point",
        "coordinates": [
          25.729486,
          66.497734
        ]
      }
    },
    {
      "type": "Feature",
      "properties": {
        "id": "osm:node/12151773811",
        "name": {
          "fi": "Ski & Bike Shop"
        },
        "category": "bike_repair",
        "source": "osm",
        "fetched_at": "2026-09-13T18:20:53Z"
      },
      "geometry": {
        "type": "Point",
        "coordinates": [
          25.727315,
          66.500585
        ]
      }
    },
    {
      "type": "Feature",
      "properties": {
        "id": "osm:node/1216543527",
        "name": {
          "fi": "Pizzeria Revontuli Saarenkylä"
        },
        "category": "restaurant",
        "source": "osm",
        "fetched_at": "2026-09-13T18:20:53Z"
      },
      "geometry": {
        "type": "Point",
        "coordinates": [
          25.78044,
          66.518628
        ]
      }
    },
    {
      "type": "Feature",
      "properties": {
        "id": "osm:node/12171390901",
        "name": {
          "fi": "beebike"
        },
        "category": "bike_repair",
        "source": "osm",
        "fetched_at": "2026-09-13T18:20:53Z"
      },
      "geometry": {
        "type": "Point",
        "coordinates": [
          25.722971,
          66.498503
        ]
      }
    },
    {
      "type": "Feature",
      "properties": {
        "id": "osm:node/12398416434",
        "category": "toilet",
        "source": "osm",
        "fetched_at": "2026-09-13T18:20:53Z"
      },
      "geometry": {
        "type": "Point",
        "coordinates": [
          25.782784,
          66.515869
        ]
      }
    },
    {
      "type": "Feature",
      "properties": {
        "id": "osm:node/12511846692",
        "name": {
          "fi": "Espresso House"
        },
        "category": "cafe",
        "source": "osm",
        "fetched_at": "2026-09-13T18:20:53Z"
      },
      "geometry": {
        "type": "Point",
        "coordinates": [
          25.730155,
          66.502271
        ]
      }
    },
    {
      "type": "Feature",
      "properties": {
        "id": "osm:node/12511846696",
        "name": {
          "fi": "Ozaki Teppanyaki"
        },
        "category": "restaurant",
        "source": "osm",
        "opening_hours": "Mo-Fr 10:30-21:00; Sa 12:00-21:00; Su 12:00-20:00",
        "fetched_at": "2026-09-13T18:20:53Z"
      },
      "geometry": {
        "type": "Point",
        "coordinates": [
          25.729732,
          66.502067
        ]
      }
    },
    {
      "type": "Feature",
      "properties": {
        "id": "osm:node/12511846697",
        "name": {
          "fi": "Robert's Coffee"
        },
        "category": "cafe",
        "source": "osm",
        "opening_hours": "Mo-Sa 09:00-19:00",
        "fetched_at": "2026-09-13T18:20:53Z"
      },
      "geometry": {
        "type": "Point",
        "coordinates": [
          25.73151,
          66.50265
        ]
      }
    },
    {
      "type": "Feature",
      "properties": {
        "id": "osm:node/12545967766",
        "name": {
          "fi": "Restaurant Kota"
        },
        "category": "restaurant",
        "source": "osm",
        "url": "https://apukkaresort.fi/food-drink/restaurant-kota",
        "opening_hours": "Mo-Su 18:00-22:00",
        "fetched_at": "2026-09-13T18:20:53Z"
      },
      "geometry": {
        "type": "Point",
        "coordinates": [
          26.018361,
          66.577887
        ]
      }
    },
    {
      "type": "Feature",
      "properties": {
        "id": "osm:node/12735423401",
        "name": {
          "fi": "K-Market"
        },
        "category": "shop",
        "source": "osm",
        "url": "https://www.k-ruoka.fi/kauppa/k-market-kairatie",
        "opening_hours": "Mo-Fr 07:00-22:00; Sa 08:00-22:00; Su 09:00-22:00",
        "fetched_at": "2026-09-13T18:20:53Z"
      },
      "geometry": {
        "type": "Point",
        "coordinates": [
          25.705743,
          66.508869
        ]
      }
    },
    {
      "type": "Feature",
      "properties": {
        "id": "osm:node/13022747622",
        "category": "lean_to",
        "source": "osm",
        "fetched_at": "2026-09-13T18:20:53Z"
      },
      "geometry": {
        "type": "Point",
        "coordinates": [
          25.852097,
          66.552716
        ]
      }
    },
    {
      "type": "Feature",
      "properties": {
        "id": "osm:node/13261228299",
        "name": {
          "fi": "Saarenkylä Turkinpippuri"
        },
        "category": "restaurant",
        "source": "osm",
        "url": "https://saarenkylanturkinpippuri.fi/",
        "opening_hours": "Mo-Th 10:00-21:00; Fr 10:00-22:00; Sa 11:00-22:00; Su 11:00-21:00",
        "fetched_at": "2026-09-13T18:20:53Z"
      },
      "geometry": {
        "type": "Point",
        "coordinates": [
          25.781664,
          66.520629
        ]
      }
    },
    {
      "type": "Feature",
      "properties": {
        "id": "osm:node/13317199104",
        "name": {
          "fi": "Scan Burger"
        },
        "category": "restaurant",
        "source": "osm",
        "opening_hours": "Mo-Th 10:00-18:00; Fr 10:00-19:00; Sa 11:00-19:00; Su 11:00-18:00",
        "fetched_at": "2026-09-13T18:20:53Z"
      },
      "geometry": {
        "type": "Point",
        "coordinates": [
          25.455225,
          66.648972
        ]
      }
    },
    {
      "type": "Feature",
      "properties": {
        "id": "osm:node/13334203960",
        "name": {
          "fi": "K-Market Ylikylä"
        },
        "category": "shop",
        "source": "osm",
        "url": "https://www.k-ruoka.fi/kauppa/k-market-ylikyla",
        "opening_hours": "Mo-Fr 06:00-22:00; Sa 07:00-22:00; Su 08:00-22:00",
        "fetched_at": "2026-09-13T18:20:53Z"
      },
      "geometry": {
        "type": "Point",
        "coordinates": [
          25.676098,
          66.530513
        ]
      }
    },
    {
      "type": "Feature",
      "properties": {
        "id": "osm:node/13335810616",
        "name": {
          "fi": "Silver Birch Resort"
        },
        "category": "accommodation",
        "source": "osm",
        "url": "https://thesilverbirchresort.com/",
        "fetched_at": "2026-09-13T18:20:53Z"
      },
      "geometry": {
        "type": "Point",
        "coordinates": [
          26.132721,
          66.46805
        ]
      }
    },
    {
      "type": "Feature",
      "properties": {
        "id": "osm:node/13343548324",
        "name": {
          "fi": "Subway"
        },
        "category": "restaurant",
        "source": "osm",
        "opening_hours": "Mo-Th 09:00-23:00, Fr 09:00-05:00, Sa 10:00-05:00, Su 11:00-22:00",
        "fetched_at": "2026-09-13T18:20:53Z"
      },
      "geometry": {
        "type": "Point",
        "coordinates": [
          25.730221,
          66.501953
        ]
      }
    },
    {
      "type": "Feature",
      "properties": {
        "id": "osm:node/13347179801",
        "name": {
          "fi": "Ravintoa Milan"
        },
        "category": "restaurant",
        "source": "osm",
        "url": "https://ravintola-milan.fi/",
        "opening_hours": "Mo-Sa 10:00-20:00; Su 12:00-20:00",
        "fetched_at": "2026-09-13T18:20:53Z"
      },
      "geometry": {
        "type": "Point",
        "coordinates": [
          25.659445,
          66.48985
        ]
      }
    },
    {
      "type": "Feature",
      "properties": {
        "id": "osm:node/13347216301",
        "name": {
          "fi": "HelmiSimpukka Saarenkylä"
        },
        "category": "restaurant",
        "source": "osm",
        "url": "https://helmisimpukka.fi/asemat/rovaniemi-saarenkyla-napapiirintie-2",
        "opening_hours": "Mo-Fr 05:00-21:00; Sa 07:00-21:00; Su 08:00-21:00",
        "fetched_at": "2026-09-13T18:20:53Z"
      },
      "geometry": {
        "type": "Point",
        "coordinates": [
          25.785743,
          66.515808
        ]
      }
    },
    {
      "type": "Feature",
      "properties": {
        "id": "osm:node/13356239640",
        "name": {
          "fi": "Hook Rovaniemi"
        },
        "category": "restaurant",
        "source": "osm",
        "url": "https://www.ravintolahook.fi/en/hook-rovaniemi/",
        "fetched_at": "2026-09-13T18:20:53Z"
      },
      "geometry": {
        "type": "Point",
        "coordinates": [
          25.73224,
          66.502271
        ]
      }
    },
    {
      "type": "Feature",
      "properties": {
        "id": "osm:node/13372146728",
        "category": "cafe",
        "source": "osm",
        "fetched_at": "2026-09-13T18:20:53Z"
      },
      "geometry": {
        "type": "Point",
        "coordinates": [
          25.722517,
          66.502275
        ]
      }
    },
    {
      "type": "Feature",
      "properties": {
        "id": "osm:node/13398091031",
        "category": "toilet",
        "source": "osm",
        "fetched_at": "2026-09-13T18:20:53Z"
      },
      "geometry": {
        "type": "Point",
        "coordinates": [
          25.466141,
          66.64426
        ]
      }
    },
    {
      "type": "Feature",
      "properties": {
        "id": "osm:node/13415615085",
        "name": {
          "fi": "Café Snow"
        },
        "category": "cafe",
        "source": "osm",
        "fetched_at": "2026-09-13T18:20:53Z"
      },
      "geometry": {
        "type": "Point",
        "coordinates": [
          25.715068,
          66.499068
        ]
      }
    },
    {
      "type": "Feature",
      "properties": {
        "id": "osm:node/13432360244",
        "category": "cafe",
        "source": "osm",
        "fetched_at": "2026-09-13T18:20:53Z"
      },
      "geometry": {
        "type": "Point",
        "coordinates": [
          25.671129,
          66.597184
        ]
      }
    },
    {
      "type": "Feature",
      "properties": {
        "id": "osm:node/13432391840",
        "name": {
          "fi": "Kotatieva"
        },
        "category": "restaurant",
        "source": "osm",
        "fetched_at": "2026-09-13T18:20:53Z"
      },
      "geometry": {
        "type": "Point",
        "coordinates": [
          25.67592,
          66.598181
        ]
      }
    },
    {
      "type": "Feature",
      "properties": {
        "id": "osm:node/13544714001",
        "category": "toilet",
        "source": "osm",
        "fetched_at": "2026-09-13T18:20:53Z"
      },
      "geometry": {
        "type": "Point",
        "coordinates": [
          25.732553,
          66.498292
        ]
      }
    },
    {
      "type": "Feature",
      "properties": {
        "id": "osm:node/13634075950",
        "name": {
          "fi": "Kotimaailma Aparthotel Snowflake Suites"
        },
        "category": "accommodation",
        "source": "osm",
        "url": "https://www.kotimaailma.com/fi/kaupungit/kotimaailma-aparthotelli-snowflake-suites",
        "opening_hours": "24/7",
        "fetched_at": "2026-09-13T18:20:53Z"
      },
      "geometry": {
        "type": "Point",
        "coordinates": [
          25.733539,
          66.503612
        ]
      }
    },
    {
      "type": "Feature",
      "properties": {
        "id": "osm:node/13656990301",
        "name": {
          "fi": "Forenom Serviced Apartments"
        },
        "category": "accommodation",
        "source": "osm",
        "fetched_at": "2026-09-13T18:20:53Z"
      },
      "geometry": {
        "type": "Point",
        "coordinates": [
          25.734787,
          66.503331
        ]
      }
    },
    {
      "type": "Feature",
      "properties": {
        "id": "osm:node/13851871190",
        "category": "toilet",
        "source": "osm",
        "fetched_at": "2026-09-13T18:20:53Z"
      },
      "geometry": {
        "type": "Point",
        "coordinates": [
          25.706562,
          66.49623
        ]
      }
    },
    {
      "type": "Feature",
      "properties": {
        "id": "osm:node/13960616701",
        "category": "toilet",
        "source": "osm",
        "fetched_at": "2026-09-13T18:20:53Z"
      },
      "geometry": {
        "type": "Point",
        "coordinates": [
          25.754794,
          66.518473
        ]
      }
    },
    {
      "type": "Feature",
      "properties": {
        "id": "osm:node/14121743440",
        "category": "toilet",
        "source": "osm",
        "fetched_at": "2026-09-13T18:20:53Z"
      },
      "geometry": {
        "type": "Point",
        "coordinates": [
          25.763255,
          66.571913
        ]
      }
    },
    {
      "type": "Feature",
      "properties": {
        "id": "osm:node/1433594862",
        "name": {
          "fi": "Ravintola Thulia"
        },
        "category": "restaurant",
        "source": "osm",
        "fetched_at": "2026-09-13T18:20:53Z"
      },
      "geometry": {
        "type": "Point",
        "coordinates": [
          25.787053,
          66.508782
        ]
      }
    },
    {
      "type": "Feature",
      "properties": {
        "id": "osm:node/1434674015",
        "name": {
          "fi": "Pöykkolanpiste"
        },
        "category": "restaurant",
        "source": "osm",
        "url": "https://www.poykkolanpiste.fi",
        "fetched_at": "2026-09-13T18:20:53Z"
      },
      "geometry": {
        "type": "Point",
        "coordinates": [
          25.744082,
          66.479112
        ]
      }
    },
    {
      "type": "Feature",
      "properties": {
        "id": "osm:node/1477716447",
        "name": {
          "fi": "Karhukumpu laavu"
        },
        "category": "lean_to",
        "source": "osm",
        "fetched_at": "2026-09-13T18:20:53Z"
      },
      "geometry": {
        "type": "Point",
        "coordinates": [
          26.125905,
          66.589368
        ]
      }
    },
    {
      "type": "Feature",
      "properties": {
        "id": "osm:node/1668434662",
        "name": {
          "fi": "Rovaniemi Café"
        },
        "category": "restaurant",
        "source": "osm",
        "fetched_at": "2026-09-13T18:20:53Z"
      },
      "geometry": {
        "type": "Point",
        "coordinates": [
          25.828238,
          66.558341
        ]
      }
    },
    {
      "type": "Feature",
      "properties": {
        "id": "osm:node/1693033465",
        "name": {
          "fi": "HelmiSimpukka Rovaniemi Teollisuustie"
        },
        "category": "restaurant",
        "source": "osm",
        "opening_hours": "Mo-Fr 05:00-21:00; Sa 07:00-21:00; Su 08:00-21:00",
        "fetched_at": "2026-09-13T18:20:53Z"
      },
      "geometry": {
        "type": "Point",
        "coordinates": [
          25.655914,
          66.489249
        ]
      }
    },
    {
      "type": "Feature",
      "properties": {
        "id": "osm:node/1693033474",
        "name": {
          "fi": "HelmiSimpukka Rovaniemi Napapiiri"
        },
        "category": "restaurant",
        "source": "osm",
        "url": "https://helmisimpukka.fi/asemat/rovaniemi-napapiiri",
        "opening_hours": "24/7",
        "fetched_at": "2026-09-13T18:20:53Z"
      },
      "geometry": {
        "type": "Point",
        "coordinates": [
          25.843662,
          66.5445
        ]
      }
    },
    {
      "type": "Feature",
      "properties": {
        "id": "osm:node/1929016586",
        "name": {
          "fi": "Memo's"
        },
        "category": "restaurant",
        "source": "osm",
        "url": "http://memos-restaurant.fi/",
        "fetched_at": "2026-09-13T18:20:53Z"
      },
      "geometry": {
        "type": "Point",
        "coordinates": [
          25.699208,
          66.486925
        ]
      }
    },
    {
      "type": "Feature",
      "properties": {
        "id": "osm:node/1929023275",
        "name": {
          "fi": "Paras Pizza"
        },
        "category": "restaurant",
        "source": "osm",
        "url": "http://www.paraspizza.com/",
        "fetched_at": "2026-09-13T18:20:53Z"
      },
      "geometry": {
        "type": "Point",
        "coordinates": [
          25.755403,
          66.519186
        ]
      }
    },
    {
      "type": "Feature",
      "properties": {
        "id": "osm:node/1930132572",
        "name": {
          "fi": "Cafe & Bar 21"
        },
        "category": "restaurant",
        "source": "osm",
        "url": "https://www.cafebar21.fi/",
        "opening_hours": "Mon-Thu 08:00-22:00 Fri 08:00-23:00 Sat 08:00-23:00 Sun 08:00-22:00",
        "fetched_at": "2026-09-13T18:20:53Z"
      },
      "geometry": {
        "type": "Point",
        "coordinates": [
          25.72708,
          66.501275
        ]
      }
    },
    {
      "type": "Feature",
      "properties": {
        "id": "osm:node/1930256657",
        "name": {
          "fi": "Amica Felli"
        },
        "category": "restaurant",
        "source": "osm",
        "fetched_at": "2026-09-13T18:20:53Z"
      },
      "geometry": {
        "type": "Point",
        "coordinates": [
          25.714721,
          66.485234
        ]
      }
    },
    {
      "type": "Feature",
      "properties": {
        "id": "osm:node/2140261287",
        "category": "toilet",
        "source": "osm",
        "fetched_at": "2026-09-13T18:20:53Z"
      },
      "geometry": {
        "type": "Point",
        "coordinates": [
          25.900185,
          66.457511
        ]
      }
    },
    {
      "type": "Feature",
      "properties": {
        "id": "osm:node/2351757094",
        "name": {
          "fi": "Sale"
        },
        "category": "shop",
        "source": "osm",
        "opening_hours": "Mo-Sa 07:00-00:00; Su 09:00-00:00",
        "fetched_at": "2026-09-13T18:20:53Z"
      },
      "geometry": {
        "type": "Point",
        "coordinates": [
          25.714676,
          66.484347
        ]
      }
    },
    {
      "type": "Feature",
      "properties": {
        "id": "osm:node/2351759884",
        "name": {
          "fi": "Turkinpippuri"
        },
        "category": "restaurant",
        "source": "osm",
        "url": "https://www.rovaniementurkinpippuri.fi/?ved=2ahUKEwi7_vm73vyQAxVmBxAIHQeAJIAQgU96BAgWEAQ",
        "opening_hours": "Mo-Th 10:30-24:00, Fr,Sa 10:30-04:30, Su 11:00-24:00",
        "fetched_at": "2026-09-13T18:20:53Z"
      },
      "geometry": {
        "type": "Point",
        "coordinates": [
          25.730678,
          66.501671
        ]
      }
    },
    {
      "type": "Feature",
      "properties": {
        "id": "osm:node/2351762427",
        "name": {
          "fi": "Wakkanai"
        },
        "category": "restaurant",
        "source": "osm",
        "fetched_at": "2026-09-13T18:20:53Z"
      },
      "geometry": {
        "type": "Point",
        "coordinates": [
          25.733817,
          66.501705
        ]
      }
    },
    {
      "type": "Feature",
      "properties": {
        "id": "osm:node/2407233513",
        "category": "toilet",
        "source": "osm",
        "fetched_at": "2026-09-13T18:20:53Z"
      },
      "geometry": {
        "type": "Point",
        "coordinates": [
          25.742814,
          66.497705
        ]
      }
    },
    {
      "type": "Feature",
      "properties": {
        "id": "osm:node/2407233514",
        "category": "toilet",
        "source": "osm",
        "opening_hours": "24/7",
        "fetched_at": "2026-09-13T18:20:53Z"
      },
      "geometry": {
        "type": "Point",
        "coordinates": [
          25.742109,
          66.497097
        ]
      }
    },
    {
      "type": "Feature",
      "properties": {
        "id": "osm:node/2428267593",
        "category": "toilet",
        "source": "osm",
        "fetched_at": "2026-09-13T18:20:53Z"
      },
      "geometry": {
        "type": "Point",
        "coordinates": [
          25.794048,
          66.625606
        ]
      }
    },
    {
      "type": "Feature",
      "properties": {
        "id": "osm:node/2450295326",
        "category": "toilet",
        "source": "osm",
        "fetched_at": "2026-09-13T18:20:53Z"
      },
      "geometry": {
        "type": "Point",
        "coordinates": [
          25.786611,
          66.629094
        ]
      }
    },
    {
      "type": "Feature",
      "properties": {
        "id": "osm:node/282471585",
        "name": {
          "fi": "Alvari"
        },
        "category": "cafe",
        "source": "osm",
        "fetched_at": "2026-09-13T18:20:53Z"
      },
      "geometry": {
        "type": "Point",
        "coordinates": [
          25.704762,
          66.498305
        ]
      }
    },
    {
      "type": "Feature",
      "properties": {
        "id": "osm:node/282473902",
        "name": {
          "fi": "Rosso"
        },
        "category": "restaurant",
        "source": "osm",
        "opening_hours": "Mo-Sa 11:00-22:00; Su 12:00-22:00",
        "fetched_at": "2026-09-13T18:20:53Z"
      },
      "geometry": {
        "type": "Point",
        "coordinates": [
          25.730775,
          66.502033
        ]
      }
    },
    {
      "type": "Feature",
      "properties": {
        "id": "osm:node/282473904",
        "name": {
          "fi": "Sale"
        },
        "category": "shop",
        "source": "osm",
        "url": "https://www.s-kaupat.fi/myymala/sale-lapinmaa/666708987",
        "opening_hours": "24/7",
        "fetched_at": "2026-09-13T18:20:53Z"
      },
      "geometry": {
        "type": "Point",
        "coordinates": [
          25.730681,
          66.501911
        ]
      }
    },
    {
      "type": "Feature",
      "properties": {
        "id": "osm:node/2860413470",
        "category": "toilet",
        "source": "osm",
        "fetched_at": "2026-09-13T18:20:53Z"
      },
      "geometry": {
        "type": "Point",
        "coordinates": [
          26.180219,
          66.617621
        ]
      }
    },
    {
      "type": "Feature",
      "properties": {
        "id": "osm:node/2860413492",
        "name": {
          "fi": "Vikaköngäs"
        },
        "category": "lean_to",
        "source": "osm",
        "fetched_at": "2026-09-13T18:20:53Z"
      },
      "geometry": {
        "type": "Point",
        "coordinates": [
          26.188325,
          66.619462
        ]
      }
    },
    {
      "type": "Feature",
      "properties": {
        "id": "osm:node/292014972",
        "name": {
          "fi": "Hesburger"
        },
        "category": "restaurant",
        "source": "osm",
        "url": "https://www.hesburger.fi/ravintolat/?tid=87",
        "opening_hours": "Mo-Th 10:00-21:00; Fr-Sa 10:00-22:00; Su 11:00-20:00",
        "fetched_at": "2026-09-13T18:20:53Z"
      },
      "geometry": {
        "type": "Point",
        "coordinates": [
          25.729907,
          66.502249
        ]
      }
    },
    {
      "type": "Feature",
      "properties": {
        "id": "osm:node/292014973",
        "name": {
          "fi": "Hesburger"
        },
        "category": "restaurant",
        "source": "osm",
        "url": "https://www.hesburger.fi/ravintolat/?tid=288",
        "fetched_at": "2026-09-13T18:20:53Z"
      },
      "geometry": {
        "type": "Point",
        "coordinates": [
          25.688949,
          66.492062
        ]
      }
    },
    {
      "type": "Feature",
      "properties": {
        "id": "osm:node/3319733080",
        "name": {
          "fi": "Restaurant TEKUILA"
        },
        "category": "restaurant",
        "source": "osm",
        "fetched_at": "2026-09-13T18:20:53Z"
      },
      "geometry": {
        "type": "Point",
        "coordinates": [
          25.721551,
          66.481039
        ]
      }
    },
    {
      "type": "Feature",
      "properties": {
        "id": "osm:node/352756706",
        "name": {
          "fi": "Rollo Rafla"
        },
        "category": "restaurant",
        "source": "osm",
        "opening_hours": "Mo-Th 10:30-22:00, Fr,Sa 11:00-24:00, Su 11:00-22:00",
        "fetched_at": "2026-09-13T18:20:53Z"
      },
      "geometry": {
        "type": "Point",
        "coordinates": [
          25.72235,
          66.504129
        ]
      }
    },
    {
      "type": "Feature",
      "properties": {
        "id": "osm:node/352757441",
        "name": {
          "fi": "Osaka Teppanyaki"
        },
        "category": "restaurant",
        "source": "osm",
        "opening_hours": "Mo-Fr 10:30-20:30; Sa-Su 11:30-20:30",
        "fetched_at": "2026-09-13T18:20:53Z"
      },
      "geometry": {
        "type": "Point",
        "coordinates": [
          25.726194,
          66.503003
        ]
      }
    },
    {
      "type": "Feature",
      "properties": {
        "id": "osm:node/352757612",
        "name": {
          "fi": "K-Supermarket"
        },
        "category": "shop",
        "source": "osm",
        "url": "https://www.k-ruoka.fi/kauppa/k-supermarket-rinteenkulma",
        "opening_hours": "Mo-Fr 07:00-23:00; Sa 07:00-23:00; Su 09:00-23:00",
        "fetched_at": "2026-09-13T18:20:53Z"
      },
      "geometry": {
        "type": "Point",
        "coordinates": [
          25.724854,
          66.502617
        ]
      }
    },
    {
      "type": "Feature",
      "properties": {
        "id": "osm:node/3581077441",
        "name": {
          "fi": "Niittypirtti päivätupa"
        },
        "category": "hut",
        "source": "osm",
        "url": "https://www.luontoon.fi/niittypirttipaivatupa",
        "fetched_at": "2026-09-13T18:20:53Z"
      },
      "geometry": {
        "type": "Point",
        "coordinates": [
          26.191324,
          66.59057
        ]
      }
    },
    {
      "type": "Feature",
      "properties": {
        "id": "osm:node/3789283523",
        "name": {
          "fi": "Cafe Picnic"
        },
        "category": "cafe",
        "source": "osm",
        "url": "https://www.picnic.fi",
        "fetched_at": "2026-09-13T18:20:53Z"
      },
      "geometry": {
        "type": "Point",
        "coordinates": [
          25.722603,
          66.502785
        ]
      }
    },
    {
      "type": "Feature",
      "properties": {
        "id": "osm:node/3824984605",
        "name": {
          "fi": "Haarikka"
        },
        "category": "restaurant",
        "source": "osm",
        "opening_hours": "Mo-Th 16:00-24:00, Fr,Sa 16:00-02:00",
        "fetched_at": "2026-09-13T18:20:53Z"
      },
      "geometry": {
        "type": "Point",
        "coordinates": [
          25.73218,
          66.502141
        ]
      }
    },
    {
      "type": "Feature",
      "properties": {
        "id": "osm:node/3824984606",
        "name": {
          "fi": "Marmaris"
        },
        "category": "restaurant",
        "source": "osm",
        "fetched_at": "2026-09-13T18:20:53Z"
      },
      "geometry": {
        "type": "Point",
        "coordinates": [
          25.725253,
          66.501693
        ]
      }
    },
    {
      "type": "Feature",
      "properties": {
        "id": "osm:node/3848220354",
        "name": {
          "fi": "K-Market"
        },
        "category": "shop",
        "source": "osm",
        "url": "https://www.k-ruoka.fi/kauppa/k-market-rovakatu",
        "opening_hours": "Mo-Fr 07:00-23:00; Sa 08:00-23:00; Su 09:00-23:00",
        "fetched_at": "2026-09-13T18:20:53Z"
      },
      "geometry": {
        "type": "Point",
        "coordinates": [
          25.725121,
          66.497826
        ]
      }
    },
    {
      "type": "Feature",
      "properties": {
        "id": "osm:node/4020151880",
        "name": {
          "fi": "Vikakönkään laavu"
        },
        "category": "lean_to",
        "source": "osm",
        "url": "https://www.etiainen.fi/gpsalbum/Vikakonkaan-laavu/21ndifjx/e4202c6a-ea9e-4416-9f99-7dc28f57e78e",
        "fetched_at": "2026-09-13T18:20:53Z"
      },
      "geometry": {
        "type": "Point",
        "coordinates": [
          26.188096,
          66.619447
        ]
      }
    },
    {
      "type": "Feature",
      "properties": {
        "id": "osm:node/4183669635",
        "category": "toilet",
        "source": "osm",
        "fetched_at": "2026-09-13T18:20:53Z"
      },
      "geometry": {
        "type": "Point",
        "coordinates": [
          25.466359,
          66.645627
        ]
      }
    },
    {
      "type": "Feature",
      "properties": {
        "id": "osm:node/4183691598",
        "name": {
          "fi": "Sinetän Kyläkrouvi"
        },
        "category": "restaurant",
        "source": "osm",
        "fetched_at": "2026-09-13T18:20:53Z"
      },
      "geometry": {
        "type": "Point",
        "coordinates": [
          25.45772,
          66.648938
        ]
      }
    },
    {
      "type": "Feature",
      "properties": {
        "id": "osm:node/4185375877",
        "name": {
          "fi": "Laavu"
        },
        "category": "lean_to",
        "source": "osm",
        "fetched_at": "2026-09-13T18:20:53Z"
      },
      "geometry": {
        "type": "Point",
        "coordinates": [
          25.640206,
          66.585993
        ]
      }
    },
    {
      "type": "Feature",
      "properties": {
        "id": "osm:node/4257953589",
        "name": {
          "fi": "The Blueberry"
        },
        "category": "accommodation",
        "source": "osm",
        "fetched_at": "2026-09-13T18:20:53Z"
      },
      "geometry": {
        "type": "Point",
        "coordinates": [
          25.713059,
          66.510007
        ]
      }
    },
    {
      "type": "Feature",
      "properties": {
        "id": "osm:node/4336201522",
        "name": {
          "fi": "Laavu"
        },
        "category": "lean_to",
        "source": "osm",
        "fetched_at": "2026-09-13T18:20:53Z"
      },
      "geometry": {
        "type": "Point",
        "coordinates": [
          26.183161,
          66.592312
        ]
      }
    },
    {
      "type": "Feature",
      "properties": {
        "id": "osm:node/4336201560",
        "name": {
          "fi": "Laavu"
        },
        "category": "lean_to",
        "source": "osm",
        "fetched_at": "2026-09-13T18:20:53Z"
      },
      "geometry": {
        "type": "Point",
        "coordinates": [
          26.119645,
          66.590381
        ]
      }
    },
    {
      "type": "Feature",
      "properties": {
        "id": "osm:node/4336220386",
        "name": {
          "fi": "Laavu"
        },
        "category": "lean_to",
        "source": "osm",
        "fetched_at": "2026-09-13T18:20:53Z"
      },
      "geometry": {
        "type": "Point",
        "coordinates": [
          26.106282,
          66.577212
        ]
      }
    },
    {
      "type": "Feature",
      "properties": {
        "id": "osm:node/4336881980",
        "category": "toilet",
        "source": "osm",
        "fetched_at": "2026-09-13T18:20:53Z"
      },
      "geometry": {
        "type": "Point",
        "coordinates": [
          26.08722,
          66.621764
        ]
      }
    },
    {
      "type": "Feature",
      "properties": {
        "id": "osm:node/4336903769",
        "category": "toilet",
        "source": "osm",
        "fetched_at": "2026-09-13T18:20:53Z"
      },
      "geometry": {
        "type": "Point",
        "coordinates": [
          26.118841,
          66.595484
        ]
      }
    },
    {
      "type": "Feature",
      "properties": {
        "id": "osm:node/434075064",
        "name": {
          "fi": "Fransmanni"
        },
        "category": "restaurant",
        "source": "osm",
        "fetched_at": "2026-09-13T18:20:53Z"
      },
      "geometry": {
        "type": "Point",
        "coordinates": [
          25.73555,
          66.502073
        ]
      }
    },
    {
      "type": "Feature",
      "properties": {
        "id": "osm:node/434075066",
        "name": {
          "fi": "Sokos Hotel Vaakuna"
        },
        "category": "accommodation",
        "source": "osm",
        "url": "https://www.sokoshotels.fi/fi/rovaniemi/sokos-hotel-vaakuna",
        "fetched_at": "2026-09-13T18:20:53Z"
      },
      "geometry": {
        "type": "Point",
        "coordinates": [
          25.73614,
          66.502028
        ]
      }
    },
    {
      "type": "Feature",
      "properties": {
        "id": "osm:node/434075067",
        "name": {
          "fi": "Amarillo"
        },
        "category": "restaurant",
        "source": "osm",
        "opening_hours": "Mo-Th 11:00-23:00; Fr 11:00-02:00; Sa 12:00-02:00",
        "fetched_at": "2026-09-13T18:20:53Z"
      },
      "geometry": {
        "type": "Point",
        "coordinates": [
          25.734894,
          66.502184
        ]
      }
    },
    {
      "type": "Feature",
      "properties": {
        "id": "osm:node/434075075",
        "name": {
          "fi": "Glena"
        },
        "category": "restaurant",
        "source": "osm",
        "fetched_at": "2026-09-13T18:20:53Z"
      },
      "geometry": {
        "type": "Point",
        "coordinates": [
          25.73211,
          66.502006
        ]
      }
    },
    {
      "type": "Feature",
      "properties": {
        "id": "osm:node/434075078",
        "name": {
          "fi": "St1 Helmisimpukka Rovaniemi Erottaja",
          "en": "St1 Rovaniemi Erottaja"
        },
        "category": "restaurant",
        "source": "osm",
        "url": "https://st1.fi/asemat/rovaniemi-erottaja",
        "opening_hours": "24/7",
        "fetched_at": "2026-09-13T18:20:53Z"
      },
      "geometry": {
        "type": "Point",
        "coordinates": [
          25.717533,
          66.497952
        ]
      }
    },
    {
      "type": "Feature",
      "properties": {
        "id": "osm:node/434075088",
        "name": {
          "fi": "K-Market Ounasmetsä"
        },
        "category": "shop",
        "source": "osm",
        "url": "https://www.k-ruoka.fi/kauppa/k-market-ounasmetsa",
        "opening_hours": "Mo-Fr 06:30-22:00; Sa 08:00-22:00; Su 09:00-22:00",
        "fetched_at": "2026-09-13T18:20:53Z"
      },
      "geometry": {
        "type": "Point",
        "coordinates": [
          25.780584,
          66.491608
        ]
      }
    },
    {
      "type": "Feature",
      "properties": {
        "id": "osm:node/434134020",
        "name": {
          "fi": "Kauppayhtiö / Pure Burger"
        },
        "category": "restaurant",
        "source": "osm",
        "url": "https://www.kauppayhtio.fi/fi",
        "fetched_at": "2026-09-13T18:20:53Z"
      },
      "geometry": {
        "type": "Point",
        "coordinates": [
          25.734766,
          66.502877
        ]
      }
    },
    {
      "type": "Feature",
      "properties": {
        "id": "osm:node/434134021",
        "name": {
          "fi": "Coffee House"
        },
        "category": "cafe",
        "source": "osm",
        "opening_hours": "Mo-Fr 08:00-20:00; Sa 10:00-20:00; Su 11:00-20:00",
        "fetched_at": "2026-09-13T18:20:53Z"
      },
      "geometry": {
        "type": "Point",
        "coordinates": [
          25.730841,
          66.502121
        ]
      }
    },
    {
      "type": "Feature",
      "properties": {
        "id": "osm:node/434134030",
        "name": {
          "fi": "Monte Rosa"
        },
        "category": "restaurant",
        "source": "osm",
        "url": "https://www.monterosa.fi/",
        "opening_hours": "Mo-Su 17:00-23:00",
        "fetched_at": "2026-09-13T18:20:53Z"
      },
      "geometry": {
        "type": "Point",
        "coordinates": [
          25.729437,
          66.501149
        ]
      }
    },
    {
      "type": "Feature",
      "properties": {
        "id": "osm:node/434134031",
        "name": {
          "fi": "Nili"
        },
        "category": "restaurant",
        "source": "osm",
        "url": "https://nili.fi/en/mainpage-english/",
        "opening_hours": "Mo-Fr 16:00-23:00; Sa 14:00-23:00",
        "fetched_at": "2026-09-13T18:20:53Z"
      },
      "geometry": {
        "type": "Point",
        "coordinates": [
          25.734361,
          66.501915
        ]
      }
    },
    {
      "type": "Feature",
      "properties": {
        "id": "osm:node/434134032",
        "name": {
          "fi": "Hai Long"
        },
        "category": "restaurant",
        "source": "osm",
        "opening_hours": "Mo-Fr 10:30-21:30; Sa 11:30-21:00; Su 12:00-20:30",
        "fetched_at": "2026-09-13T18:20:53Z"
      },
      "geometry": {
        "type": "Point",
        "coordinates": [
          25.734218,
          66.502424
        ]
      }
    },
    {
      "type": "Feature",
      "properties": {
        "id": "osm:node/434134033",
        "name": {
          "fi": "Xiang Long"
        },
        "category": "restaurant",
        "source": "osm",
        "opening_hours": "Mo-Fr 11:00-21:00; Sa,Su 12:00-21:00",
        "fetched_at": "2026-09-13T18:20:53Z"
      },
      "geometry": {
        "type": "Point",
        "coordinates": [
          25.727587,
          66.502871
        ]
      }
    },
    {
      "type": "Feature",
      "properties": {
        "id": "osm:node/434134079",
        "name": {
          "fi": "Ravintola Valdemari"
        },
        "category": "restaurant",
        "source": "osm",
        "url": "https://valdemari.fi/",
        "fetched_at": "2026-09-13T18:20:53Z"
      },
      "geometry": {
        "type": "Point",
        "coordinates": [
          25.745594,
          66.50177
        ]
      }
    },
    {
      "type": "Feature",
      "properties": {
        "id": "osm:node/442347663",
        "name": {
          "fi": "Kotipizza"
        },
        "category": "restaurant",
        "source": "osm",
        "opening_hours": "Mo-Fr 10:30-21:00; Sa-Su 11:00-21:00",
        "fetched_at": "2026-09-13T18:20:53Z"
      },
      "geometry": {
        "type": "Point",
        "coordinates": [
          25.735211,
          66.501832
        ]
      }
    },
    {
      "type": "Feature",
      "properties": {
        "id": "osm:node/451933284",
        "name": {
          "fi": "K-Market Toriportti"
        },
        "category": "shop",
        "source": "osm",
        "url": "https://www.k-market.fi/kaupat/toriportti/",
        "opening_hours": "Mo-Fr 07:00-22:00; Sa 08:00-22:00; Su 09:00-22:00",
        "fetched_at": "2026-09-13T18:20:53Z"
      },
      "geometry": {
        "type": "Point",
        "coordinates": [
          25.712721,
          66.499977
        ]
      }
    },
    {
      "type": "Feature",
      "properties": {
        "id": "osm:node/451933286",
        "name": {
          "fi": "Torikeidas"
        },
        "category": "restaurant",
        "source": "osm",
        "url": "https://torikeidas.fi/",
        "opening_hours": "Mo-Th 10:00-22:00; Fr-Sa 10:00-02:00; Su 11:00-22:00",
        "fetched_at": "2026-09-13T18:20:53Z"
      },
      "geometry": {
        "type": "Point",
        "coordinates": [
          25.713021,
          66.499818
        ]
      }
    },
    {
      "type": "Feature",
      "properties": {
        "id": "osm:node/453832921",
        "name": {
          "fi": "Valtakadun autogrilli"
        },
        "category": "restaurant",
        "source": "osm",
        "opening_hours": "Mo-Fr 10:00-22:00,Sa 11:00-22:00,Su 11:00-21:00",
        "fetched_at": "2026-09-13T18:20:53Z"
      },
      "geometry": {
        "type": "Point",
        "coordinates": [
          25.731116,
          66.498171
        ]
      }
    },
    {
      "type": "Feature",
      "properties": {
        "id": "osm:node/456766202",
        "name": {
          "fi": "Matkustajakoti Outa"
        },
        "category": "accommodation",
        "source": "osm",
        "fetched_at": "2026-09-13T18:20:53Z"
      },
      "geometry": {
        "type": "Point",
        "coordinates": [
          25.724708,
          66.499337
        ]
      }
    },
    {
      "type": "Feature",
      "properties": {
        "id": "osm:node/4799455321",
        "name": {
          "fi": "K-Market Korkalovaara"
        },
        "category": "shop",
        "source": "osm",
        "url": "https://www.k-ruoka.fi/kauppa/k-market-korkalovaara",
        "opening_hours": "Mo-Fr 06:30-22:00; Sa 08:00-22:00; Su 09:00-22:00",
        "fetched_at": "2026-09-13T18:20:53Z"
      },
      "geometry": {
        "type": "Point",
        "coordinates": [
          25.667902,
          66.512177
        ]
      }
    },
    {
      "type": "Feature",
      "properties": {
        "id": "osm:node/4799472521",
        "name": {
          "fi": "Sale"
        },
        "category": "shop",
        "source": "osm",
        "url": "https://www.s-kaupat.fi/myymala/sale-korkalovaara/625921564",
        "opening_hours": "Mo-Sa 06:30-22:00; Su 09:00-22:00",
        "fetched_at": "2026-09-13T18:20:53Z"
      },
      "geometry": {
        "type": "Point",
        "coordinates": [
          25.677529,
          66.511387
        ]
      }
    },
    {
      "type": "Feature",
      "properties": {
        "id": "osm:node/4969114829",
        "category": "toilet",
        "source": "osm",
        "fetched_at": "2026-09-13T18:20:53Z"
      },
      "geometry": {
        "type": "Point",
        "coordinates": [
          26.024543,
          66.582076
        ]
      }
    },
    {
      "type": "Feature",
      "properties": {
        "id": "osm:node/4987801070",
        "name": {
          "fi": "Joulupukin Ravintola",
          "en": "Christmas House Restaurant & Coffee Bar"
        },
        "category": "restaurant",
        "source": "osm",
        "url": "https://www.santaclausholidayvillage.fi/en/restaurants/christmas-house-restaurant-and-coffee-bar/",
        "fetched_at": "2026-09-13T18:20:53Z"
      },
      "geometry": {
        "type": "Point",
        "coordinates": [
          25.842415,
          66.543002
        ]
      }
    },
    {
      "type": "Feature",
      "properties": {
        "id": "osm:node/5329269059",
        "name": {
          "fi": "Rakka"
        },
        "category": "restaurant",
        "source": "osm",
        "url": "https://www.rakka.fi/",
        "opening_hours": "Mo-Fr 10:30-14:00",
        "fetched_at": "2026-09-13T18:20:53Z"
      },
      "geometry": {
        "type": "Point",
        "coordinates": [
          25.709091,
          66.494118
        ]
      }
    },
    {
      "type": "Feature",
      "properties": {
        "id": "osm:node/534951448",
        "name": {
          "fi": "Sinettajokisuu_LA"
        },
        "category": "lean_to",
        "source": "osm",
        "fetched_at": "2026-09-13T18:20:53Z"
      },
      "geometry": {
        "type": "Point",
        "coordinates": [
          25.482934,
          66.64655
        ]
      }
    },
    {
      "type": "Feature",
      "properties": {
        "id": "osm:node/534951468",
        "name": {
          "fi": "Ounaspaviljonki laavu",
          "en": "Ounaspaviljonki Lean-to"
        },
        "category": "lean_to",
        "source": "osm",
        "fetched_at": "2026-09-13T18:20:53Z"
      },
      "geometry": {
        "type": "Point",
        "coordinates": [
          25.743071,
          66.519544
        ]
      }
    },
    {
      "type": "Feature",
      "properties": {
        "id": "osm:node/534951470",
        "name": {
          "fi": "Niskanpera"
        },
        "category": "lean_to",
        "source": "osm",
        "fetched_at": "2026-09-13T18:20:53Z"
      },
      "geometry": {
        "type": "Point",
        "coordinates": [
          25.63162,
          66.444181
        ]
      }
    },
    {
      "type": "Feature",
      "properties": {
        "id": "osm:node/534951473",
        "name": {
          "fi": "Niilo"
        },
        "category": "lean_to",
        "source": "osm",
        "fetched_at": "2026-09-13T18:20:53Z"
      },
      "geometry": {
        "type": "Point",
        "coordinates": [
          25.475018,
          66.408571
        ]
      }
    },
    {
      "type": "Feature",
      "properties": {
        "id": "osm:node/534951481",
        "name": {
          "fi": "Luonuajoki laavu"
        },
        "category": "lean_to",
        "source": "osm",
        "fetched_at": "2026-09-13T18:20:53Z"
      },
      "geometry": {
        "type": "Point",
        "coordinates": [
          25.40646,
          66.686607
        ]
      }
    },
    {
      "type": "Feature",
      "properties": {
        "id": "osm:node/534951484",
        "category": "lean_to",
        "source": "osm",
        "fetched_at": "2026-09-13T18:20:53Z"
      },
      "geometry": {
        "type": "Point",
        "coordinates": [
          25.797454,
          66.512686
        ]
      }
    },
    {
      "type": "Feature",
      "properties": {
        "id": "osm:node/534951487",
        "name": {
          "fi": "Kuninkaan laavu",
          "en": "Santavaara Lean-to"
        },
        "category": "lean_to",
        "source": "osm",
        "url": "https://www.rovaniemi.fi",
        "fetched_at": "2026-09-13T18:20:53Z"
      },
      "geometry": {
        "type": "Point",
        "coordinates": [
          25.696986,
          66.56566
        ]
      }
    },
    {
      "type": "Feature",
      "properties": {
        "id": "osm:node/534951493",
        "name": {
          "fi": "Kemila laavu"
        },
        "category": "lean_to",
        "source": "osm",
        "fetched_at": "2026-09-13T18:20:53Z"
      },
      "geometry": {
        "type": "Point",
        "coordinates": [
          26.067006,
          66.459842
        ]
      }
    },
    {
      "type": "Feature",
      "properties": {
        "id": "osm:node/534951495",
        "name": {
          "fi": "Jussilanvaara_LA"
        },
        "category": "lean_to",
        "source": "osm",
        "fetched_at": "2026-09-13T18:20:53Z"
      },
      "geometry": {
        "type": "Point",
        "coordinates": [
          25.470616,
          66.438543
        ]
      }
    },
    {
      "type": "Feature",
      "properties": {
        "id": "osm:node/534951498",
        "name": {
          "fi": "Alakorkalo laavu"
        },
        "category": "lean_to",
        "source": "osm",
        "fetched_at": "2026-09-13T18:20:53Z"
      },
      "geometry": {
        "type": "Point",
        "coordinates": [
          25.625422,
          66.476555
        ]
      }
    },
    {
      "type": "Feature",
      "properties": {
        "id": "osm:node/534951500",
        "name": {
          "fi": "Erasaari_LA"
        },
        "category": "lean_to",
        "source": "osm",
        "fetched_at": "2026-09-13T18:20:53Z"
      },
      "geometry": {
        "type": "Point",
        "coordinates": [
          25.408421,
          66.40215
        ]
      }
    },
    {
      "type": "Feature",
      "properties": {
        "id": "osm:node/534951501",
        "name": {
          "fi": "Hirvasoja laavu"
        },
        "category": "lean_to",
        "source": "osm",
        "fetched_at": "2026-09-13T18:20:53Z"
      },
      "geometry": {
        "type": "Point",
        "coordinates": [
          25.439482,
          66.428644
        ]
      }
    },
    {
      "type": "Feature",
      "properties": {
        "id": "osm:node/5370990040",
        "name": {
          "fi": "Laavu"
        },
        "category": "lean_to",
        "source": "osm",
        "fetched_at": "2026-09-13T18:20:53Z"
      },
      "geometry": {
        "type": "Point",
        "coordinates": [
          25.736137,
          66.471474
        ]
      }
    },
    {
      "type": "Feature",
      "properties": {
        "id": "osm:node/5647897122",
        "category": "toilet",
        "source": "osm",
        "fetched_at": "2026-09-13T18:20:53Z"
      },
      "geometry": {
        "type": "Point",
        "coordinates": [
          25.46275,
          66.399477
        ]
      }
    },
    {
      "type": "Feature",
      "properties": {
        "id": "osm:node/5759889854",
        "category": "toilet",
        "source": "osm",
        "fetched_at": "2026-09-13T18:20:53Z"
      },
      "geometry": {
        "type": "Point",
        "coordinates": [
          25.625247,
          66.477217
        ]
      }
    },
    {
      "type": "Feature",
      "properties": {
        "id": "osm:node/5877993985",
        "category": "lean_to",
        "source": "osm",
        "fetched_at": "2026-09-13T18:20:53Z"
      },
      "geometry": {
        "type": "Point",
        "coordinates": [
          25.747456,
          66.45583
        ]
      }
    },
    {
      "type": "Feature",
      "properties": {
        "id": "osm:node/6049808585",
        "name": {
          "fi": "Mountainbike Center"
        },
        "category": "bike_repair",
        "source": "osm",
        "opening_hours": "Mo-Fr 10:00-17:00; Sa 10:00-14:00; Su off",
        "fetched_at": "2026-09-13T18:20:53Z"
      },
      "geometry": {
        "type": "Point",
        "coordinates": [
          25.72817,
          66.500396
        ]
      }
    },
    {
      "type": "Feature",
      "properties": {
        "id": "osm:node/6049808586",
        "name": {
          "fi": "Ruokahuone Mariza",
          "en": "Restaurant Mariza"
        },
        "category": "restaurant",
        "source": "osm",
        "url": "https://www.ruokahuonemariza.fi/",
        "opening_hours": "Mo-Fr 10:00-14:00",
        "fetched_at": "2026-09-13T18:20:53Z"
      },
      "geometry": {
        "type": "Point",
        "coordinates": [
          25.731402,
          66.499981
        ]
      }
    },
    {
      "type": "Feature",
      "properties": {
        "id": "osm:node/6049808587",
        "name": {
          "fi": "Martin pyöräkorjaamo",
          "en": "Martti's Bike Repair"
        },
        "category": "bike_repair",
        "source": "osm",
        "fetched_at": "2026-09-13T18:20:53Z"
      },
      "geometry": {
        "type": "Point",
        "coordinates": [
          25.731035,
          66.499525
        ]
      }
    },
    {
      "type": "Feature",
      "properties": {
        "id": "osm:node/6141272290",
        "name": {
          "fi": "Olkkajärven laavu"
        },
        "category": "lean_to",
        "source": "osm",
        "url": "https://www.etiainen.fi/gpsalbum/Olkkajarven-laavu/21ndifjx/da781138-2ec6-48a4-a75f-b3f1868e69eb",
        "fetched_at": "2026-09-13T18:20:53Z"
      },
      "geometry": {
        "type": "Point",
        "coordinates": [
          26.129761,
          66.534112
        ]
      }
    },
    {
      "type": "Feature",
      "properties": {
        "id": "osm:node/6156543546",
        "name": {
          "fi": "Laavu"
        },
        "category": "lean_to",
        "source": "osm",
        "fetched_at": "2026-09-13T18:20:53Z"
      },
      "geometry": {
        "type": "Point",
        "coordinates": [
          25.488787,
          66.644885
        ]
      }
    },
    {
      "type": "Feature",
      "properties": {
        "id": "osm:node/6251671490",
        "name": {
          "fi": "Restaurant Roka"
        },
        "category": "restaurant",
        "source": "osm",
        "url": "https://ravintolaroka.fi",
        "opening_hours": "Fr, Sa 12:00-22:00; Mo-Th, Su 12:00-21:00",
        "fetched_at": "2026-09-13T18:20:53Z"
      },
      "geometry": {
        "type": "Point",
        "coordinates": [
          25.725516,
          66.501664
        ]
      }
    },
    {
      "type": "Feature",
      "properties": {
        "id": "osm:node/6352619308",
        "name": {
          "en": "Cafe Rovaniemi"
        },
        "category": "cafe",
        "source": "osm",
        "fetched_at": "2026-09-13T18:20:53Z"
      },
      "geometry": {
        "type": "Point",
        "coordinates": [
          25.727898,
          66.501787
        ]
      }
    },
    {
      "type": "Feature",
      "properties": {
        "id": "osm:node/6421058285",
        "name": {
          "fi": "Dazhonghua",
          "en": "Da Zhong Hua"
        },
        "category": "restaurant",
        "source": "osm",
        "opening_hours": "Nov-Mar: Mo-Fr 11:00-22:00; Nov-Mar: Sa-Su 12:00-22:00; Apr-Sep: Mo-Th 11:09-21:09; Apr-Sep: Fr 11:00-22:00; Apr-Sep: Sa 12:09-22:09; Apr-Sep: Su 12:09-21:00",
        "fetched_at": "2026-09-13T18:20:53Z"
      },
      "geometry": {
        "type": "Point",
        "coordinates": [
          25.718613,
          66.505348
        ]
      }
    },
    {
      "type": "Feature",
      "properties": {
        "id": "osm:node/6467723633",
        "name": {
          "fi": "Pure Pizza"
        },
        "category": "restaurant",
        "source": "osm",
        "url": "https://www.kauppayhtio.fi/fi",
        "fetched_at": "2026-09-13T18:20:53Z"
      },
      "geometry": {
        "type": "Point",
        "coordinates": [
          25.734611,
          66.502772
        ]
      }
    },
    {
      "type": "Feature",
      "properties": {
        "id": "osm:node/6467723634",
        "name": {
          "fi": "Restaurant Yuca"
        },
        "category": "restaurant",
        "source": "osm",
        "url": "https://www.yuca.fi/",
        "fetched_at": "2026-09-13T18:20:53Z"
      },
      "geometry": {
        "type": "Point",
        "coordinates": [
          25.727042,
          66.501155
        ]
      }
    },
    {
      "type": "Feature",
      "properties": {
        "id": "osm:node/6472038286",
        "name": {
          "fi": "Salmijärven laavu"
        },
        "category": "lean_to",
        "source": "osm",
        "fetched_at": "2026-09-13T18:20:53Z"
      },
      "geometry": {
        "type": "Point",
        "coordinates": [
          25.756238,
          66.485509
        ]
      }
    },
    {
      "type": "Feature",
      "properties": {
        "id": "osm:node/6472038288",
        "name": {
          "fi": "Rautiojärven laavu"
        },
        "category": "lean_to",
        "source": "osm",
        "fetched_at": "2026-09-13T18:20:53Z"
      },
      "geometry": {
        "type": "Point",
        "coordinates": [
          25.706723,
          66.452562
        ]
      }
    },
    {
      "type": "Feature",
      "properties": {
        "id": "osm:node/6647125108",
        "name": {
          "fi": "Hotel Rudolf"
        },
        "category": "accommodation",
        "source": "osm",
        "url": "https://www.santashotels.fi/en/hotelrudolf",
        "fetched_at": "2026-09-13T18:20:53Z"
      },
      "geometry": {
        "type": "Point",
        "coordinates": [
          25.71895,
          66.505212
        ]
      }
    },
    {
      "type": "Feature",
      "properties": {
        "id": "osm:node/6647625991",
        "name": {
          "fi": "Ounasvaaran luontopolun laavu"
        },
        "category": "lean_to",
        "source": "osm",
        "fetched_at": "2026-09-13T18:20:53Z"
      },
      "geometry": {
        "type": "Point",
        "coordinates": [
          25.802983,
          66.493495
        ]
      }
    },
    {
      "type": "Feature",
      "properties": {
        "id": "osm:node/6653552440",
        "category": "toilet",
        "source": "osm",
        "fetched_at": "2026-09-13T18:20:53Z"
      },
      "geometry": {
        "type": "Point",
        "coordinates": [
          25.796091,
          66.500389
        ]
      }
    },
    {
      "type": "Feature",
      "properties": {
        "id": "osm:node/677281039",
        "name": {
          "fi": "Rovahotelli"
        },
        "category": "accommodation",
        "source": "osm",
        "fetched_at": "2026-09-13T18:20:53Z"
      },
      "geometry": {
        "type": "Point",
        "coordinates": [
          25.581967,
          66.453428
        ]
      }
    },
    {
      "type": "Feature",
      "properties": {
        "id": "osm:node/677283603",
        "name": {
          "fi": "Gaissa"
        },
        "category": "restaurant",
        "source": "osm",
        "url": "https://santashotels.fi/lappiravintola-gaissa/",
        "opening_hours": "Mo-Fr 07:00-10:00, 17:00-21:30; Sa-Su 08:00-11:00, 17:00-21:30",
        "fetched_at": "2026-09-13T18:20:53Z"
      },
      "geometry": {
        "type": "Point",
        "coordinates": [
          25.73187,
          66.502627
        ]
      }
    },
    {
      "type": "Feature",
      "properties": {
        "id": "osm:node/677283912",
        "name": {
          "fi": "Zoomup"
        },
        "category": "restaurant",
        "source": "osm",
        "fetched_at": "2026-09-13T18:20:53Z"
      },
      "geometry": {
        "type": "Point",
        "coordinates": [
          25.7323,
          66.502685
        ]
      }
    },
    {
      "type": "Feature",
      "properties": {
        "id": "osm:node/7574438638",
        "name": {
          "fi": "Rakas Restaurant & Bar"
        },
        "category": "restaurant",
        "source": "osm",
        "url": "https://www.rakasrestaurant.com/",
        "fetched_at": "2026-09-13T18:20:53Z"
      },
      "geometry": {
        "type": "Point",
        "coordinates": [
          25.800616,
          66.539353
        ]
      }
    },
    {
      "type": "Feature",
      "properties": {
        "id": "osm:node/7620184566",
        "name": {
          "fi": "Laavu"
        },
        "category": "lean_to",
        "source": "osm",
        "fetched_at": "2026-09-13T18:20:53Z"
      },
      "geometry": {
        "type": "Point",
        "coordinates": [
          25.570502,
          66.464419
        ]
      }
    },
    {
      "type": "Feature",
      "properties": {
        "id": "osm:node/7726974932",
        "category": "lean_to",
        "source": "osm",
        "fetched_at": "2026-09-13T18:20:53Z"
      },
      "geometry": {
        "type": "Point",
        "coordinates": [
          25.785291,
          66.628797
        ]
      }
    },
    {
      "type": "Feature",
      "properties": {
        "id": "osm:node/7727010560",
        "name": {
          "fi": "Nabo"
        },
        "category": "restaurant",
        "source": "osm",
        "fetched_at": "2026-09-13T18:20:53Z"
      },
      "geometry": {
        "type": "Point",
        "coordinates": [
          25.733996,
          66.501268
        ]
      }
    },
    {
      "type": "Feature",
      "properties": {
        "id": "osm:node/7740546231",
        "name": {
          "fi": "Taukopaikka"
        },
        "category": "cafe",
        "source": "osm",
        "fetched_at": "2026-09-13T18:20:53Z"
      },
      "geometry": {
        "type": "Point",
        "coordinates": [
          26.072647,
          66.451918
        ]
      }
    },
    {
      "type": "Feature",
      "properties": {
        "id": "osm:node/7740958741",
        "name": {
          "fi": "Sweet Home"
        },
        "category": "restaurant",
        "source": "osm",
        "fetched_at": "2026-09-13T18:20:53Z"
      },
      "geometry": {
        "type": "Point",
        "coordinates": [
          25.755303,
          66.507402
        ]
      }
    },
    {
      "type": "Feature",
      "properties": {
        "id": "osm:node/7743607154",
        "name": {
          "fi": "Kotipizza"
        },
        "category": "restaurant",
        "source": "osm",
        "opening_hours": "Mo,Tu 10:30-21:00; We-Sa 10:30-21:30; Su 11:30-21:00",
        "fetched_at": "2026-09-13T18:20:53Z"
      },
      "geometry": {
        "type": "Point",
        "coordinates": [
          25.712635,
          66.500685
        ]
      }
    },
    {
      "type": "Feature",
      "properties": {
        "id": "osm:node/7746289941",
        "name": {
          "fi": "Presso"
        },
        "category": "cafe",
        "source": "osm",
        "fetched_at": "2026-09-13T18:20:53Z"
      },
      "geometry": {
        "type": "Point",
        "coordinates": [
          25.689166,
          66.49218
        ]
      }
    },
    {
      "type": "Feature",
      "properties": {
        "id": "osm:node/7746397712",
        "name": {
          "fi": "Rang Mahal"
        },
        "category": "restaurant",
        "source": "osm",
        "url": "https://www.rangmahal.fi/",
        "opening_hours": "Mo-Th 11:00-21:00; Fr-Sa 11:00-22:00; Su 12:00-21:00",
        "fetched_at": "2026-09-13T18:20:53Z"
      },
      "geometry": {
        "type": "Point",
        "coordinates": [
          25.727897,
          66.50152
        ]
      }
    },
    {
      "type": "Feature",
      "properties": {
        "id": "osm:node/7746397719",
        "name": {
          "fi": "Pancho Villa"
        },
        "category": "restaurant",
        "source": "osm",
        "fetched_at": "2026-09-13T18:20:53Z"
      },
      "geometry": {
        "type": "Point",
        "coordinates": [
          25.727778,
          66.502484
        ]
      }
    },
    {
      "type": "Feature",
      "properties": {
        "id": "osm:node/7746640456",
        "name": {
          "fi": "Bord"
        },
        "category": "restaurant",
        "source": "osm",
        "opening_hours": "Mo-Su 18:00-22:30",
        "fetched_at": "2026-09-13T18:20:53Z"
      },
      "geometry": {
        "type": "Point",
        "coordinates": [
          25.72721,
          66.502916
        ]
      }
    },
    {
      "type": "Feature",
      "properties": {
        "id": "osm:node/7749984216",
        "name": {
          "fi": "Restaurant Aitta"
        },
        "category": "restaurant",
        "source": "osm",
        "url": "https://apukkaresort.fi/food-drink",
        "fetched_at": "2026-09-13T18:20:53Z"
      },
      "geometry": {
        "type": "Point",
        "coordinates": [
          26.016202,
          66.578303
        ]
      }
    },
    {
      "type": "Feature",
      "properties": {
        "id": "osm:node/8068151414",
        "name": {
          "fi": "Restaurant Gustav",
          "en": "Gustav Kitchen & Bar"
        },
        "category": "restaurant",
        "source": "osm",
        "url": "https://www.gustavkitchenbar.fi/",
        "opening_hours": "Tu-Th 11:00-23:00; Fr 11:00-00:00; Sa 14:00-00:00",
        "fetched_at": "2026-09-13T18:20:53Z"
      },
      "geometry": {
        "type": "Point",
        "coordinates": [
          25.733012,
          66.502431
        ]
      }
    },
    {
      "type": "Feature",
      "properties": {
        "id": "osm:node/8068151422",
        "name": {
          "fi": "Korundi Cafe"
        },
        "category": "cafe",
        "source": "osm",
        "opening_hours": "Tu-Su 11:00-15:00",
        "fetched_at": "2026-09-13T18:20:53Z"
      },
      "geometry": {
        "type": "Point",
        "coordinates": [
          25.718224,
          66.500635
        ]
      }
    },
    {
      "type": "Feature",
      "properties": {
        "id": "osm:node/8089068066",
        "name": {
          "fi": "Hotelli Aakenus"
        },
        "category": "accommodation",
        "source": "osm",
        "fetched_at": "2026-09-13T18:20:53Z"
      },
      "geometry": {
        "type": "Point",
        "coordinates": [
          25.717282,
          66.505739
        ]
      }
    },
    {
      "type": "Feature",
      "properties": {
        "id": "osm:node/8150772046",
        "name": {
          "fi": "Tottohissi cafe"
        },
        "category": "cafe",
        "source": "osm",
        "fetched_at": "2026-09-13T18:20:53Z"
      },
      "geometry": {
        "type": "Point",
        "coordinates": [
          25.805243,
          66.50712
        ]
      }
    },
    {
      "type": "Feature",
      "properties": {
        "id": "osm:node/8150772047",
        "name": {
          "fi": "Ravintola Alpenjäger",
          "en": "Restaurant Alpenjäger"
        },
        "category": "cafe",
        "source": "osm",
        "fetched_at": "2026-09-13T18:20:53Z"
      },
      "geometry": {
        "type": "Point",
        "coordinates": [
          25.786862,
          66.507567
        ]
      }
    },
    {
      "type": "Feature",
      "properties": {
        "id": "osm:node/8261659867",
        "name": {
          "fi": "Tori Falafel"
        },
        "category": "restaurant",
        "source": "osm",
        "fetched_at": "2026-09-13T18:20:53Z"
      },
      "geometry": {
        "type": "Point",
        "coordinates": [
          25.714101,
          66.500596
        ]
      }
    },
    {
      "type": "Feature",
      "properties": {
        "id": "osm:node/8308197318",
        "category": "lean_to",
        "source": "osm",
        "fetched_at": "2026-09-13T18:20:53Z"
      },
      "geometry": {
        "type": "Point",
        "coordinates": [
          25.753855,
          66.468328
        ]
      }
    },
    {
      "type": "Feature",
      "properties": {
        "id": "osm:node/8312150321",
        "name": {
          "fi": "Kesärafla Sauna"
        },
        "category": "restaurant",
        "source": "osm",
        "url": "https://www.laplandhotels.com/fi/hotellit-ja-kohteet/rovaniemi/lapland-hotels-ounasvaara-chalets/kesarafla-sauna",
        "opening_hours": "Jun-Aug",
        "fetched_at": "2026-09-13T18:20:53Z"
      },
      "geometry": {
        "type": "Point",
        "coordinates": [
          25.789006,
          66.511124
        ]
      }
    },
    {
      "type": "Feature",
      "properties": {
        "id": "osm:node/8312150441",
        "category": "toilet",
        "source": "osm",
        "fetched_at": "2026-09-13T18:20:53Z"
      },
      "geometry": {
        "type": "Point",
        "coordinates": [
          25.836631,
          66.501431
        ]
      }
    },
    {
      "type": "Feature",
      "properties": {
        "id": "osm:node/8312150442",
        "category": "toilet",
        "source": "osm",
        "fetched_at": "2026-09-13T18:20:53Z"
      },
      "geometry": {
        "type": "Point",
        "coordinates": [
          25.83126,
          66.499765
        ]
      }
    },
    {
      "type": "Feature",
      "properties": {
        "id": "osm:node/8312150471",
        "category": "toilet",
        "source": "osm",
        "fetched_at": "2026-09-13T18:20:53Z"
      },
      "geometry": {
        "type": "Point",
        "coordinates": [
          25.846708,
          66.49927
        ]
      }
    },
    {
      "type": "Feature",
      "properties": {
        "id": "osm:node/8312150756",
        "category": "restaurant",
        "source": "osm",
        "fetched_at": "2026-09-13T18:20:53Z"
      },
      "geometry": {
        "type": "Point",
        "coordinates": [
          25.808044,
          66.506009
        ]
      }
    },
    {
      "type": "Feature",
      "properties": {
        "id": "osm:node/846347328",
        "name": {
          "fi": "Väiskin laavu"
        },
        "category": "lean_to",
        "source": "osm",
        "fetched_at": "2026-09-13T18:20:53Z"
      },
      "geometry": {
        "type": "Point",
        "coordinates": [
          25.867156,
          66.484759
        ]
      }
    },
    {
      "type": "Feature",
      "properties": {
        "id": "osm:node/846347329",
        "name": {
          "fi": "Ounasvaaran näkötornin laavu"
        },
        "category": "lean_to",
        "source": "osm",
        "fetched_at": "2026-09-13T18:20:53Z"
      },
      "geometry": {
        "type": "Point",
        "coordinates": [
          25.766927,
          66.502228
        ]
      }
    },
    {
      "type": "Feature",
      "properties": {
        "id": "osm:node/8493861170",
        "name": {
          "fi": "Mellavaaran laavu"
        },
        "category": "lean_to",
        "source": "osm",
        "fetched_at": "2026-09-13T18:20:53Z"
      },
      "geometry": {
        "type": "Point",
        "coordinates": [
          25.53597,
          66.528601
        ]
      }
    },
    {
      "type": "Feature",
      "properties": {
        "id": "osm:node/9191948951",
        "name": {
          "fi": "Three Elves ravintola",
          "en": "Three Elves Restaurant"
        },
        "category": "restaurant",
        "source": "osm",
        "url": "https://www.santaclausholidayvillage.fi/en/restaurants/three-elves-restaurant-en-us/",
        "fetched_at": "2026-09-13T18:20:53Z"
      },
      "geometry": {
        "type": "Point",
        "coordinates": [
          25.84465,
          66.542951
        ]
      }
    },
    {
      "type": "Feature",
      "properties": {
        "id": "osm:node/9191949011",
        "name": {
          "fi": "Santa´s Pizza & Burger"
        },
        "category": "restaurant",
        "source": "osm",
        "url": "https://www.santaspizzaburger.fi",
        "opening_hours": "Mo-Su 11:00-19:00",
        "fetched_at": "2026-09-13T18:20:53Z"
      },
      "geometry": {
        "type": "Point",
        "coordinates": [
          25.851348,
          66.544373
        ]
      }
    },
    {
      "type": "Feature",
      "properties": {
        "id": "osm:node/9191949012",
        "name": {
          "fi": "Ice Bar and Snow Restaurant"
        },
        "category": "restaurant",
        "source": "osm",
        "fetched_at": "2026-09-13T18:20:53Z"
      },
      "geometry": {
        "type": "Point",
        "coordinates": [
          25.846145,
          66.542395
        ]
      }
    },
    {
      "type": "Feature",
      "properties": {
        "id": "osm:node/9191949173",
        "name": {
          "fi": "Reindeer Cafe Restaurant Sirmakko"
        },
        "category": "restaurant",
        "source": "osm",
        "fetched_at": "2026-09-13T18:20:53Z"
      },
      "geometry": {
        "type": "Point",
        "coordinates": [
          25.84842,
          66.544065
        ]
      }
    },
    {
      "type": "Feature",
      "properties": {
        "id": "osm:node/9191949174",
        "name": {
          "fi": "Loft Café"
        },
        "category": "cafe",
        "source": "osm",
        "url": "https://loftcafe.fi/fi/loft-cafe-kahvila/",
        "fetched_at": "2026-09-13T18:20:53Z"
      },
      "geometry": {
        "type": "Point",
        "coordinates": [
          25.848446,
          66.543955
        ]
      }
    },
    {
      "type": "Feature",
      "properties": {
        "id": "osm:node/9191949182",
        "name": {
          "fi": "Ravintola Napatapuli",
          "en": "Napatapuli Restaurant"
        },
        "category": "restaurant",
        "source": "osm",
        "url": "https://napatapuli.com",
        "fetched_at": "2026-09-13T18:20:53Z"
      },
      "geometry": {
        "type": "Point",
        "coordinates": [
          25.846714,
          66.543854
        ]
      }
    },
    {
      "type": "Feature",
      "properties": {
        "id": "osm:node/9192012960",
        "name": {
          "fi": "Restaurant Arctic Eye"
        },
        "category": "restaurant",
        "source": "osm",
        "url": "https://santashotels.fi/en/restaurant-arctic-eye/",
        "fetched_at": "2026-09-13T18:20:53Z"
      },
      "geometry": {
        "type": "Point",
        "coordinates": [
          25.861425,
          66.543176
        ]
      }
    },
    {
      "type": "Feature",
      "properties": {
        "id": "osm:node/925653130",
        "name": {
          "fi": "Siipiravintola Wingston"
        },
        "category": "restaurant",
        "source": "osm",
        "fetched_at": "2026-09-13T18:20:53Z"
      },
      "geometry": {
        "type": "Point",
        "coordinates": [
          25.725601,
          66.501314
        ]
      }
    },
    {
      "type": "Feature",
      "properties": {
        "id": "osm:node/9693475777",
        "category": "toilet",
        "source": "osm",
        "fetched_at": "2026-09-13T18:20:53Z"
      },
      "geometry": {
        "type": "Point",
        "coordinates": [
          25.850663,
          66.54596
        ]
      }
    },
    {
      "type": "Feature",
      "properties": {
        "id": "osm:node/9778083880",
        "name": {
          "fi": "Varuskuntaravintola Somero"
        },
        "category": "restaurant",
        "source": "osm",
        "url": "https://leijonacatering.fi/",
        "fetched_at": "2026-09-13T18:20:53Z"
      },
      "geometry": {
        "type": "Point",
        "coordinates": [
          25.793758,
          66.55633
        ]
      }
    },
    {
      "type": "Feature",
      "properties": {
        "id": "osm:node/9843865245",
        "name": {
          "fi": "Neste Rovaniemi Erottaja"
        },
        "category": "cafe",
        "source": "osm",
        "url": "https://www.neste-erottaja.fi/",
        "fetched_at": "2026-09-13T18:20:53Z"
      },
      "geometry": {
        "type": "Point",
        "coordinates": [
          25.717436,
          66.500161
        ]
      }
    },
    {
      "type": "Feature",
      "properties": {
        "id": "osm:relation/15069265",
        "name": {
          "fi": "Apukka Resort - Glass Igloos Hotel"
        },
        "category": "accommodation",
        "source": "osm",
        "fetched_at": "2026-09-13T18:20:53Z"
      },
      "geometry": {
        "type": "Point",
        "coordinates": [
          26.016487,
          66.578577
        ]
      }
    },
    {
      "type": "Feature",
      "properties": {
        "id": "osm:way/1071852204",
        "category": "toilet",
        "source": "osm",
        "fetched_at": "2026-09-13T18:20:53Z"
      },
      "geometry": {
        "type": "Point",
        "coordinates": [
          25.895954,
          66.366936
        ]
      }
    },
    {
      "type": "Feature",
      "properties": {
        "id": "osm:way/1198871395",
        "name": {
          "fi": "S-market Talvitie"
        },
        "category": "shop",
        "source": "osm",
        "url": "https://www.s-kaupat.fi/myymala/s-market-talvitie-rovaniemi/726407211",
        "opening_hours": "Mo-Fr 06:30-22:00; Sa 07:00-22:00; Su 09:00-22:00",
        "fetched_at": "2026-09-13T18:20:53Z"
      },
      "geometry": {
        "type": "Point",
        "coordinates": [
          25.701141,
          66.521144
        ]
      }
    },
    {
      "type": "Feature",
      "properties": {
        "id": "osm:way/1479335490",
        "category": "accommodation",
        "source": "osm",
        "fetched_at": "2026-09-13T18:20:53Z"
      },
      "geometry": {
        "type": "Point",
        "coordinates": [
          25.541427,
          66.62116
        ]
      }
    },
    {
      "type": "Feature",
      "properties": {
        "id": "osm:way/1479880354",
        "name": {
          "fi": "Hawu"
        },
        "category": "restaurant",
        "source": "osm",
        "fetched_at": "2026-09-13T18:20:53Z"
      },
      "geometry": {
        "type": "Point",
        "coordinates": [
          25.611297,
          66.561326
        ]
      }
    },
    {
      "type": "Feature",
      "properties": {
        "id": "osm:way/154893240",
        "name": {
          "fi": "K-Supermarket"
        },
        "category": "shop",
        "source": "osm",
        "url": "https://www.k-ruoka.fi/kauppa/k-supermarket-kauppatori",
        "opening_hours": "Mo-Sa 07:00-21:00; Su 09:00-21:00",
        "fetched_at": "2026-09-13T18:20:53Z"
      },
      "geometry": {
        "type": "Point",
        "coordinates": [
          25.715139,
          66.500787
        ]
      }
    },
    {
      "type": "Feature",
      "properties": {
        "id": "osm:way/164458602",
        "name": {
          "fi": "K-Market Viirinkangas"
        },
        "category": "shop",
        "source": "osm",
        "url": "https://www.k-ruoka.fi/kauppa/k-market-viirinkangas",
        "opening_hours": "Mo-Sa 07:00-22:00; Su 12:00-22:00",
        "fetched_at": "2026-09-13T18:20:53Z"
      },
      "geometry": {
        "type": "Point",
        "coordinates": [
          25.696671,
          66.485197
        ]
      }
    },
    {
      "type": "Feature",
      "properties": {
        "id": "osm:way/164458606",
        "name": {
          "fi": "Lidl"
        },
        "category": "shop",
        "source": "osm",
        "url": "https://www.lidl.fi/s/fi-FI/myym%C3%A4l%C3%A4t/rovaniemi/oijustie-2/",
        "opening_hours": "Mo-Sa 08:00-21:00; Su 10:00-21:00",
        "fetched_at": "2026-09-13T18:20:53Z"
      },
      "geometry": {
        "type": "Point",
        "coordinates": [
          25.693697,
          66.491358
        ]
      }
    },
    {
      "type": "Feature",
      "properties": {
        "id": "osm:way/182581431",
        "name": {
          "fi": "Prisma"
        },
        "category": "shop",
        "source": "osm",
        "url": "https://www.s-kaupat.fi/myymala/prisma-rovaniemi/552112880",
        "opening_hours": "Mo-Fr 08:00-21:00; Sa 08:00-18:00; Su 12:00-18:00",
        "fetched_at": "2026-09-13T18:20:53Z"
      },
      "geometry": {
        "type": "Point",
        "coordinates": [
          25.687588,
          66.492461
        ]
      }
    },
    {
      "type": "Feature",
      "properties": {
        "id": "osm:way/182602606",
        "name": {
          "fi": "Lidl"
        },
        "category": "shop",
        "source": "osm",
        "url": "https://www.lidl.fi/s/fi-FI/myym%C3%A4l%C3%A4t/rovaniemi/saarenkylae/pulkamontie-2/",
        "opening_hours": "Mo-Sa 08:00-21:00; Su 10:00-21:00",
        "fetched_at": "2026-09-13T18:20:53Z"
      },
      "geometry": {
        "type": "Point",
        "coordinates": [
          25.759546,
          66.517255
        ]
      }
    },
    {
      "type": "Feature",
      "properties": {
        "id": "osm:way/200205920",
        "name": {
          "fi": "K-Market Nivavaara"
        },
        "category": "shop",
        "source": "osm",
        "url": "https://www.k-ruoka.fi/kauppa/k-market-nivavaara",
        "opening_hours": "Mo-Fr 07:00-22:00; Sa 08:00-22:00; Su 09:00-22:00",
        "fetched_at": "2026-09-13T18:20:53Z"
      },
      "geometry": {
        "type": "Point",
        "coordinates": [
          25.824917,
          66.530956
        ]
      }
    },
    {
      "type": "Feature",
      "properties": {
        "id": "osm:way/232046104",
        "name": {
          "fi": "Rovaniemen Sotilaskoti"
        },
        "category": "cafe",
        "source": "osm",
        "fetched_at": "2026-09-13T18:20:53Z"
      },
      "geometry": {
        "type": "Point",
        "coordinates": [
          25.793622,
          66.55619
        ]
      }
    },
    {
      "type": "Feature",
      "properties": {
        "id": "osm:way/258170800",
        "name": {
          "fi": "Apukka Resort - Glass Igloos Hotel"
        },
        "category": "accommodation",
        "source": "osm",
        "url": "https://apukkaresort.fi",
        "fetched_at": "2026-09-13T18:20:53Z"
      },
      "geometry": {
        "type": "Point",
        "coordinates": [
          26.014946,
          66.578305
        ]
      }
    },
    {
      "type": "Feature",
      "properties": {
        "id": "osm:way/31498425",
        "name": {
          "fi": "McDonald's"
        },
        "category": "restaurant",
        "source": "osm",
        "opening_hours": "24/7",
        "fetched_at": "2026-09-13T18:20:53Z"
      },
      "geometry": {
        "type": "Point",
        "coordinates": [
          25.711231,
          66.49553
        ]
      }
    },
    {
      "type": "Feature",
      "properties": {
        "id": "osm:way/318995763",
        "name": {
          "fi": "K-Market"
        },
        "category": "shop",
        "source": "osm",
        "url": "https://www.k-ruoka.fi/kauppa/k-market-hessuntori",
        "opening_hours": "Mo-Sa 08:00-21:00; Su 10:00-21:00",
        "fetched_at": "2026-09-13T18:20:53Z"
      },
      "geometry": {
        "type": "Point",
        "coordinates": [
          25.804819,
          66.488044
        ]
      }
    },
    {
      "type": "Feature",
      "properties": {
        "id": "osm:way/319007393",
        "name": {
          "fi": "K-Market Saarenkylä"
        },
        "category": "shop",
        "source": "osm",
        "url": "https://www.k-ruoka.fi/kauppa/k-market-saarenkyla",
        "opening_hours": "Mo-Fr 06:30-22:00; Sa 09:00-09:00; Su 09:00-22:00",
        "fetched_at": "2026-09-13T18:20:53Z"
      },
      "geometry": {
        "type": "Point",
        "coordinates": [
          25.784946,
          66.516279
        ]
      }
    },
    {
      "type": "Feature",
      "properties": {
        "id": "osm:way/319012144",
        "name": {
          "fi": "K-Market"
        },
        "category": "shop",
        "source": "osm",
        "url": "https://www.k-ruoka.fi/kauppa/k-market-pekantori",
        "fetched_at": "2026-09-13T18:20:53Z"
      },
      "geometry": {
        "type": "Point",
        "coordinates": [
          25.641667,
          66.510142
        ]
      }
    },
    {
      "type": "Feature",
      "properties": {
        "id": "osm:way/347207217",
        "name": {
          "fi": "Jyrhämänkujan laavu"
        },
        "category": "lean_to",
        "source": "osm",
        "fetched_at": "2026-09-13T18:20:53Z"
      },
      "geometry": {
        "type": "Point",
        "coordinates": [
          25.73387,
          66.492694
        ]
      }
    },
    {
      "type": "Feature",
      "properties": {
        "id": "osm:way/347207392",
        "name": {
          "fi": "Kukanniemen laavu"
        },
        "category": "lean_to",
        "source": "osm",
        "fetched_at": "2026-09-13T18:20:53Z"
      },
      "geometry": {
        "type": "Point",
        "coordinates": [
          25.746292,
          66.484048
        ]
      }
    },
    {
      "type": "Feature",
      "properties": {
        "id": "osm:way/379148075",
        "name": {
          "fi": "Ounaspaviljonki"
        },
        "category": "restaurant",
        "source": "osm",
        "opening_hours": "summer",
        "fetched_at": "2026-09-13T18:20:53Z"
      },
      "geometry": {
        "type": "Point",
        "coordinates": [
          25.745744,
          66.518813
        ]
      }
    },
    {
      "type": "Feature",
      "properties": {
        "id": "osm:way/50001459",
        "name": {
          "fi": "K-Market Pöykkölä"
        },
        "category": "shop",
        "source": "osm",
        "url": "https://www.k-ruoka.fi/kauppa/k-market-poykkola",
        "fetched_at": "2026-09-13T18:20:53Z"
      },
      "geometry": {
        "type": "Point",
        "coordinates": [
          25.755577,
          66.474828
        ]
      }
    },
    {
      "type": "Feature",
      "properties": {
        "id": "osm:way/50460063",
        "name": {
          "fi": "K-Supermarket Ounasvaara"
        },
        "category": "shop",
        "source": "osm",
        "url": "https://www.k-ruoka.fi/kauppa/k-supermarket-ounasvaara",
        "opening_hours": "Mo-Fr 06:30-22:00; Sa 08:00-22:00; Su 10:00-21:00",
        "fetched_at": "2026-09-13T18:20:53Z"
      },
      "geometry": {
        "type": "Point",
        "coordinates": [
          25.753592,
          66.497907
        ]
      }
    },
    {
      "type": "Feature",
      "properties": {
        "id": "osm:way/638826900",
        "name": {
          "fi": "Piparina",
          "en": "Piparina - day cabins & dining"
        },
        "category": "restaurant",
        "source": "osm",
        "url": "https://piparina.fi/",
        "fetched_at": "2026-09-13T18:20:53Z"
      },
      "geometry": {
        "type": "Point",
        "coordinates": [
          25.850507,
          66.54383
        ]
      }
    },
    {
      "type": "Feature",
      "properties": {
        "id": "osm:way/763957383",
        "name": {
          "fi": "Napapiirin Saarituvat"
        },
        "category": "accommodation",
        "source": "osm",
        "url": "https://saarituvat.fi/",
        "fetched_at": "2026-09-13T18:20:53Z"
      },
      "geometry": {
        "type": "Point",
        "coordinates": [
          25.846318,
          66.516726
        ]
      }
    },
    {
      "type": "Feature",
      "properties": {
        "id": "osm:way/799809589",
        "name": {
          "fi": "K-Market Syväsenvaara"
        },
        "category": "shop",
        "source": "osm",
        "url": "https://www.k-ruoka.fi/kauppa/k-market-syvasenvaara",
        "opening_hours": "Mo-Fr 07:00-22:00; Sa 08:00-22:00; Su 09:00-22:00",
        "fetched_at": "2026-09-13T18:20:53Z"
      },
      "geometry": {
        "type": "Point",
        "coordinates": [
          25.786543,
          66.529911
        ]
      }
    },
    {
      "type": "Feature",
      "properties": {
        "id": "osm:way/995434097",
        "name": {
          "fi": "Glass Resort Restaurant"
        },
        "category": "restaurant",
        "source": "osm",
        "url": "https://glassresort.fi/glass-resort-restaurant-1",
        "fetched_at": "2026-09-13T18:20:53Z"
      },
      "geometry": {
        "type": "Point",
        "coordinates": [
          25.849958,
          66.541122
        ]
      }
    },
    {
      "type": "Feature",
      "properties": {
        "id": "osm:way/995434099",
        "name": {
          "fi": "Nova Skyland Restaurant"
        },
        "category": "restaurant",
        "source": "osm",
        "url": "https://novaskylandrestaurant.com",
        "fetched_at": "2026-09-13T18:20:53Z"
      },
      "geometry": {
        "type": "Point",
        "coordinates": [
          25.847944,
          66.5414
        ]
      }
    },
    {
      "type": "Feature",
      "properties": {
        "id": "osm:way/995434100",
        "name": {
          "fi": "Nova Skyland Hotel"
        },
        "category": "accommodation",
        "source": "osm",
        "url": "https://www.nova-trip.com/",
        "fetched_at": "2026-09-13T18:20:53Z"
      },
      "geometry": {
        "type": "Point",
        "coordinates": [
          25.847718,
          66.540991
        ]
      }
    },
    {
      "type": "Feature",
      "properties": {
        "id": "osm:way/995434109",
        "name": {
          "fi": "Restaurant Santa's Cuisine"
        },
        "category": "restaurant",
        "source": "osm",
        "url": "https://www.santaclausholidayvillage.fi/en/restaurants/santas-cuisine-en-us/",
        "opening_hours": "Nov-Mar: Mo-Su 07:30-16:00",
        "fetched_at": "2026-09-13T18:20:53Z"
      },
      "geometry": {
        "type": "Point",
        "coordinates": [
          25.840955,
          66.542057
        ]
      }
    },
    {
      "type": "Feature",
      "properties": {
        "id": "osm:way/995434112",
        "name": {
          "fi": "Lapland Restaurant Kotahovi"
        },
        "category": "restaurant",
        "source": "osm",
        "url": "https://www.laplandrestaurant.fi/",
        "fetched_at": "2026-09-13T18:20:53Z"
      },
      "geometry": {
        "type": "Point",
        "coordinates": [
          25.847488,
          66.542678
        ]
      }
    },
    {
      "type": "Feature",
      "properties": {
        "id": "osm:way/995434128",
        "name": {
          "fi": "Santa's Salmon Place",
          "en": "Santa's Salmon Place"
        },
        "category": "restaurant",
        "source": "osm",
        "url": "https://santas-salmon-place.com",
        "fetched_at": "2026-09-13T18:20:53Z"
      },
      "geometry": {
        "type": "Point",
        "coordinates": [
          25.845583,
          66.543805
        ]
      }
    },
    {
      "type": "Feature",
      "properties": {
        "id": "osm:way/995434145",
        "name": {
          "fi": "Metsäkartano",
          "en": "Restaurant Forest Manor"
        },
        "category": "restaurant",
        "source": "osm",
        "url": "https://santaclausvillage.info/services/restaurant-and-bars/restaurant-forest-manor-metsakartano",
        "fetched_at": "2026-09-13T18:20:53Z"
      },
      "geometry": {
        "type": "Point",
        "coordinates": [
          25.856956,
          66.543938
        ]
      }
    },
    {
      "type": "Feature",
      "properties": {
        "id": "osm:way/995444703",
        "name": {
          "fi": "Arctic TreeHouse Hotel"
        },
        "category": "accommodation",
        "source": "osm",
        "fetched_at": "2026-09-13T18:20:53Z"
      },
      "geometry": {
        "type": "Point",
        "coordinates": [
          25.801498,
          66.538671
        ]
      }
    },
    {
      "type": "Feature",
      "properties": {
        "id": "osm:way/995444704",
        "name": {
          "fi": "Arctic TreeHouse Hotel"
        },
        "category": "accommodation",
        "source": "osm",
        "url": "https://arctictreehousehotel.com/",
        "fetched_at": "2026-09-13T18:20:53Z"
      },
      "geometry": {
        "type": "Point",
        "coordinates": [
          25.800345,
          66.539369
        ]
      }
    },
    {
      "type": "Feature",
      "properties": {
        "id": "osm:way/995586351",
        "name": {
          "en": "Hotel Metsähirvas"
        },
        "category": "accommodation",
        "source": "osm",
        "url": "https://www.metsahirvas.fi",
        "fetched_at": "2026-09-13T18:20:53Z"
      },
      "geometry": {
        "type": "Point",
        "coordinates": [
          25.417602,
          66.41632
        ]
      }
    }
  ]
}
