{
  "type": "Feature",
  "properties": {
    "id": "arctic-by-cycle-santa-s-eastern-gravel-loop",
    "km": [
      0.0,
      0.049,
      0.1,
      0.15,
      0.454,
      0.725,
      1.192,
      1.339,
      1.571,
      1.592,
      1.623,
      1.829,
      1.976,
      2.128,
      2.176,
      2.238,
      2.282,
      2.317,
      2.383,
      2.436,
      2.506,
      2.644,
      3.163,
      3.297,
      3.327,
      3.437,
      3.56,
      3.631,
      3.696,
      3.822,
      3.956,
      4.075,
      4.216,
      4.289,
      4.349,
      4.491,
      4.856,
      5.096,
      5.211,
      5.709,
      5.978,
      6.135,
      6.26,
      6.495,
      6.912,
      7.275,
      7.427,
      7.698,
      7.851,
      7.906,
      8.047,
      8.099,
      8.249,
      8.324,
      8.442,
      8.557,
      8.682,
      8.762,
      8.928,
      9.024,
      9.216,
      9.436,
      9.509,
      9.813,
      9.973,
      9.995,
      10.009,
      10.184,
      10.324,
      10.379,
      10.475,
      10.542,
      10.61,
      10.728,
      11.027,
      11.466,
      12.082,
      12.145,
      12.289,
      12.418,
      12.505,
      12.637,
      12.746,
      12.92,
      13.015,
      13.47,
      13.558,
      13.688,
      13.943,
      14.088,
      14.649,
      15.024,
      15.402,
      15.619,
      15.761,
      15.985,
      16.246,
      16.352,
      16.709,
      16.831,
      17.025,
      17.276,
      17.911,
      18.695,
      18.923,
      19.217,
      19.333,
      19.511,
      19.654,
      19.973,
      20.273,
      20.507,
      20.666,
      20.861,
      21.228,
      21.361,
      21.8,
      22.44,
      22.817,
      23.016,
      23.256,
      23.319,
      23.452,
      23.54,
      23.713,
      23.963,
      24.047,
      24.131,
      24.343,
      24.699,
      24.788,
      24.99,
      25.013,
      25.088,
      25.313,
      25.483,
      25.572,
      25.733,
      25.852,
      26.149,
      26.252,
      26.677,
      26.746,
      26.908,
      26.989,
      27.624,
      27.829,
      27.899,
      27.969,
      28.162,
      28.234,
      28.703,
      28.886,
      28.946,
      29.254,
      29.337,
      29.427,
      29.649,
      29.806,
      29.905,
      29.97,
      30.065,
      30.386,
      30.415,
      30.643,
      30.705,
      30.985,
      31.149,
      31.232,
      31.272,
      31.694,
      31.763,
      31.891,
      32.174,
      32.763,
      33.301,
      33.978,
      34.019,
      34.158,
      34.185,
      34.726,
      35.107,
      35.167,
      35.602,
      35.673,
      36.915,
      37.298,
      37.497,
      37.721,
      38.083,
      38.222,
      38.464,
      38.752,
      38.822,
      38.908,
      38.964,
      39.101,
      39.195,
      39.384,
      39.561,
      39.627,
      39.693,
      40.047,
      40.197,
      40.482,
      40.582,
      40.801,
      40.936,
      41.153,
      41.216,
      41.381,
      41.498,
      41.527,
      41.813,
      41.907,
      42.136,
      42.458,
      42.59,
      42.846,
      43.039,
      43.212,
      43.322,
      43.527,
      43.748,
      43.774,
      43.914,
      44.06,
      44.448,
      44.716,
      45.14,
      45.399,
      45.612,
      46.134,
      46.237,
      46.364,
      46.594,
      46.754,
      46.866,
      47.295,
      47.462,
      47.597,
      47.74,
      47.934,
      48.116,
      48.267,
      48.573,
      49.745,
      51.531,
      52.144,
      52.613,
      53.035,
      53.823,
      54.081,
      55.069,
      55.269,
      55.444,
      55.608,
      55.758,
      56.002,
      56.444,
      56.661,
      56.746,
      56.952,
      57.244,
      57.704,
      57.808,
      58.696,
      58.762,
      59.137,
      59.2,
      59.268,
      59.359,
      59.419,
      59.978,
      60.457,
      60.628,
      60.757,
      60.88,
      61.252,
      61.625,
      61.741,
      61.813,
      62.008,
      62.128,
      62.815,
      62.917,
      63.013,
      63.095,
      63.168,
      63.434,
      63.493,
      63.54,
      63.959,
      64.17,
      64.868,
      65.738,
      66.725,
      66.957,
      67.593,
      67.721,
      67.879,
      67.997,
      68.052,
      68.313,
      68.405,
      68.489,
      68.602,
      69.014,
      69.223,
      69.32,
      69.477,
      69.832,
      69.954,
      70.424,
      70.543,
      70.721,
      70.857,
      71.353,
      71.423,
      71.677,
      71.849,
      71.976,
      72.474,
      72.873,
      73.126,
      73.21,
      73.461,
      73.514,
      73.63,
      73.832,
      74.017,
      74.169,
      74.407,
      74.512,
      74.577,
      74.67,
      74.961,
      75.547,
      75.575,
      75.685,
      75.801,
      76.146,
      76.25,
      76.379,
      76.529,
      76.713,
      76.774,
      76.928,
      76.972,
      77.04,
      77.074,
      77.254,
      77.42,
      77.485,
      77.732,
      78.12,
      78.338,
      78.806,
      79.056,
      79.191,
      79.452,
      79.555,
      79.9,
      80.066,
      80.531,
      80.651,
      80.693,
      80.76,
      80.856,
      80.95,
      81.069,
      81.547,
      82.016,
      82.316,
      82.429,
      83.317,
      83.421,
      83.588,
      84.211,
      85.277,
      86.248,
      86.506,
      88.753,
      89.019,
      89.859,
      90.109,
      90.269,
      90.442,
      90.585,
      91.212,
      91.333,
      91.594,
      92.55,
      92.661,
      92.75,
      92.817,
      92.888,
      93.253,
      93.414,
      93.521,
      95.486,
      95.837,
      95.911,
      95.962,
      96.04,
      96.597,
      96.652,
      96.709,
      96.749,
      96.933,
      96.988,
      97.315,
      97.517,
      97.597,
      97.848,
      98.075,
      98.346,
      98.387,
      98.804,
      98.885,
      100.217,
      100.282,
      101.036,
      101.11,
      101.551,
      101.617,
      102.919,
      102.986,
      103.79,
      103.922,
      104.246,
      104.452,
      104.586,
      104.659,
      104.851,
      104.954,
      104.995,
      105.15,
      105.208,
      105.263,
      105.472,
      105.76,
      105.925,
      106.276,
      106.423,
      107.047,
      107.56,
      107.608,
      107.672,
      107.83,
      107.888,
      107.984,
      108.163,
      108.229,
      108.319,
      108.871,
      109.039,
      109.126,
      109.248,
      109.351,
      110.094,
      110.412,
      110.512,
      111.006,
      111.096,
      111.409,
      111.474,
      111.539,
      111.617,
      111.832,
      111.883,
      112.715,
      112.805,
      114.083,
      114.199,
      114.374,
      114.666,
      114.746,
      115.321,
      115.381,
      115.46,
      115.527,
      115.609,
      116.731,
      116.761,
      116.817,
      116.915,
      116.982,
      117.055,
      117.271,
      117.875,
      118.25,
      118.352,
      118.39,
      118.457,
      118.988,
      119.104,
      119.159,
      119.539,
      119.602,
      119.957,
      120.012,
      120.072,
      120.318,
      120.383,
      120.699,
      120.756,
      120.881,
      120.915,
      120.976,
      121.114,
      121.137,
      121.499,
      123.167,
      123.883,
      123.974,
      124.032,
      124.263,
      124.318,
      124.463,
      124.517,
      124.561,
      124.83,
      124.991,
      125.061,
      125.275,
      125.406,
      125.463,
      125.673,
      125.702,
      125.815,
      125.851,
      125.955,
      125.977,
      126.192,
      126.287,
      126.341,
      126.839,
      126.9,
      127.078,
      127.166,
      127.337,
      127.37,
      127.411,
      127.637,
      127.687,
      127.727,
      127.987,
      128.026,
      128.291,
      128.508,
      128.611,
      128.66,
      128.897,
      129.149,
      129.183,
      129.587,
      129.621,
      129.689,
      129.913,
      130.101,
      130.175,
      130.591,
      130.961,
      131.026,
      131.334,
      132.356,
      132.452,
      132.518,
      133.704,
      133.821,
      133.998,
      134.107,
      134.235,
      134.338,
      134.454,
      134.646,
      134.706,
      136.707,
      136.775,
      137.269,
      137.466,
      138.239,
      138.695,
      138.823,
      139.087,
      139.132,
      139.199,
      139.296,
      139.415,
      140.226,
      140.282,
      141.597,
      141.714,
      141.82,
      142.263,
      142.607,
      142.617,
      142.68,
      142.717,
      142.81,
      142.903,
      142.941,
      143.004,
      143.014,
      143.358,
      143.785,
      143.906,
      144.023,
      145.339,
      145.395,
      146.206,
      146.325,
      146.422,
      146.489,
      146.534,
      147.195,
      147.666,
      147.712,
      147.756,
      148.055,
      148.081,
      148.128,
      148.358,
      148.711,
      149.333,
      149.378,
      149.563,
      149.853,
      149.924,
      150.152,
      150.198,
      150.405,
      150.579,
      150.962,
      151.168,
      151.2,
      151.225,
      151.795,
      152.088,
      152.112,
      152.311,
      152.748,
      152.765,
      152.815,
      153.002,
      153.112,
      153.302,
      153.473,
      153.496,
      153.765,
      154.058,
      154.423,
      155.331,
      155.373,
      155.685,
      156.109,
      157.596,
      157.862,
      158.581,
      159.096,
      159.396,
      159.612,
      160.229,
      160.462,
      160.641,
      161.192,
      161.603,
      162.677,
      162.82,
      162.897,
      163.453,
      163.707,
      163.986,
      164.112,
      164.466,
      165.118,
      165.267,
      165.477,
      165.656,
      165.834,
      166.046,
      166.161,
      166.321,
      166.629,
      166.976,
      167.173,
      167.868,
      169.478,
      169.629,
      170.387,
      170.986,
      171.427,
      171.475,
      171.537,
      171.746,
      172.205,
      172.382,
      172.738,
      172.978,
      174.058,
      174.871,
      174.913,
      175.048,
      175.105,
      175.559,
      176.701,
      176.885,
      177.014,
      177.275,
      177.346,
      177.382,
      177.851,
      177.904,
      178.189,
      178.267,
      178.803,
      179.131,
      179.314,
      179.381,
      180.308,
      180.347,
      180.574,
      180.621,
      180.708,
      182.19,
      182.318,
      182.554,
      183.11,
      184.303,
      184.438,
      185.773,
      185.845,
      186.378,
      186.872,
      186.95,
      187.08,
      187.136,
      187.176,
      187.206,
      187.28,
      187.324,
      187.37,
      187.449,
      187.552,
      187.604,
      187.754,
      187.96,
      188.297,
      188.339,
      188.533,
      188.565,
      188.71,
      189.33,
      189.625,
      189.671,
      189.822,
      190.292,
      190.486,
      190.508,
      190.55,
      190.578,
      190.702,
      190.751,
      190.81,
      190.968,
      191.074,
      191.097,
      191.447,
      191.555,
      191.712,
      191.832,
      191.884,
      193.12,
      193.164,
      193.376,
      193.753,
      193.805,
      193.903,
      194.187,
      194.439,
      194.699,
      195.776,
      196.142,
      196.297,
      196.564,
      196.841,
      197.215,
      197.305,
      197.651,
      197.972,
      198.246,
      198.411,
      199.43,
      199.595,
      199.902,
      199.932,
      200.208,
      200.664,
      201.427,
      201.577,
      201.942,
      202.458,
      202.589,
      202.755,
      202.907,
      203.142,
      203.194,
      203.412,
      204.034,
      204.72,
      204.766,
      205.183,
      205.362,
      205.381,
      205.524,
      205.557,
      205.977,
      206.26,
      207.256,
      207.334,
      207.637,
      207.766,
      207.975,
      208.093,
      208.318,
      208.421,
      210.125,
      210.328,
      210.426,
      210.585,
      211.121,
      211.24,
      211.507,
      211.571,
      211.688,
      212.63,
      214.222,
      214.384,
      215.769,
      215.862,
      215.977,
      216.043,
      216.645,
      216.797,
      217.196,
      217.472,
      217.638,
      218.385,
      220.415,
      221.103,
      221.801,
      222.601,
      222.762,
      222.922,
      223.071,
      223.165,
      223.706,
      223.843,
      223.864,
      223.944,
      224.016,
      224.174,
      224.341,
      224.664,
      224.863,
      224.925,
      224.954,
      224.999,
      225.093,
      225.698,
      225.88,
      225.963,
      226.113,
      226.166,
      226.332,
      226.372,
      226.504,
      226.56,
      226.629,
      226.951,
      226.972,
      227.011,
      227.921,
      228.15,
      228.251,
      228.485,
      228.513,
      228.608,
      228.633,
      228.801,
      228.871,
      229.015,
      229.032,
      229.091,
      229.175,
      229.317,
      229.434,
      229.486,
      229.602,
      229.702,
      229.891,
      229.954,
      230.013,
      230.143,
      230.252,
      230.329,
      230.351,
      230.417,
      230.587,
      230.652,
      230.801,
      230.897,
      231.033,
      231.05,
      231.64,
      231.689,
      231.765,
      232.12,
      232.24,
      232.46,
      232.612,
      232.616,
      232.81,
      233.159,
      233.193,
      233.348,
      233.404,
      233.494,
      233.519,
      233.609,
      233.74,
      233.795,
      233.937,
      234.009,
      234.045,
      234.102,
      234.175,
      234.225,
      234.29,
      234.409,
      234.499,
      234.525,
      234.615,
      234.683,
      234.779,
      234.801,
      234.863,
      234.961,
      234.981,
      234.99,
      234.999,
      235.019,
      235.149,
      235.316,
      235.442,
      235.63,
      235.686,
      235.853,
      235.959,
      236.096,
      236.313,
      236.416,
      236.495,
      236.637,
      236.881,
      237.358,
      239.037,
      239.37,
      239.775,
      240.183,
      241.048,
      241.237,
      241.412,
      241.611,
      241.696,
      241.993,
      242.078,
      242.192,
      242.308,
      242.731,
      242.954,
      242.988,
      243.278,
      243.558,
      243.918,
      243.99,
      244.55,
      245.063,
      245.166,
      245.258,
      245.367,
      245.805,
      245.911,
      246.129,
      246.4,
      246.536,
      246.569,
      246.637,
      246.801,
      246.947,
      247.064,
      247.238,
      247.299,
      247.471,
      247.765,
      247.857,
      247.922,
      247.981,
      248.097,
      248.146,
      248.208,
      248.267,
      248.329,
      248.374,
      248.518,
      248.665,
      248.911,
      248.986,
      249.066,
      249.147,
      249.208,
      249.275,
      249.332,
      249.457,
      249.555,
      249.773,
      250.054,
      250.102,
      250.254,
      250.315,
      250.473,
      250.523,
      250.577,
      250.635,
      250.73,
      250.777,
      250.821,
      250.887,
      250.934,
      250.982,
      251.04,
      251.197,
      251.242,
      251.317,
      251.383,
      251.441,
      251.569,
      251.616,
      251.664,
      251.715,
      251.772,
      251.817,
      251.861,
      251.905,
      251.948,
      252.02,
      252.094,
      252.144,
      252.193,
      252.263,
      252.323,
      252.413,
      252.543,
      252.679,
      252.796,
      252.896,
      252.95,
      253.049,
      253.134,
      253.245,
      253.326,
      253.458,
      253.482,
      253.525,
      253.666,
      253.736,
      253.821,
      253.869,
      253.973,
      254.124,
      254.196,
      254.239,
      254.31,
      254.37,
      254.414,
      254.502,
      254.598,
      254.682,
      254.752,
      254.891,
      254.971,
      255.069,
      255.137,
      255.224,
      255.358,
      255.435,
      255.514,
      255.714,
      255.789,
      255.894,
      255.961,
      255.987,
      256.102,
      256.218,
      256.251,
      256.308,
      256.481,
      256.565,
      256.652,
      256.667,
      256.68,
      256.717,
      256.845,
      256.891,
      256.926,
      256.98,
      257.229,
      257.381,
      257.567,
      257.793,
      257.882,
      257.952,
      258.03,
      258.081,
      258.139,
      258.175,
      258.234,
      258.311,
      258.361,
      258.431,
      258.497,
      258.553,
      258.587,
      258.627,
      258.713,
      258.754,
      258.912,
      259.016,
      259.057,
      259.092,
      259.238,
      259.3,
      259.401,
      259.463,
      259.515,
      259.613,
      259.723,
      259.858,
      259.962,
      260.111,
      260.173,
      260.279,
      260.37,
      260.442,
      260.482,
      260.576,
      260.692,
      260.77,
      260.85,
      261.009,
      261.098,
      261.206,
      261.403,
      261.455,
      261.489,
      261.583,
      261.732,
      261.788,
      261.858,
      261.94,
      262.071,
      262.123,
      262.137,
      262.156,
      262.211,
      262.536,
      262.673,
      262.72,
      262.852,
      262.937,
      263.019,
      263.073,
      263.245,
      263.275,
      263.385,
      263.497,
      263.583,
      263.696,
      263.805,
      263.939,
      264.103,
      264.25,
      264.653,
      264.765,
      264.879,
      264.933,
      264.98,
      265.081,
      265.191,
      265.242,
      265.36,
      265.457,
      265.572,
      265.653,
      266.053,
      266.238,
      266.359,
      266.503,
      266.707,
      266.739,
      266.824,
      266.952,
      267.033,
      267.138,
      267.321,
      267.362,
      267.555,
      267.754,
      267.809,
      267.846,
      268.338,
      268.396,
      268.611,
      268.751,
      268.796,
      268.836,
      268.885,
      268.936,
      269.028,
      269.08,
      269.153,
      269.317,
      269.431,
      269.524,
      269.755,
      269.794,
      270.082,
      270.12,
      270.217,
      270.286,
      270.324,
      270.363,
      270.732,
      270.845,
      270.935,
      271.038,
      271.18,
      271.471,
      271.754,
      271.89,
      272.083,
      272.093,
      272.124,
      272.26,
      272.328,
      272.383,
      272.403,
      272.708,
      273.211,
      273.437,
      273.485,
      273.746,
      274.088,
      274.467,
      274.646,
      274.762,
      274.892,
      275.224,
      275.578,
      275.817,
      275.971,
      276.154,
      276.302,
      276.872,
      276.977,
      277.486,
      277.781,
      278.047,
      278.105,
      278.177,
      278.254,
      279.483,
      280.041,
      280.062,
      280.33,
      280.552,
      280.706,
      281.469,
      282.123,
      282.328,
      282.49,
      282.918,
      283.065,
      283.229,
      283.424,
      283.854,
      284.093,
      287.326,
      287.49,
      287.969,
      288.148,
      288.529,
      288.983,
      289.427,
      290.373,
      290.584,
      291.705,
      291.912,
      292.26,
      292.421,
      292.574,
      292.75,
      293.242,
      293.459,
      294.147,
      294.657,
      294.807,
      294.956,
      295.22,
      295.53,
      295.821,
      296.181,
      296.299,
      296.376,
      296.482,
      296.701,
      296.808,
      297.667,
      297.819,
      298.322,
      298.753,
      298.91,
      299.294,
      299.457,
      300.262,
      300.499,
      300.902,
      301.048,
      301.258,
      302.201,
      302.427,
      302.559,
      302.709,
      303.389,
      303.577,
      303.779,
      305.717,
      306.008,
      306.672,
      306.863,
      306.968,
      307.708,
      307.882,
      308.17,
      308.41,
      309.778,
      309.892,
      310.035,
      310.305,
      311.109,
      311.324,
      311.559,
      312.443,
      312.614,
      312.744,
      313.922,
      315.527,
      315.593,
      316.551,
      316.626,
      317.416,
      317.673,
      317.754,
      317.845,
      317.913,
      318.267,
      318.371,
      319.091,
      319.896,
      320.133,
      320.867,
      321.08,
      321.204,
      321.321,
      321.477,
      321.569,
      321.777,
      321.893,
      322.025,
      322.146,
      322.194,
      322.293,
      322.332,
      322.393,
      322.55,
      322.637,
      322.854,
      322.918,
      322.947,
      322.969,
      322.995,
      323.04,
      323.159,
      323.285,
      323.386,
      323.576,
      323.696,
      323.788,
      323.948,
      324.084,
      324.178,
      324.235,
      324.437,
      324.628,
      324.728,
      325.08,
      325.663,
      325.781,
      326.211,
      326.365,
      326.5,
      326.849,
      326.876,
      327.003,
      327.115,
      327.344,
      327.443,
      327.515,
      327.61,
      327.713,
      327.916,
      328.04,
      328.301,
      328.332,
      328.402,
      328.591,
      328.777,
      328.855,
      328.963,
      329.053,
      329.221,
      329.302,
      329.456,
      329.735,
      330.026,
      330.18,
      330.592,
      330.674,
      330.741,
      330.778,
      331.105,
      331.217,
      331.286,
      331.795,
      331.923,
      331.997,
      332.09,
      333.072,
      333.173,
      333.243,
      333.294,
      333.667,
      333.733,
      333.816,
      334.001,
      334.046,
      334.095,
      334.148,
      334.837,
      334.865,
      334.902,
      334.996,
      335.058,
      336.068,
      336.326,
      336.552,
      336.817,
      337.579,
      337.843,
      337.988,
      338.135,
      338.27,
      339.219,
      339.379,
      339.689,
      340.124,
      340.314,
      340.44,
      340.606,
      340.998,
      341.236,
      341.364,
      341.616,
      341.795,
      341.959,
      342.015,
      342.195,
      342.294,
      342.932,
      343.127,
      343.34,
      343.832,
      343.889,
      343.906,
      344.034,
      344.117,
      344.281,
      344.779,
      344.864,
      344.939,
      345.282,
      345.349,
      345.407,
      345.577,
      345.692,
      345.912,
      345.948,
      346.019,
      346.089,
      346.156,
      346.262,
      346.313,
      346.362,
      346.396,
      346.457,
      346.487,
      346.58,
      346.626,
      346.929,
      347.039,
      347.271,
      347.358,
      347.477,
      347.617,
      347.766,
      348.049,
      348.09,
      348.155,
      348.345,
      348.48,
      348.536,
      348.587,
      348.752,
      348.799,
      348.904,
      349.133,
      349.347,
      349.41,
      349.506,
      349.571,
      349.74,
      349.875,
      350.032,
      350.059,
      350.179,
      350.242,
      350.311,
      350.374,
      350.621,
      350.672,
      350.781,
      350.844,
      351.112,
      351.314,
      351.561,
      351.594,
      351.669,
      351.791,
      351.848,
      353.386,
      353.857,
      353.99,
      355.262,
      355.454,
      355.617,
      355.941,
      356.008,
      356.169,
      356.271,
      356.403,
      356.494,
      357.366,
      357.462,
      357.513,
      357.583,
      357.668,
      357.934,
      357.997,
      358.076,
      358.46,
      359.003,
      359.08,
      359.203,
      359.324,
      359.904,
      360.017,
      360.207,
      360.278,
      360.356,
      360.442,
      360.567,
      360.718,
      360.772,
      361.503,
      362.133,
      362.298,
      362.416,
      362.567,
      362.713,
      363.132,
      363.525,
      363.623,
      364.091,
      364.474,
      364.557,
      364.709,
      364.916,
      365.045,
      365.164,
      365.356,
      365.516,
      365.77,
      366.036,
      366.06,
      366.307,
      366.519,
      366.582,
      366.723,
      366.807,
      366.952,
      367.11,
      367.257,
      367.424,
      367.568,
      367.658,
      367.779,
      367.826,
      367.982,
      368.045,
      368.146,
      368.194,
      368.25,
      368.549,
      368.582,
      368.622,
      368.661,
      368.822,
      368.955,
      369.07,
      369.117,
      369.302,
      369.487,
      369.534,
      369.648,
      369.782,
      369.942,
      369.982,
      370.277,
      370.396,
      370.477,
      370.66,
      370.754,
      370.832,
      370.899,
      370.978,
      371.149,
      371.241,
      371.343,
      371.71,
      371.793,
      371.944,
      372.001,
      372.232,
      372.411,
      372.672,
      372.761,
      372.926,
      373.074,
      373.111,
      373.226,
      373.306,
      373.379,
      373.664,
      373.862,
      374.054,
      374.19,
      374.286,
      374.381,
      374.493,
      374.725,
      374.772,
      374.895,
      374.963,
      375.112,
      375.389,
      375.5,
      375.655,
      375.765,
      375.944,
      376.056,
      376.359,
      376.503,
      376.681,
      376.76,
      376.967,
      377.059,
      377.674,
      377.903,
      378.02,
      378.112,
      378.434,
      378.546,
      378.586,
      379.382,
      379.465,
      379.735,
      380.232,
      380.536,
      380.841,
      381.218,
      381.813,
      383.316,
      383.634,
      384.493,
      384.789,
      385.04,
      385.239,
      385.309,
      385.488,
      385.603,
      385.77,
      385.887,
      386.194,
      386.248,
      386.385,
      386.578,
      386.624,
      387.188,
      387.235,
      387.541,
      387.75,
      387.8,
      387.915,
      388.103,
      388.407,
      388.518,
      388.657,
      388.755,
      388.857,
      389.283,
      389.385,
      389.678,
      389.765,
      389.927,
      390.359,
      390.629,
      390.855,
      391.027,
      391.169,
      391.33,
      391.514,
      391.699,
      391.963,
      392.195,
      392.415,
      392.542,
      392.591,
      392.758,
      393.695,
      395.279,
      395.457,
      395.611,
      395.735,
      397.483,
      397.586,
      397.768,
      397.85,
      398.146,
      398.282,
      398.707,
      398.883,
      399.362,
      399.716,
      400.005,
      400.073,
      400.192,
      400.355,
      400.682,
      401.103,
      401.175,
      401.237,
      401.626,
      401.891,
      402.151,
      402.218,
      402.468,
      402.58,
      403.465,
      403.544,
      403.631,
      404.105,
      404.199,
      404.538,
      404.611,
      404.833,
      405.81,
      405.908,
      406.014,
      407.35,
      407.482,
      407.561,
      408.188,
      410.141,
      410.238,
      410.67,
      410.773,
      410.889,
      411.583,
      411.854,
      412.736,
      412.826,
      413.167,
      413.397,
      413.729,
      413.796,
      413.827,
      413.918,
      414.074,
      414.273,
      414.561,
      414.67,
      414.843,
      414.87,
      415.519,
      415.62,
      415.659,
      415.706,
      415.753,
      415.792,
      415.893,
      416.072,
      416.388,
      416.543,
      416.57,
      416.744,
      416.853,
      417.141,
      417.339,
      417.495,
      417.556,
      417.617,
      417.685,
      418.017,
      418.247,
      418.588,
      419.179,
      419.298,
      419.67,
      419.858,
      420.073,
      420.171,
      420.267,
      420.53,
      420.587,
      420.659,
      420.891,
      420.974,
      421.03,
      421.417,
      421.616,
      421.7,
      421.884,
      421.991,
      422.187,
      422.295,
      422.45,
      422.796,
      423.019,
      423.273,
      423.368,
      423.452,
      423.693,
      423.899,
      424.214,
      424.287,
      424.476,
      424.819,
      424.858,
      425.437,
      425.568,
      425.705,
      425.754,
      426.31,
      426.353,
      426.486,
      426.549,
      426.699,
      426.766,
      427.03,
      427.297,
      427.421,
      427.545,
      427.684,
      428.004,
      428.639,
      428.763,
      428.983,
      429.0,
      429.104,
      429.487,
      429.626,
      429.778,
      429.858,
      430.004,
      430.125,
      430.316,
      430.42,
      430.523,
      430.64,
      430.728,
      430.93,
      430.983,
      431.275,
      431.597,
      431.778,
      431.818,
      431.887,
      432.004,
      432.107,
      432.211,
      432.375,
      432.523,
      432.669,
      432.749,
      432.901,
      433.04,
      433.423,
      433.527,
      433.544,
      433.764,
      433.888,
      434.523,
      434.606,
      434.809,
      434.92,
      435.039,
      435.32,
      435.501,
      435.951,
      436.632,
      436.764,
      436.846,
      436.994,
      437.364,
      437.501,
      438.876,
      439.683,
      441.665,
      442.011,
      442.172,
      443.079,
      443.164,
      443.218,
      443.291,
      443.395,
      445.227,
      445.335,
      445.423,
      445.509,
      446.097,
      446.189,
      446.273,
      446.678,
      446.742,
      446.837,
      447.179,
      447.979,
      448.373,
      448.543,
      448.641,
      448.729,
      449.302,
      449.433,
      449.525,
      450.176,
      450.902,
      451.229,
      451.929,
      452.645,
      453.267,
      453.365,
      453.48,
      453.807,
      453.926,
      454.048,
      454.085,
      454.196,
      454.286,
      454.504,
      454.628,
      455.287,
      455.747,
      455.86,
      455.975,
      457.2,
      457.695,
      457.879,
      459.033,
      459.257,
      459.351,
      459.596,
      459.806,
      459.968,
      460.613,
      460.985,
      461.005,
      461.063,
      461.241,
      461.606,
      461.738,
      461.815,
      461.861,
      461.959,
      462.327,
      462.34,
      462.354,
      462.722,
      462.819,
      462.865,
      462.963,
      463.186,
      463.347,
      463.462,
      463.605,
      463.688,
      463.816,
      463.991,
      464.076,
      464.192,
      464.497,
      464.692,
      464.796,
      464.878,
      465.022,
      465.184,
      465.207,
      465.413,
      465.497,
      465.74,
      465.885,
      465.97,
      466.052,
      466.324,
      466.513,
      467.084,
      467.503,
      467.756,
      467.932,
      467.963,
      467.989,
      468.045,
      468.101,
      468.507,
      468.623,
      468.848,
      469.229,
      469.564,
      469.975,
      470.076,
      470.25,
      470.325,
      470.485,
      470.511,
      470.795,
      470.89,
      470.951,
      471.028,
      471.074,
      471.187,
      471.506,
      471.744,
      471.925,
      472.255
    ]
  },
  "geometry": {
    "type": "LineString",
    "coordinates": [
      [
        25.715646,
        66.496968
      ],
      [
        25.71635,
        66.4973
      ],
      [
        25.71709,
        66.49694
      ],
      [
        25.71807,
        66.49672
      ],
      [
        25.72451,
        66.49582
      ],
      [
        25.73057,
        66.49558
      ],
      [
        25.74089,
        66.49629
      ],
      [
        25.74417,
        66.49613
      ],
      [
        25.74928,
        66.49653
      ],
      [
        25.74962,
        66.49667
      ],
      [
        25.75017,
        66.49651
      ],
      [
        25.75475,
        66.4968
      ],
      [
        25.75804,
        66.49672
      ],
      [
        25.76131,
        66.49633
      ],
      [
        25.76164,
        66.49674
      ],
      [
        25.76304,
        66.49674
      ],
      [
        25.7638,
        66.49699
      ],
      [
        25.76421,
        66.49726
      ],
      [
        25.76431,
        66.49785
      ],
      [
        25.7651,
        66.49821
      ],
      [
        25.76664,
        66.49809
      ],
      [
        25.76971,
        66.49825
      ],
      [
        25.78127,
        66.49767
      ],
      [
        25.78415,
        66.49732
      ],
      [
        25.78459,
        66.49712
      ],
      [
        25.78708,
        66.4971
      ],
      [
        25.78962,
        66.49668
      ],
      [
        25.7909,
        66.4963
      ],
      [
        25.79232,
        66.49617
      ],
      [
        25.79516,
        66.49617
      ],
      [
        25.79805,
        66.49584
      ],
      [
        25.80071,
        66.49596
      ],
      [
        25.80376,
        66.49562
      ],
      [
        25.80525,
        66.49535
      ],
      [
        25.80624,
        66.49499
      ],
      [
        25.80919,
        66.4945
      ],
      [
        25.81729,
        66.49396
      ],
      [
        25.82173,
        66.49275
      ],
      [
        25.82364,
        66.49205
      ],
      [
        25.83434,
        66.49076
      ],
      [
        25.84039,
        66.49076
      ],
      [
        25.84356,
        66.49016
      ],
      [
        25.84626,
        66.48985
      ],
      [
        25.85058,
        66.48863
      ],
      [
        25.85899,
        66.48699
      ],
      [
        25.8658,
        66.48521
      ],
      [
        25.86884,
        66.48459
      ],
      [
        25.87348,
        66.48302
      ],
      [
        25.87644,
        66.48232
      ],
      [
        25.87766,
        66.48226
      ],
      [
        25.88053,
        66.48172
      ],
      [
        25.88169,
        66.48169
      ],
      [
        25.88427,
        66.48082
      ],
      [
        25.88593,
        66.48073
      ],
      [
        25.88839,
        66.48034
      ],
      [
        25.89038,
        66.47967
      ],
      [
        25.89183,
        66.47872
      ],
      [
        25.89315,
        66.47823
      ],
      [
        25.89613,
        66.47734
      ],
      [
        25.89761,
        66.47671
      ],
      [
        25.90125,
        66.47579
      ],
      [
        25.90578,
        66.47501
      ],
      [
        25.9074,
        66.47492
      ],
      [
        25.91347,
        66.47366
      ],
      [
        25.91688,
        66.47321
      ],
      [
        25.9172,
        66.47307
      ],
      [
        25.91712,
        66.47294
      ],
      [
        25.92005,
        66.4719
      ],
      [
        25.92294,
        66.4714
      ],
      [
        25.92415,
        66.47149
      ],
      [
        25.92579,
        66.47205
      ],
      [
        25.9272,
        66.47226
      ],
      [
        25.92687,
        66.47285
      ],
      [
        25.92756,
        66.47387
      ],
      [
        25.93221,
        66.47581
      ],
      [
        25.92863,
        66.47948
      ],
      [
        25.92282,
        66.48449
      ],
      [
        25.92281,
        66.48505
      ],
      [
        25.92391,
        66.48627
      ],
      [
        25.92364,
        66.48742
      ],
      [
        25.92318,
        66.48818
      ],
      [
        25.92161,
        66.48918
      ],
      [
        25.92101,
        66.49013
      ],
      [
        25.91974,
        66.4916
      ],
      [
        25.91978,
        66.49246
      ],
      [
        25.92084,
        66.49651
      ],
      [
        25.92124,
        66.49729
      ],
      [
        25.92402,
        66.49693
      ],
      [
        25.9297,
        66.49664
      ],
      [
        25.93281,
        66.49627
      ],
      [
        25.94468,
        66.49457
      ],
      [
        25.95134,
        66.49252
      ],
      [
        25.95864,
        66.49078
      ],
      [
        25.96261,
        66.48965
      ],
      [
        25.96478,
        66.48872
      ],
      [
        25.96755,
        66.48704
      ],
      [
        25.97137,
        66.48527
      ],
      [
        25.97347,
        66.48483
      ],
      [
        25.98116,
        66.48392
      ],
      [
        25.98345,
        66.48332
      ],
      [
        25.98673,
        66.48217
      ],
      [
        25.99065,
        66.48056
      ],
      [
        25.99929,
        66.47603
      ],
      [
        26.00851,
        66.47004
      ],
      [
        26.01229,
        66.46866
      ],
      [
        26.01782,
        66.46722
      ],
      [
        26.01928,
        66.46636
      ],
      [
        26.02074,
        66.46488
      ],
      [
        26.02288,
        66.46392
      ],
      [
        26.02887,
        66.46235
      ],
      [
        26.0348,
        66.46109
      ],
      [
        26.0389,
        66.45978
      ],
      [
        26.04191,
        66.45901
      ],
      [
        26.04608,
        66.45848
      ],
      [
        26.05423,
        66.45801
      ],
      [
        26.05693,
        66.45752
      ],
      [
        26.06455,
        66.45502
      ],
      [
        26.074356,
        66.450827
      ],
      [
        26.081909,
        66.449311
      ],
      [
        26.085342,
        66.448172
      ],
      [
        26.08926,
        66.44964
      ],
      [
        26.09011,
        66.45009
      ],
      [
        26.09118,
        66.45121
      ],
      [
        26.09111,
        66.452
      ],
      [
        26.08973,
        66.45345
      ],
      [
        26.0872,
        66.45545
      ],
      [
        26.08665,
        66.45617
      ],
      [
        26.08579,
        66.45684
      ],
      [
        26.08296,
        66.45836
      ],
      [
        26.07734,
        66.46063
      ],
      [
        26.07575,
        66.46112
      ],
      [
        26.07148,
        66.46171
      ],
      [
        26.07154,
        66.46192
      ],
      [
        26.07248,
        66.46247
      ],
      [
        26.07322,
        66.46447
      ],
      [
        26.07428,
        66.46593
      ],
      [
        26.07521,
        66.46664
      ],
      [
        26.07742,
        66.46778
      ],
      [
        26.07948,
        66.46846
      ],
      [
        26.08552,
        66.46958
      ],
      [
        26.08781,
        66.4697
      ],
      [
        26.09736,
        66.46967
      ],
      [
        26.09886,
        66.46951
      ],
      [
        26.10201,
        66.4688
      ],
      [
        26.10383,
        66.46877
      ],
      [
        26.11744,
        66.47047
      ],
      [
        26.12201,
        66.47067
      ],
      [
        26.12339,
        66.47096
      ],
      [
        26.12451,
        66.47141
      ],
      [
        26.12617,
        66.473
      ],
      [
        26.12641,
        66.47364
      ],
      [
        26.12565,
        66.47784
      ],
      [
        26.12463,
        66.47943
      ],
      [
        26.12458,
        66.47996
      ],
      [
        26.12553,
        66.4827
      ],
      [
        26.12541,
        66.48344
      ],
      [
        26.12475,
        66.48421
      ],
      [
        26.12153,
        66.48572
      ],
      [
        26.11953,
        66.48688
      ],
      [
        26.11868,
        66.4877
      ],
      [
        26.11832,
        66.48827
      ],
      [
        26.1181,
        66.48912
      ],
      [
        26.11858,
        66.49199
      ],
      [
        26.11879,
        66.49223
      ],
      [
        26.12324,
        66.49325
      ],
      [
        26.12463,
        66.49328
      ],
      [
        26.13021,
        66.49212
      ],
      [
        26.13215,
        66.49087
      ],
      [
        26.13387,
        66.49115
      ],
      [
        26.13435,
        66.49145
      ],
      [
        26.13597,
        66.49518
      ],
      [
        26.13676,
        66.49572
      ],
      [
        26.13884,
        66.49651
      ],
      [
        26.14503,
        66.49706
      ],
      [
        26.15445,
        66.50078
      ],
      [
        26.15996,
        66.50507
      ],
      [
        26.17071,
        66.50936
      ],
      [
        26.17125,
        66.50966
      ],
      [
        26.17186,
        66.51088
      ],
      [
        26.1722,
        66.51109
      ],
      [
        26.18164,
        66.51414
      ],
      [
        26.18988,
        66.51506
      ],
      [
        26.19121,
        66.51493
      ],
      [
        26.19928,
        66.51274
      ],
      [
        26.20086,
        66.51266
      ],
      [
        26.22659,
        66.51699
      ],
      [
        26.23469,
        66.51582
      ],
      [
        26.23914,
        66.51564
      ],
      [
        26.244,
        66.51513
      ],
      [
        26.25209,
        66.51474
      ],
      [
        26.25487,
        66.51417
      ],
      [
        26.26,
        66.51344
      ],
      [
        26.26644,
        66.5137
      ],
      [
        26.26789,
        66.51347
      ],
      [
        26.26883,
        66.5128
      ],
      [
        26.26995,
        66.51256
      ],
      [
        26.27302,
        66.51266
      ],
      [
        26.27481,
        66.51221
      ],
      [
        26.27906,
        66.51221
      ],
      [
        26.28188,
        66.51332
      ],
      [
        26.2833,
        66.51349
      ],
      [
        26.28465,
        66.51324
      ],
      [
        26.2906,
        66.51113
      ],
      [
        26.29344,
        66.5104
      ],
      [
        26.29959,
        66.50968
      ],
      [
        26.3016,
        66.50929
      ],
      [
        26.30492,
        66.50784
      ],
      [
        26.30729,
        66.50709
      ],
      [
        26.31057,
        66.50564
      ],
      [
        26.31173,
        66.50533
      ],
      [
        26.3154,
        66.50557
      ],
      [
        26.31732,
        66.50629
      ],
      [
        26.31793,
        66.50638
      ],
      [
        26.32428,
        66.50602
      ],
      [
        26.32639,
        66.50604
      ],
      [
        26.33042,
        66.50732
      ],
      [
        26.33763,
        66.50703
      ],
      [
        26.34048,
        66.50671
      ],
      [
        26.34623,
        66.50672
      ],
      [
        26.34999,
        66.50759
      ],
      [
        26.35159,
        66.509
      ],
      [
        26.35357,
        66.50959
      ],
      [
        26.35801,
        66.51009
      ],
      [
        26.36291,
        66.50976
      ],
      [
        26.36336,
        66.50962
      ],
      [
        26.36469,
        66.50848
      ],
      [
        26.36737,
        66.50773
      ],
      [
        26.37583,
        66.50686
      ],
      [
        26.38117,
        66.50576
      ],
      [
        26.39049,
        66.50498
      ],
      [
        26.3963,
        66.50517
      ],
      [
        26.40093,
        66.50467
      ],
      [
        26.41144,
        66.50261
      ],
      [
        26.41305,
        66.50194
      ],
      [
        26.41445,
        66.50095
      ],
      [
        26.41846,
        66.49965
      ],
      [
        26.41992,
        66.49834
      ],
      [
        26.42241,
        66.49819
      ],
      [
        26.43194,
        66.49875
      ],
      [
        26.43558,
        66.49836
      ],
      [
        26.43757,
        66.49745
      ],
      [
        26.4394,
        66.4964
      ],
      [
        26.44155,
        66.49489
      ],
      [
        26.44395,
        66.49356
      ],
      [
        26.44696,
        66.49294
      ],
      [
        26.45357,
        66.49219
      ],
      [
        26.47932,
        66.49
      ],
      [
        26.518975,
        66.487655
      ],
      [
        26.531248,
        66.485165
      ],
      [
        26.541677,
        66.484559
      ],
      [
        26.551075,
        66.485014
      ],
      [
        26.568156,
        66.483185
      ],
      [
        26.572919,
        66.48186
      ],
      [
        26.57034,
        66.49066
      ],
      [
        26.56951,
        66.49242
      ],
      [
        26.56807,
        66.49388
      ],
      [
        26.56615,
        66.49514
      ],
      [
        26.564,
        66.49617
      ],
      [
        26.56001,
        66.49767
      ],
      [
        26.56668,
        66.50061
      ],
      [
        26.56889,
        66.50234
      ],
      [
        26.57002,
        66.50296
      ],
      [
        26.57336,
        66.50424
      ],
      [
        26.57625,
        66.50659
      ],
      [
        26.57748,
        66.51068
      ],
      [
        26.57789,
        66.5116
      ],
      [
        26.58471,
        66.51909
      ],
      [
        26.58473,
        66.51968
      ],
      [
        26.58395,
        66.52303
      ],
      [
        26.58413,
        66.52359
      ],
      [
        26.58464,
        66.52416
      ],
      [
        26.58583,
        66.52483
      ],
      [
        26.58687,
        66.52517
      ],
      [
        26.59857,
        66.52701
      ],
      [
        26.60816,
        66.52506
      ],
      [
        26.61189,
        66.52469
      ],
      [
        26.61478,
        66.52464
      ],
      [
        26.61752,
        66.52479
      ],
      [
        26.62554,
        66.52575
      ],
      [
        26.63393,
        66.52569
      ],
      [
        26.6364,
        66.52537
      ],
      [
        26.63766,
        66.52496
      ],
      [
        26.6404,
        66.52359
      ],
      [
        26.64265,
        66.52301
      ],
      [
        26.65719,
        66.52091
      ],
      [
        26.65913,
        66.52042
      ],
      [
        26.66046,
        66.51975
      ],
      [
        26.6612,
        66.51907
      ],
      [
        26.6614,
        66.51842
      ],
      [
        26.66089,
        66.51605
      ],
      [
        26.66114,
        66.51553
      ],
      [
        26.66167,
        66.51516
      ],
      [
        26.66904,
        66.51283
      ],
      [
        26.67337,
        66.51205
      ],
      [
        26.68888,
        66.51109
      ],
      [
        26.70739,
        66.5086
      ],
      [
        26.72937,
        66.50738
      ],
      [
        26.73417,
        66.50658
      ],
      [
        26.74665,
        66.50379
      ],
      [
        26.74943,
        66.50349
      ],
      [
        26.75298,
        66.50348
      ],
      [
        26.75483,
        66.50423
      ],
      [
        26.75589,
        66.50449
      ],
      [
        26.76148,
        66.50519
      ],
      [
        26.76355,
        66.50521
      ],
      [
        26.76543,
        66.50514
      ],
      [
        26.76784,
        66.50482
      ],
      [
        26.77634,
        66.50337
      ],
      [
        26.78093,
        66.50297
      ],
      [
        26.7831,
        66.50289
      ],
      [
        26.78661,
        66.50303
      ],
      [
        26.79409,
        66.50414
      ],
      [
        26.79681,
        66.50427
      ],
      [
        26.80719,
        66.50349
      ],
      [
        26.80962,
        66.50305
      ],
      [
        26.81274,
        66.50204
      ],
      [
        26.81556,
        66.50158
      ],
      [
        26.82671,
        66.50156
      ],
      [
        26.82817,
        66.50133
      ],
      [
        26.83237,
        66.49979
      ],
      [
        26.8357,
        66.499
      ],
      [
        26.83846,
        66.49873
      ],
      [
        26.84956,
        66.49818
      ],
      [
        26.85748,
        66.49651
      ],
      [
        26.86318,
        66.49657
      ],
      [
        26.86486,
        66.49624
      ],
      [
        26.86901,
        66.49471
      ],
      [
        26.87005,
        66.49449
      ],
      [
        26.87263,
        66.49432
      ],
      [
        26.87709,
        66.49465
      ],
      [
        26.88069,
        66.49547
      ],
      [
        26.87947,
        66.49675
      ],
      [
        26.87812,
        66.49881
      ],
      [
        26.87778,
        66.49974
      ],
      [
        26.87794,
        66.50032
      ],
      [
        26.87833,
        66.50114
      ],
      [
        26.88037,
        66.50362
      ],
      [
        26.88569,
        66.50843
      ],
      [
        26.8858,
        66.50868
      ],
      [
        26.88516,
        66.50963
      ],
      [
        26.88284,
        66.51011
      ],
      [
        26.87537,
        66.51093
      ],
      [
        26.87323,
        66.5113
      ],
      [
        26.87084,
        66.51196
      ],
      [
        26.86748,
        66.5119
      ],
      [
        26.86454,
        66.51306
      ],
      [
        26.86447,
        66.51361
      ],
      [
        26.8652,
        66.51496
      ],
      [
        26.86507,
        66.51535
      ],
      [
        26.86435,
        66.51589
      ],
      [
        26.86423,
        66.51619
      ],
      [
        26.86721,
        66.51728
      ],
      [
        26.86866,
        66.51865
      ],
      [
        26.86871,
        66.51923
      ],
      [
        26.86808,
        66.52143
      ],
      [
        26.87682,
        66.52143
      ],
      [
        26.88167,
        66.52172
      ],
      [
        26.89181,
        66.5206
      ],
      [
        26.89732,
        66.52019
      ],
      [
        26.90035,
        66.52023
      ],
      [
        26.90588,
        66.51943
      ],
      [
        26.90768,
        66.51885
      ],
      [
        26.91531,
        66.51831
      ],
      [
        26.91869,
        66.51767
      ],
      [
        26.92876,
        66.51657
      ],
      [
        26.93108,
        66.51602
      ],
      [
        26.93202,
        66.51596
      ],
      [
        26.93348,
        66.51609
      ],
      [
        26.93451,
        66.51685
      ],
      [
        26.93597,
        66.51746
      ],
      [
        26.93863,
        66.5176
      ],
      [
        26.94919,
        66.51685
      ],
      [
        26.9595,
        66.51777
      ],
      [
        26.96617,
        66.51741
      ],
      [
        26.96871,
        66.51747
      ],
      [
        26.9882,
        66.51574
      ],
      [
        26.99053,
        66.51566
      ],
      [
        26.99427,
        66.51571
      ],
      [
        27.00794,
        66.51694
      ],
      [
        27.0319,
        66.51686
      ],
      [
        27.01981,
        66.52411
      ],
      [
        27.01562,
        66.52571
      ],
      [
        26.97428,
        66.5373
      ],
      [
        26.96905,
        66.53846
      ],
      [
        26.95161,
        66.54137
      ],
      [
        26.94693,
        66.54262
      ],
      [
        26.94428,
        66.54359
      ],
      [
        26.94172,
        66.54475
      ],
      [
        26.93981,
        66.54579
      ],
      [
        26.93266,
        66.55063
      ],
      [
        26.93144,
        66.5516
      ],
      [
        26.92948,
        66.55381
      ],
      [
        26.92469,
        66.56217
      ],
      [
        26.92637,
        66.56291
      ],
      [
        26.9272,
        66.56363
      ],
      [
        26.92746,
        66.56422
      ],
      [
        26.92741,
        66.56486
      ],
      [
        26.92622,
        66.5681
      ],
      [
        26.92941,
        66.56878
      ],
      [
        26.93178,
        66.56896
      ],
      [
        26.97605,
        66.56879
      ],
      [
        26.98367,
        66.56964
      ],
      [
        26.98489,
        66.57008
      ],
      [
        26.98541,
        66.57049
      ],
      [
        26.98577,
        66.57118
      ],
      [
        26.98672,
        66.57616
      ],
      [
        26.98698,
        66.57664
      ],
      [
        26.98754,
        66.5771
      ],
      [
        26.98817,
        66.57736
      ],
      [
        26.99185,
        66.57811
      ],
      [
        26.99172,
        66.5786
      ],
      [
        26.9892,
        66.58136
      ],
      [
        26.98909,
        66.58317
      ],
      [
        26.98825,
        66.5838
      ],
      [
        26.9849,
        66.58562
      ],
      [
        26.98019,
        66.58642
      ],
      [
        26.97533,
        66.58788
      ],
      [
        26.9749,
        66.58821
      ],
      [
        26.97199,
        66.59177
      ],
      [
        26.97126,
        66.59243
      ],
      [
        26.99811,
        66.59779
      ],
      [
        26.99878,
        66.59831
      ],
      [
        27.00417,
        66.60472
      ],
      [
        27.00551,
        66.60511
      ],
      [
        27.01485,
        66.60649
      ],
      [
        27.01542,
        66.60703
      ],
      [
        27.01598,
        66.61871
      ],
      [
        27.01643,
        66.61928
      ],
      [
        27.02493,
        66.62565
      ],
      [
        27.02785,
        66.62591
      ],
      [
        27.0351,
        66.62552
      ],
      [
        27.03959,
        66.62599
      ],
      [
        27.04261,
        66.62594
      ],
      [
        27.04403,
        66.62628
      ],
      [
        27.0458,
        66.62785
      ],
      [
        27.04645,
        66.62873
      ],
      [
        27.04626,
        66.62909
      ],
      [
        27.04429,
        66.63024
      ],
      [
        27.04416,
        66.63076
      ],
      [
        27.0453,
        66.63095
      ],
      [
        27.04999,
        66.63117
      ],
      [
        27.05506,
        66.63279
      ],
      [
        27.05604,
        66.63422
      ],
      [
        27.05648,
        66.63736
      ],
      [
        27.0575,
        66.63862
      ],
      [
        27.06474,
        66.64342
      ],
      [
        27.06829,
        66.6478
      ],
      [
        27.06876,
        66.64818
      ],
      [
        27.06977,
        66.6486
      ],
      [
        27.07085,
        66.64995
      ],
      [
        27.07166,
        66.65035
      ],
      [
        27.07355,
        66.65078
      ],
      [
        27.07758,
        66.65063
      ],
      [
        27.07789,
        66.65005
      ],
      [
        27.07871,
        66.64931
      ],
      [
        27.08463,
        66.64496
      ],
      [
        27.08597,
        66.64355
      ],
      [
        27.08687,
        66.64285
      ],
      [
        27.08846,
        66.64196
      ],
      [
        27.09018,
        66.64134
      ],
      [
        27.1053,
        66.63845
      ],
      [
        27.1108,
        66.63661
      ],
      [
        27.11203,
        66.63586
      ],
      [
        27.12238,
        66.63753
      ],
      [
        27.12343,
        66.63822
      ],
      [
        27.12621,
        66.6408
      ],
      [
        27.12676,
        66.64134
      ],
      [
        27.12705,
        66.64191
      ],
      [
        27.12692,
        66.64261
      ],
      [
        27.12544,
        66.64444
      ],
      [
        27.12537,
        66.6449
      ],
      [
        27.1294,
        66.65219
      ],
      [
        27.13106,
        66.65265
      ],
      [
        27.1587,
        66.65599
      ],
      [
        27.16032,
        66.65681
      ],
      [
        27.16131,
        66.65833
      ],
      [
        27.16577,
        66.66026
      ],
      [
        27.16726,
        66.66066
      ],
      [
        27.18025,
        66.66053
      ],
      [
        27.1816,
        66.66062
      ],
      [
        27.1831,
        66.66101
      ],
      [
        27.1841,
        66.66145
      ],
      [
        27.18476,
        66.66214
      ],
      [
        27.18688,
        66.67217
      ],
      [
        27.187,
        66.67243
      ],
      [
        27.18761,
        66.67287
      ],
      [
        27.1893,
        66.67344
      ],
      [
        27.19073,
        66.67363
      ],
      [
        27.1924,
        66.67362
      ],
      [
        27.19714,
        66.67317
      ],
      [
        27.20943,
        66.67555
      ],
      [
        27.21789,
        66.67574
      ],
      [
        27.22004,
        66.67607
      ],
      [
        27.2207,
        66.67629
      ],
      [
        27.22144,
        66.67681
      ],
      [
        27.22523,
        66.68133
      ],
      [
        27.22637,
        66.68227
      ],
      [
        27.22708,
        66.68268
      ],
      [
        27.23335,
        66.685
      ],
      [
        27.23347,
        66.68557
      ],
      [
        27.23096,
        66.68859
      ],
      [
        27.23083,
        66.68908
      ],
      [
        27.23122,
        66.6896
      ],
      [
        27.23399,
        66.69151
      ],
      [
        27.2339,
        66.69209
      ],
      [
        27.22935,
        66.69428
      ],
      [
        27.22943,
        66.69479
      ],
      [
        27.23001,
        66.69589
      ],
      [
        27.22999,
        66.69619
      ],
      [
        27.2296,
        66.69672
      ],
      [
        27.22812,
        66.69781
      ],
      [
        27.22761,
        66.69784
      ],
      [
        27.22008,
        66.69657
      ],
      [
        27.21272,
        66.71124
      ],
      [
        27.19649,
        66.71117
      ],
      [
        27.19623,
        66.71198
      ],
      [
        27.19587,
        66.71248
      ],
      [
        27.19346,
        66.71432
      ],
      [
        27.194,
        66.71476
      ],
      [
        27.19448,
        66.71605
      ],
      [
        27.19481,
        66.71652
      ],
      [
        27.19472,
        66.71691
      ],
      [
        27.19187,
        66.71904
      ],
      [
        27.1913,
        66.72047
      ],
      [
        27.19187,
        66.72105
      ],
      [
        27.19283,
        66.72293
      ],
      [
        27.19281,
        66.72411
      ],
      [
        27.19296,
        66.72462
      ],
      [
        27.19421,
        66.72643
      ],
      [
        27.19468,
        66.72661
      ],
      [
        27.19724,
        66.72666
      ],
      [
        27.1978,
        66.7269
      ],
      [
        27.19853,
        66.72779
      ],
      [
        27.1986,
        66.72798
      ],
      [
        27.19816,
        66.7299
      ],
      [
        27.19884,
        66.73071
      ],
      [
        27.19901,
        66.73119
      ],
      [
        27.19766,
        66.73562
      ],
      [
        27.19771,
        66.73617
      ],
      [
        27.19827,
        66.73775
      ],
      [
        27.19792,
        66.73853
      ],
      [
        27.19895,
        66.74001
      ],
      [
        27.19894,
        66.7403
      ],
      [
        27.19855,
        66.74064
      ],
      [
        27.19509,
        66.74213
      ],
      [
        27.19453,
        66.74252
      ],
      [
        27.19452,
        66.74288
      ],
      [
        27.19572,
        66.74516
      ],
      [
        27.19567,
        66.74551
      ],
      [
        27.19399,
        66.74779
      ],
      [
        27.19054,
        66.74918
      ],
      [
        27.18937,
        66.74998
      ],
      [
        27.18845,
        66.75023
      ],
      [
        27.18308,
        66.75025
      ],
      [
        27.18356,
        66.7525
      ],
      [
        27.18386,
        66.75279
      ],
      [
        27.19159,
        66.75473
      ],
      [
        27.19235,
        66.75477
      ],
      [
        27.19372,
        66.75448
      ],
      [
        27.1988,
        66.75441
      ],
      [
        27.20272,
        66.75374
      ],
      [
        27.20432,
        66.75393
      ],
      [
        27.21136,
        66.75642
      ],
      [
        27.21293,
        66.75968
      ],
      [
        27.21409,
        66.76003
      ],
      [
        27.22109,
        66.75989
      ],
      [
        27.24287,
        66.76303
      ],
      [
        27.24505,
        66.76308
      ],
      [
        27.24652,
        66.76294
      ],
      [
        27.26903,
        66.75711
      ],
      [
        27.27167,
        66.75698
      ],
      [
        27.27546,
        66.7575
      ],
      [
        27.27787,
        66.75728
      ],
      [
        27.28031,
        66.75666
      ],
      [
        27.28174,
        66.75593
      ],
      [
        27.28201,
        66.75489
      ],
      [
        27.28319,
        66.75324
      ],
      [
        27.28389,
        66.75277
      ],
      [
        27.31855,
        66.74118
      ],
      [
        27.32006,
        66.74109
      ],
      [
        27.33045,
        66.74275
      ],
      [
        27.33492,
        66.74266
      ],
      [
        27.35227,
        66.74365
      ],
      [
        27.35727,
        66.74007
      ],
      [
        27.35892,
        66.73912
      ],
      [
        27.36182,
        66.73705
      ],
      [
        27.36274,
        66.73722
      ],
      [
        27.36395,
        66.73686
      ],
      [
        27.3652,
        66.73614
      ],
      [
        27.36713,
        66.7354
      ],
      [
        27.38254,
        66.73143
      ],
      [
        27.38336,
        66.73104
      ],
      [
        27.39735,
        66.72063
      ],
      [
        27.3999,
        66.72092
      ],
      [
        27.40229,
        66.72089
      ],
      [
        27.41123,
        66.71908
      ],
      [
        27.41872,
        66.71822
      ],
      [
        27.41889,
        66.71816
      ],
      [
        27.41841,
        66.71763
      ],
      [
        27.41841,
        66.71729
      ],
      [
        27.42051,
        66.71729
      ],
      [
        27.41841,
        66.71729
      ],
      [
        27.41841,
        66.71763
      ],
      [
        27.41889,
        66.71816
      ],
      [
        27.41872,
        66.71822
      ],
      [
        27.41123,
        66.71908
      ],
      [
        27.40263,
        66.72085
      ],
      [
        27.3999,
        66.72091
      ],
      [
        27.39736,
        66.72062
      ],
      [
        27.38336,
        66.73104
      ],
      [
        27.38254,
        66.73143
      ],
      [
        27.36713,
        66.7354
      ],
      [
        27.3652,
        66.73614
      ],
      [
        27.36395,
        66.73686
      ],
      [
        27.36274,
        66.73722
      ],
      [
        27.36182,
        66.73705
      ],
      [
        27.35424,
        66.74217
      ],
      [
        27.3495,
        66.74595
      ],
      [
        27.34958,
        66.74636
      ],
      [
        27.34929,
        66.74674
      ],
      [
        27.34666,
        66.74921
      ],
      [
        27.34618,
        66.74935
      ],
      [
        27.34717,
        66.7495
      ],
      [
        27.34585,
        66.7515
      ],
      [
        27.34515,
        66.75465
      ],
      [
        27.34448,
        66.76022
      ],
      [
        27.34418,
        66.76061
      ],
      [
        27.34388,
        66.76226
      ],
      [
        27.34463,
        66.76485
      ],
      [
        27.3444,
        66.76548
      ],
      [
        27.34257,
        66.76739
      ],
      [
        27.34153,
        66.76739
      ],
      [
        27.34009,
        66.76916
      ],
      [
        27.33859,
        66.7706
      ],
      [
        27.33464,
        66.77366
      ],
      [
        27.33283,
        66.77537
      ],
      [
        27.33337,
        66.77555
      ],
      [
        27.33351,
        66.77577
      ],
      [
        27.33515,
        66.78084
      ],
      [
        27.33458,
        66.78346
      ],
      [
        27.33481,
        66.78365
      ],
      [
        27.33556,
        66.78541
      ],
      [
        27.33621,
        66.78932
      ],
      [
        27.33611,
        66.78947
      ],
      [
        27.33509,
        66.78967
      ],
      [
        27.33645,
        66.79126
      ],
      [
        27.337,
        66.79222
      ],
      [
        27.33742,
        66.79392
      ],
      [
        27.33733,
        66.79545
      ],
      [
        27.33682,
        66.79549
      ],
      [
        27.33204,
        66.79699
      ],
      [
        27.32582,
        66.79795
      ],
      [
        27.31892,
        66.79977
      ],
      [
        27.30812,
        66.80671
      ],
      [
        27.30746,
        66.80697
      ],
      [
        27.30174,
        66.80864
      ],
      [
        27.29337,
        66.81052
      ],
      [
        27.2657,
        66.81819
      ],
      [
        27.26021,
        66.81921
      ],
      [
        27.2464,
        66.82266
      ],
      [
        27.23566,
        66.82451
      ],
      [
        27.23119,
        66.82654
      ],
      [
        27.22664,
        66.82727
      ],
      [
        27.21279,
        66.8282
      ],
      [
        27.20778,
        66.8289
      ],
      [
        27.20381,
        66.82925
      ],
      [
        27.19291,
        66.83169
      ],
      [
        27.18661,
        66.83442
      ],
      [
        27.17578,
        66.84306
      ],
      [
        27.17503,
        66.8443
      ],
      [
        27.17419,
        66.84491
      ],
      [
        27.16658,
        66.84889
      ],
      [
        27.16208,
        66.85033
      ],
      [
        27.15775,
        66.85216
      ],
      [
        27.15524,
        66.85271
      ],
      [
        27.14759,
        66.85372
      ],
      [
        27.1331,
        66.855
      ],
      [
        27.12999,
        66.85555
      ],
      [
        27.130552,
        66.853685
      ],
      [
        27.13222,
        66.852223
      ],
      [
        27.130615,
        66.85369
      ],
      [
        27.12988,
        66.855572
      ],
      [
        27.1275,
        66.856
      ],
      [
        27.1239,
        66.85625
      ],
      [
        27.11688,
        66.85637
      ],
      [
        27.10992,
        66.85784
      ],
      [
        27.10634,
        66.85891
      ],
      [
        27.09535,
        66.8634
      ],
      [
        27.06655,
        66.87234
      ],
      [
        27.06444,
        66.87341
      ],
      [
        27.05498,
        66.8791
      ],
      [
        27.04324,
        66.88185
      ],
      [
        27.038,
        66.88523
      ],
      [
        27.03722,
        66.88553
      ],
      [
        27.0359,
        66.88572
      ],
      [
        27.03112,
        66.8857
      ],
      [
        27.02073,
        66.88517
      ],
      [
        27.01702,
        66.8858
      ],
      [
        27.01951,
        66.88884
      ],
      [
        27.02375,
        66.89019
      ],
      [
        27.03848,
        66.89796
      ],
      [
        27.05482,
        66.90141
      ],
      [
        27.05545,
        66.9017
      ],
      [
        27.05648,
        66.90284
      ],
      [
        27.05654,
        66.90335
      ],
      [
        27.049875,
        66.906474
      ],
      [
        27.02387,
        66.90725
      ],
      [
        27.0199,
        66.90779
      ],
      [
        27.01699,
        66.90795
      ],
      [
        27.01292,
        66.90966
      ],
      [
        27.01208,
        66.9102
      ],
      [
        27.01202,
        66.91053
      ],
      [
        27.01276,
        66.91472
      ],
      [
        27.01291,
        66.91519
      ],
      [
        27.01486,
        66.91763
      ],
      [
        27.01474,
        66.91833
      ],
      [
        27.00858,
        66.92248
      ],
      [
        27.00313,
        66.92451
      ],
      [
        26.99941,
        66.92525
      ],
      [
        26.99854,
        66.92575
      ],
      [
        26.99148,
        66.93358
      ],
      [
        26.99145,
        66.93393
      ],
      [
        26.9922,
        66.93595
      ],
      [
        26.99257,
        66.93634
      ],
      [
        26.99391,
        66.93692
      ],
      [
        27.02388,
        66.94313
      ],
      [
        27.02596,
        66.94393
      ],
      [
        27.03063,
        66.945
      ],
      [
        27.04333,
        66.94512
      ],
      [
        27.0699,
        66.94756
      ],
      [
        27.06907,
        66.94873
      ],
      [
        27.0518,
        66.9586
      ],
      [
        27.05261,
        66.95917
      ],
      [
        27.05552,
        66.96381
      ],
      [
        27.05941,
        66.96797
      ],
      [
        27.06117,
        66.96804
      ],
      [
        27.06402,
        66.9677
      ],
      [
        27.0653,
        66.96779
      ],
      [
        27.066,
        66.96801
      ],
      [
        27.06617,
        66.96775
      ],
      [
        27.06714,
        66.9672
      ],
      [
        27.06737,
        66.96682
      ],
      [
        27.06801,
        66.96649
      ],
      [
        27.06961,
        66.96615
      ],
      [
        27.0719,
        66.96595
      ],
      [
        27.0728,
        66.96565
      ],
      [
        27.07608,
        66.96524
      ],
      [
        27.08058,
        66.96578
      ],
      [
        27.08776,
        66.96467
      ],
      [
        27.08806,
        66.96431
      ],
      [
        27.08808,
        66.96257
      ],
      [
        27.08836,
        66.9623
      ],
      [
        27.09072,
        66.96139
      ],
      [
        27.10429,
        66.95978
      ],
      [
        27.11016,
        66.95847
      ],
      [
        27.11119,
        66.95838
      ],
      [
        27.11456,
        66.95868
      ],
      [
        27.12458,
        66.95714
      ],
      [
        27.12662,
        66.9556
      ],
      [
        27.12667,
        66.9554
      ],
      [
        27.1264,
        66.95504
      ],
      [
        27.12598,
        66.95485
      ],
      [
        27.12363,
        66.95423
      ],
      [
        27.12311,
        66.95384
      ],
      [
        27.12281,
        66.95332
      ],
      [
        27.12464,
        66.9521
      ],
      [
        27.1247,
        66.95115
      ],
      [
        27.1249,
        66.95096
      ],
      [
        27.12934,
        66.94835
      ],
      [
        27.13104,
        66.94764
      ],
      [
        27.1311,
        66.94624
      ],
      [
        27.13096,
        66.94516
      ],
      [
        27.13126,
        66.94471
      ],
      [
        27.15201,
        66.93719
      ],
      [
        27.15302,
        66.93712
      ],
      [
        27.15715,
        66.93613
      ],
      [
        27.16574,
        66.93591
      ],
      [
        27.16674,
        66.93616
      ],
      [
        27.1679,
        66.93692
      ],
      [
        27.17311,
        66.93843
      ],
      [
        27.17858,
        66.93916
      ],
      [
        27.18377,
        66.93803
      ],
      [
        27.20841,
        66.93794
      ],
      [
        27.21537,
        66.93975
      ],
      [
        27.21889,
        66.93992
      ],
      [
        27.22468,
        66.94069
      ],
      [
        27.23098,
        66.94046
      ],
      [
        27.23854,
        66.93889
      ],
      [
        27.24055,
        66.93872
      ],
      [
        27.24846,
        66.9387
      ],
      [
        27.25519,
        66.93986
      ],
      [
        27.26139,
        66.94021
      ],
      [
        27.26506,
        66.93985
      ],
      [
        27.28819,
        66.93878
      ],
      [
        27.29191,
        66.93901
      ],
      [
        27.29892,
        66.93883
      ],
      [
        27.29954,
        66.93871
      ],
      [
        27.30401,
        66.93697
      ],
      [
        27.31442,
        66.93666
      ],
      [
        27.33163,
        66.93555
      ],
      [
        27.33424,
        66.93467
      ],
      [
        27.33701,
        66.93159
      ],
      [
        27.34508,
        66.92821
      ],
      [
        27.34767,
        66.92763
      ],
      [
        27.34965,
        66.92636
      ],
      [
        27.35214,
        66.92541
      ],
      [
        27.35522,
        66.92368
      ],
      [
        27.35611,
        66.92337
      ],
      [
        27.36108,
        66.9233
      ],
      [
        27.37517,
        66.92255
      ],
      [
        27.39083,
        66.92222
      ],
      [
        27.39136,
        66.92186
      ],
      [
        27.39096,
        66.91813
      ],
      [
        27.3947,
        66.91747
      ],
      [
        27.39477,
        66.9173
      ],
      [
        27.39435,
        66.91603
      ],
      [
        27.39449,
        66.91574
      ],
      [
        27.3978,
        66.91221
      ],
      [
        27.40214,
        66.91032
      ],
      [
        27.42113,
        66.90541
      ],
      [
        27.42229,
        66.90488
      ],
      [
        27.42828,
        66.90352
      ],
      [
        27.43118,
        66.90333
      ],
      [
        27.43594,
        66.90353
      ],
      [
        27.43862,
        66.90348
      ],
      [
        27.4436,
        66.90296
      ],
      [
        27.44593,
        66.90294
      ],
      [
        27.44857,
        66.91819
      ],
      [
        27.44933,
        66.91998
      ],
      [
        27.45009,
        66.92081
      ],
      [
        27.4516,
        66.92211
      ],
      [
        27.45811,
        66.92618
      ],
      [
        27.45914,
        66.92717
      ],
      [
        27.46065,
        66.92949
      ],
      [
        27.46115,
        66.93003
      ],
      [
        27.46245,
        66.93094
      ],
      [
        27.47698,
        66.93718
      ],
      [
        27.49862,
        66.94866
      ],
      [
        27.49993,
        66.95002
      ],
      [
        27.50557,
        66.96224
      ],
      [
        27.50346,
        66.96218
      ],
      [
        27.50166,
        66.96142
      ],
      [
        27.50035,
        66.96113
      ],
      [
        27.48661,
        66.96074
      ],
      [
        27.48314,
        66.96084
      ],
      [
        27.47442,
        66.9619
      ],
      [
        27.4681,
        66.96206
      ],
      [
        27.46437,
        66.9618
      ],
      [
        27.44784,
        66.96009
      ],
      [
        27.40146,
        66.96128
      ],
      [
        27.38661,
        66.96332
      ],
      [
        27.37337,
        66.96683
      ],
      [
        27.35747,
        66.97039
      ],
      [
        27.35452,
        66.97125
      ],
      [
        27.35244,
        66.97243
      ],
      [
        27.35143,
        66.97371
      ],
      [
        27.35132,
        66.97455
      ],
      [
        27.35215,
        66.97939
      ],
      [
        27.35213,
        66.98062
      ],
      [
        27.35165,
        66.98062
      ],
      [
        27.35049,
        66.98117
      ],
      [
        27.34909,
        66.98152
      ],
      [
        27.34581,
        66.98211
      ],
      [
        27.34212,
        66.98253
      ],
      [
        27.33478,
        66.9822
      ],
      [
        27.33026,
        66.9824
      ],
      [
        27.32954,
        66.98192
      ],
      [
        27.32989,
        66.9817
      ],
      [
        27.32917,
        66.9814
      ],
      [
        27.32704,
        66.98129
      ],
      [
        27.31619,
        66.98466
      ],
      [
        27.31335,
        66.98346
      ],
      [
        27.31164,
        66.98315
      ],
      [
        27.30857,
        66.98377
      ],
      [
        27.30737,
        66.98382
      ],
      [
        27.30376,
        66.98335
      ],
      [
        27.30292,
        66.9835
      ],
      [
        27.30113,
        66.98445
      ],
      [
        27.29989,
        66.98459
      ],
      [
        27.29847,
        66.98433
      ],
      [
        27.29301,
        66.98238
      ],
      [
        27.29255,
        66.98235
      ],
      [
        27.29167,
        66.98244
      ],
      [
        27.27537,
        66.98752
      ],
      [
        27.27014,
        66.98736
      ],
      [
        27.26806,
        66.98777
      ],
      [
        27.26272,
        66.98779
      ],
      [
        27.2621,
        66.98771
      ],
      [
        27.26063,
        66.98708
      ],
      [
        27.26009,
        66.987
      ],
      [
        27.25625,
        66.98698
      ],
      [
        27.25512,
        66.98654
      ],
      [
        27.25181,
        66.98657
      ],
      [
        27.25154,
        66.98668
      ],
      [
        27.2514,
        66.98721
      ],
      [
        27.2514,
        66.98796
      ],
      [
        27.25181,
        66.98922
      ],
      [
        27.25108,
        66.99023
      ],
      [
        27.25093,
        66.99069
      ],
      [
        27.25143,
        66.99172
      ],
      [
        27.251,
        66.9926
      ],
      [
        27.25114,
        66.99429
      ],
      [
        27.25055,
        66.99481
      ],
      [
        27.24956,
        66.99517
      ],
      [
        27.24659,
        66.99524
      ],
      [
        27.2466,
        66.99622
      ],
      [
        27.24631,
        66.9969
      ],
      [
        27.24638,
        66.99709
      ],
      [
        27.24718,
        66.99759
      ],
      [
        27.24819,
        66.99907
      ],
      [
        27.24744,
        66.99957
      ],
      [
        27.24651,
        67.00086
      ],
      [
        27.24483,
        67.00141
      ],
      [
        27.24297,
        67.00239
      ],
      [
        27.24306,
        67.00254
      ],
      [
        27.25251,
        67.00632
      ],
      [
        27.25358,
        67.00645
      ],
      [
        27.25407,
        67.00711
      ],
      [
        27.25133,
        67.0101
      ],
      [
        27.24994,
        67.01103
      ],
      [
        27.24889,
        67.01296
      ],
      [
        27.24904,
        67.01432
      ],
      [
        27.24894,
        67.01434
      ],
      [
        27.25017,
        67.01601
      ],
      [
        27.25301,
        67.01893
      ],
      [
        27.25233,
        67.01909
      ],
      [
        27.24886,
        67.01879
      ],
      [
        27.2476,
        67.01886
      ],
      [
        27.24631,
        67.01949
      ],
      [
        27.24578,
        67.01958
      ],
      [
        27.24437,
        67.01899
      ],
      [
        27.24137,
        67.01905
      ],
      [
        27.24056,
        67.01943
      ],
      [
        27.24006,
        67.02069
      ],
      [
        27.24031,
        67.02133
      ],
      [
        27.24008,
        67.02102
      ],
      [
        27.24011,
        67.02051
      ],
      [
        27.24049,
        67.01987
      ],
      [
        27.24056,
        67.01943
      ],
      [
        27.24163,
        67.01902
      ],
      [
        27.24437,
        67.01899
      ],
      [
        27.24578,
        67.01958
      ],
      [
        27.24631,
        67.01949
      ],
      [
        27.2476,
        67.01886
      ],
      [
        27.24915,
        67.0188
      ],
      [
        27.25131,
        67.01898
      ],
      [
        27.25138,
        67.01918
      ],
      [
        27.25279,
        67.01925
      ],
      [
        27.25413,
        67.01995
      ],
      [
        27.25451,
        67.01985
      ],
      [
        27.25441,
        67.01978
      ],
      [
        27.25451,
        67.01985
      ],
      [
        27.25413,
        67.01995
      ],
      [
        27.25532,
        67.02102
      ],
      [
        27.25656,
        67.02244
      ],
      [
        27.25701,
        67.02356
      ],
      [
        27.25705,
        67.02524
      ],
      [
        27.25692,
        67.02574
      ],
      [
        27.25602,
        67.0272
      ],
      [
        27.25448,
        67.02793
      ],
      [
        27.25353,
        67.0291
      ],
      [
        27.25129,
        67.03084
      ],
      [
        27.25064,
        67.03173
      ],
      [
        27.2497,
        67.03233
      ],
      [
        27.24839,
        67.0335
      ],
      [
        27.2446,
        67.03511
      ],
      [
        27.2357,
        67.03761
      ],
      [
        27.20329,
        67.04576
      ],
      [
        27.1966,
        67.0472
      ],
      [
        27.18807,
        67.04866
      ],
      [
        27.17917,
        67.0498
      ],
      [
        27.15988,
        67.05167
      ],
      [
        27.15558,
        67.05187
      ],
      [
        27.15161,
        67.05161
      ],
      [
        27.14755,
        67.05079
      ],
      [
        27.14609,
        67.05028
      ],
      [
        27.14163,
        67.04827
      ],
      [
        27.14015,
        67.04777
      ],
      [
        27.13786,
        67.04727
      ],
      [
        27.13531,
        67.04697
      ],
      [
        27.12574,
        67.04634
      ],
      [
        27.12061,
        67.04624
      ],
      [
        27.12014,
        67.046
      ],
      [
        27.1136,
        67.04549
      ],
      [
        27.10906,
        67.04372
      ],
      [
        27.10629,
        67.04067
      ],
      [
        27.10516,
        67.0402
      ],
      [
        27.09369,
        67.03793
      ],
      [
        27.086583,
        67.03427
      ],
      [
        27.084266,
        67.034053
      ],
      [
        27.082892,
        67.033433
      ],
      [
        27.080617,
        67.033031
      ],
      [
        27.073063,
        67.030435
      ],
      [
        27.070702,
        67.030201
      ],
      [
        27.066152,
        67.029397
      ],
      [
        27.059928,
        67.029313
      ],
      [
        27.056923,
        67.029632
      ],
      [
        27.056408,
        67.029414
      ],
      [
        27.054949,
        67.029196
      ],
      [
        27.051515,
        67.029799
      ],
      [
        27.048253,
        67.030117
      ],
      [
        27.045591,
        67.030235
      ],
      [
        27.0416,
        67.030151
      ],
      [
        27.040612,
        67.030536
      ],
      [
        27.04263,
        67.031859
      ],
      [
        27.04439,
        67.034404
      ],
      [
        27.045634,
        67.035074
      ],
      [
        27.046235,
        67.03561
      ],
      [
        27.04572,
        67.036095
      ],
      [
        27.04542,
        67.037134
      ],
      [
        27.044561,
        67.037418
      ],
      [
        27.043145,
        67.037468
      ],
      [
        27.042329,
        67.037887
      ],
      [
        27.041814,
        67.038406
      ],
      [
        27.041042,
        67.038674
      ],
      [
        27.037779,
        67.038858
      ],
      [
        27.03456,
        67.03926
      ],
      [
        27.03001,
        67.040566
      ],
      [
        27.029452,
        67.041202
      ],
      [
        27.027907,
        67.041603
      ],
      [
        27.026834,
        67.042189
      ],
      [
        27.026276,
        67.042691
      ],
      [
        27.02619,
        67.043294
      ],
      [
        27.025246,
        67.043646
      ],
      [
        27.023615,
        67.044566
      ],
      [
        27.021554,
        67.044918
      ],
      [
        27.018507,
        67.046474
      ],
      [
        27.01297,
        67.047763
      ],
      [
        27.012326,
        67.048114
      ],
      [
        27.012626,
        67.04947
      ],
      [
        27.012068,
        67.049972
      ],
      [
        27.009364,
        67.050926
      ],
      [
        27.008978,
        67.051344
      ],
      [
        27.009278,
        67.051812
      ],
      [
        27.009149,
        67.052331
      ],
      [
        27.008205,
        67.053101
      ],
      [
        27.007261,
        67.053302
      ],
      [
        27.006703,
        67.053636
      ],
      [
        27.006574,
        67.054222
      ],
      [
        27.005673,
        67.054456
      ],
      [
        27.005115,
        67.054824
      ],
      [
        27.005072,
        67.055343
      ],
      [
        27.003698,
        67.056648
      ],
      [
        27.004213,
        67.056999
      ],
      [
        27.005801,
        67.05725
      ],
      [
        27.006746,
        67.057718
      ],
      [
        27.006445,
        67.05822
      ],
      [
        27.005285,
        67.059274
      ],
      [
        27.005113,
        67.059692
      ],
      [
        27.004598,
        67.060077
      ],
      [
        27.004427,
        67.060529
      ],
      [
        27.003826,
        67.06098
      ],
      [
        27.002796,
        67.061014
      ],
      [
        27.001937,
        67.061231
      ],
      [
        27.001765,
        67.061616
      ],
      [
        27.002238,
        67.06195
      ],
      [
        27.002195,
        67.062603
      ],
      [
        27.00198,
        67.063255
      ],
      [
        27.001551,
        67.063673
      ],
      [
        27.002023,
        67.064074
      ],
      [
        27.002195,
        67.064693
      ],
      [
        27.001765,
        67.065212
      ],
      [
        27.000177,
        67.06573
      ],
      [
        26.998289,
        67.066633
      ],
      [
        26.995456,
        67.067135
      ],
      [
        26.994425,
        67.068105
      ],
      [
        26.992709,
        67.068707
      ],
      [
        26.992108,
        67.069125
      ],
      [
        26.990519,
        67.06976
      ],
      [
        26.988888,
        67.070178
      ],
      [
        26.987601,
        67.071047
      ],
      [
        26.985884,
        67.071315
      ],
      [
        26.98382,
        67.07218
      ],
      [
        26.98364,
        67.07239
      ],
      [
        26.98385,
        67.07276
      ],
      [
        26.98673,
        67.07335
      ],
      [
        26.98763,
        67.07387
      ],
      [
        26.98784,
        67.07463
      ],
      [
        26.98746,
        67.07503
      ],
      [
        26.9884,
        67.07589
      ],
      [
        26.98892,
        67.07723
      ],
      [
        26.98947,
        67.07784
      ],
      [
        26.9896,
        67.07822
      ],
      [
        26.98937,
        67.07885
      ],
      [
        26.98967,
        67.07937
      ],
      [
        26.98941,
        67.07976
      ],
      [
        26.9878,
        67.08023
      ],
      [
        26.98694,
        67.08102
      ],
      [
        26.98713,
        67.08177
      ],
      [
        26.98668,
        67.08238
      ],
      [
        26.98409,
        67.08311
      ],
      [
        26.98362,
        67.0838
      ],
      [
        26.98422,
        67.08465
      ],
      [
        26.98512,
        67.08515
      ],
      [
        26.98673,
        67.0856
      ],
      [
        26.98836,
        67.08662
      ],
      [
        26.99005,
        67.08684
      ],
      [
        26.99121,
        67.08739
      ],
      [
        26.99239,
        67.08912
      ],
      [
        26.99381,
        67.0895
      ],
      [
        26.99613,
        67.08977
      ],
      [
        26.99649,
        67.09035
      ],
      [
        26.99624,
        67.09056
      ],
      [
        26.99444,
        67.09132
      ],
      [
        26.99299,
        67.0922
      ],
      [
        26.99281,
        67.09248
      ],
      [
        26.99159,
        67.09267
      ],
      [
        26.98811,
        67.09192
      ],
      [
        26.98635,
        67.09223
      ],
      [
        26.9844,
        67.09204
      ],
      [
        26.98427,
        67.09191
      ],
      [
        26.98435,
        67.0918
      ],
      [
        26.98506,
        67.09162
      ],
      [
        26.98579,
        67.09051
      ],
      [
        26.98545,
        67.09012
      ],
      [
        26.98474,
        67.08996
      ],
      [
        26.9836,
        67.08977
      ],
      [
        26.97787,
        67.08972
      ],
      [
        26.97461,
        67.09021
      ],
      [
        26.97101,
        67.09111
      ],
      [
        26.96594,
        67.09155
      ],
      [
        26.965581,
        67.092338
      ],
      [
        26.963993,
        67.092455
      ],
      [
        26.96249,
        67.09284
      ],
      [
        26.961331,
        67.092773
      ],
      [
        26.960559,
        67.09319
      ],
      [
        26.959743,
        67.093241
      ],
      [
        26.958456,
        67.093057
      ],
      [
        26.956782,
        67.093274
      ],
      [
        26.95588,
        67.09299
      ],
      [
        26.954292,
        67.093107
      ],
      [
        26.952918,
        67.092873
      ],
      [
        26.951631,
        67.09294
      ],
      [
        26.951244,
        67.093207
      ],
      [
        26.951802,
        67.093491
      ],
      [
        26.953519,
        67.093875
      ],
      [
        26.953562,
        67.094243
      ],
      [
        26.952876,
        67.095629
      ],
      [
        26.951201,
        67.096297
      ],
      [
        26.951159,
        67.096665
      ],
      [
        26.951588,
        67.096932
      ],
      [
        26.954507,
        67.097583
      ],
      [
        26.95588,
        67.097733
      ],
      [
        26.958198,
        67.097683
      ],
      [
        26.959228,
        67.098067
      ],
      [
        26.959357,
        67.098535
      ],
      [
        26.959014,
        67.099404
      ],
      [
        26.959014,
        67.100389
      ],
      [
        26.958456,
        67.101574
      ],
      [
        26.958327,
        67.102509
      ],
      [
        26.958413,
        67.103845
      ],
      [
        26.957726,
        67.104329
      ],
      [
        26.957297,
        67.105264
      ],
      [
        26.956567,
        67.106032
      ],
      [
        26.955794,
        67.1066
      ],
      [
        26.954979,
        67.106767
      ],
      [
        26.954077,
        67.107535
      ],
      [
        26.953863,
        67.10857
      ],
      [
        26.953176,
        67.109221
      ],
      [
        26.952833,
        67.109922
      ],
      [
        26.950772,
        67.111107
      ],
      [
        26.949356,
        67.111675
      ],
      [
        26.948669,
        67.112609
      ],
      [
        26.946094,
        67.114061
      ],
      [
        26.946008,
        67.114529
      ],
      [
        26.945493,
        67.114762
      ],
      [
        26.945235,
        67.115597
      ],
      [
        26.944334,
        67.116882
      ],
      [
        26.943432,
        67.117249
      ],
      [
        26.942874,
        67.117833
      ],
      [
        26.94181,
        67.11844
      ],
      [
        26.94055,
        67.11951
      ],
      [
        26.94167,
        67.11967
      ],
      [
        26.94183,
        67.11978
      ],
      [
        26.94167,
        67.11994
      ],
      [
        26.94202,
        67.12041
      ],
      [
        26.94086,
        67.12329
      ],
      [
        26.94104,
        67.12452
      ],
      [
        26.94068,
        67.12492
      ],
      [
        26.93887,
        67.12587
      ],
      [
        26.93853,
        67.12662
      ],
      [
        26.93849,
        67.12735
      ],
      [
        26.93866,
        67.12783
      ],
      [
        26.94018,
        67.12926
      ],
      [
        26.94016,
        67.12953
      ],
      [
        26.9383,
        67.1302
      ],
      [
        26.93717,
        67.1311
      ],
      [
        26.93602,
        67.13173
      ],
      [
        26.93385,
        67.13229
      ],
      [
        26.93253,
        67.13312
      ],
      [
        26.93011,
        67.13386
      ],
      [
        26.92765,
        67.13498
      ],
      [
        26.9248,
        67.1357
      ],
      [
        26.92067,
        67.13893
      ],
      [
        26.92272,
        67.13954
      ],
      [
        26.92342,
        67.14053
      ],
      [
        26.92416,
        67.14092
      ],
      [
        26.92516,
        67.14107
      ],
      [
        26.9275,
        67.14105
      ],
      [
        26.92981,
        67.14145
      ],
      [
        26.93067,
        67.14176
      ],
      [
        26.93186,
        67.14272
      ],
      [
        26.93375,
        67.14317
      ],
      [
        26.93542,
        67.14398
      ],
      [
        26.93691,
        67.14442
      ],
      [
        26.93085,
        67.14712
      ],
      [
        26.92765,
        67.14822
      ],
      [
        26.92583,
        67.14904
      ],
      [
        26.9245,
        67.15022
      ],
      [
        26.9234,
        67.152
      ],
      [
        26.92309,
        67.15226
      ],
      [
        26.92278,
        67.15301
      ],
      [
        26.92194,
        67.15411
      ],
      [
        26.9216,
        67.15483
      ],
      [
        26.92069,
        67.1557
      ],
      [
        26.91803,
        67.15698
      ],
      [
        26.9171,
        67.15696
      ],
      [
        26.91403,
        67.1557
      ],
      [
        26.9103,
        67.15466
      ],
      [
        26.90957,
        67.15426
      ],
      [
        26.90871,
        67.15428
      ],
      [
        26.90628,
        67.15859
      ],
      [
        26.90528,
        67.15893
      ],
      [
        26.90063,
        67.15959
      ],
      [
        26.89781,
        67.16022
      ],
      [
        26.89746,
        67.1606
      ],
      [
        26.89746,
        67.16095
      ],
      [
        26.89717,
        67.16138
      ],
      [
        26.89731,
        67.16183
      ],
      [
        26.8979,
        67.16263
      ],
      [
        26.89778,
        67.16309
      ],
      [
        26.89722,
        67.16371
      ],
      [
        26.89526,
        67.16497
      ],
      [
        26.89331,
        67.16565
      ],
      [
        26.89126,
        67.1659
      ],
      [
        26.88685,
        67.16706
      ],
      [
        26.88644,
        67.16737
      ],
      [
        26.88124,
        67.16898
      ],
      [
        26.88086,
        67.16929
      ],
      [
        26.88036,
        67.17014
      ],
      [
        26.88029,
        67.17076
      ],
      [
        26.88043,
        67.17109
      ],
      [
        26.88008,
        67.17141
      ],
      [
        26.87239,
        67.17285
      ],
      [
        26.8698,
        67.17282
      ],
      [
        26.86787,
        67.17252
      ],
      [
        26.86549,
        67.17256
      ],
      [
        26.86242,
        67.1721
      ],
      [
        26.8557,
        67.17213
      ],
      [
        26.84919,
        67.17196
      ],
      [
        26.8473,
        67.17098
      ],
      [
        26.847108,
        67.169258
      ],
      [
        26.846899,
        67.169292
      ],
      [
        26.846953,
        67.169578
      ],
      [
        26.846604,
        67.170786
      ],
      [
        26.846057,
        67.17136
      ],
      [
        26.846545,
        67.171815
      ],
      [
        26.846422,
        67.171982
      ],
      [
        26.839405,
        67.172274
      ],
      [
        26.82781,
        67.17213
      ],
      [
        26.822657,
        67.172471
      ],
      [
        26.822664,
        67.172902
      ],
      [
        26.820896,
        67.175139
      ],
      [
        26.820223,
        67.178191
      ],
      [
        26.814639,
        67.180809
      ],
      [
        26.813977,
        67.182391
      ],
      [
        26.814924,
        67.183365
      ],
      [
        26.814875,
        67.184533
      ],
      [
        26.811336,
        67.187171
      ],
      [
        26.806255,
        67.189666
      ],
      [
        26.801897,
        67.190979
      ],
      [
        26.800562,
        67.192254
      ],
      [
        26.798248,
        67.193633
      ],
      [
        26.796041,
        67.194648
      ],
      [
        26.7852,
        67.19754
      ],
      [
        26.78291,
        67.19722
      ],
      [
        26.77143,
        67.19822
      ],
      [
        26.76543,
        67.19947
      ],
      [
        26.75953,
        67.20015
      ],
      [
        26.75862,
        67.20054
      ],
      [
        26.75786,
        67.20111
      ],
      [
        26.75612,
        67.20126
      ],
      [
        26.72778,
        67.20055
      ],
      [
        26.71493,
        67.20008
      ],
      [
        26.71455,
        67.19996
      ],
      [
        26.70861,
        67.200646
      ],
      [
        26.703501,
        67.200718
      ],
      [
        26.7,
        67.200444
      ],
      [
        26.683336,
        67.198211
      ],
      [
        26.668246,
        67.197801
      ],
      [
        26.663597,
        67.197458
      ],
      [
        26.660174,
        67.196871
      ],
      [
        26.652139,
        67.194635
      ],
      [
        26.649213,
        67.193963
      ],
      [
        26.645572,
        67.193566
      ],
      [
        26.64107,
        67.193432
      ],
      [
        26.641217,
        67.189577
      ],
      [
        26.641465,
        67.187435
      ],
      [
        26.64545,
        67.15849
      ],
      [
        26.645747,
        67.157025
      ],
      [
        26.647181,
        67.152766
      ],
      [
        26.647351,
        67.151162
      ],
      [
        26.646924,
        67.147751
      ],
      [
        26.647446,
        67.143678
      ],
      [
        26.647731,
        67.139699
      ],
      [
        26.647774,
        67.131215
      ],
      [
        26.647625,
        67.12933
      ],
      [
        26.645772,
        67.119303
      ],
      [
        26.64557,
        67.117449
      ],
      [
        26.645518,
        67.114331
      ],
      [
        26.645093,
        67.112889
      ],
      [
        26.644257,
        67.111558
      ],
      [
        26.642827,
        67.110079
      ],
      [
        26.637763,
        67.10614
      ],
      [
        26.635804,
        67.104351
      ],
      [
        26.630808,
        67.098495
      ],
      [
        26.626319,
        67.094271
      ],
      [
        26.624789,
        67.093063
      ],
      [
        26.622959,
        67.091928
      ],
      [
        26.61912,
        67.090102
      ],
      [
        26.613691,
        67.088301
      ],
      [
        26.607861,
        67.087017
      ],
      [
        26.6,
        67.085996
      ],
      [
        26.597272,
        67.085987
      ],
      [
        26.596223,
        67.086538
      ],
      [
        26.59426,
        67.087104
      ],
      [
        26.589588,
        67.087851
      ],
      [
        26.587526,
        67.088364
      ],
      [
        26.574334,
        67.094108
      ],
      [
        26.571807,
        67.095043
      ],
      [
        26.561155,
        67.09681
      ],
      [
        26.553135,
        67.099088
      ],
      [
        26.550789,
        67.100161
      ],
      [
        26.546354,
        67.103138
      ],
      [
        26.543903,
        67.104247
      ],
      [
        26.529186,
        67.108625
      ],
      [
        26.525251,
        67.110103
      ],
      [
        26.519423,
        67.11291
      ],
      [
        26.516841,
        67.113756
      ],
      [
        26.512579,
        67.114646
      ],
      [
        26.491776,
        67.117088
      ],
      [
        26.487393,
        67.118171
      ],
      [
        26.485228,
        67.119005
      ],
      [
        26.483274,
        67.120119
      ],
      [
        26.476574,
        67.125632
      ],
      [
        26.474208,
        67.12704
      ],
      [
        26.470946,
        67.128337
      ],
      [
        26.437423,
        67.139814
      ],
      [
        26.433234,
        67.141855
      ],
      [
        26.425454,
        67.146987
      ],
      [
        26.422628,
        67.148292
      ],
      [
        26.420815,
        67.148919
      ],
      [
        26.406514,
        67.152544
      ],
      [
        26.402895,
        67.153218
      ],
      [
        26.396639,
        67.154093
      ],
      [
        26.392045,
        67.155298
      ],
      [
        26.370247,
        67.164172
      ],
      [
        26.368369,
        67.16488
      ],
      [
        26.365684,
        67.165626
      ],
      [
        26.36,
        67.166634
      ],
      [
        26.34203,
        67.16841
      ],
      [
        26.337555,
        67.169261
      ],
      [
        26.333349,
        67.170582
      ],
      [
        26.319255,
        67.176313
      ],
      [
        26.316775,
        67.17751
      ],
      [
        26.315316,
        67.17853
      ],
      [
        26.304859,
        67.188284
      ],
      [
        26.27229,
        67.181412
      ],
      [
        26.27117,
        67.181003
      ],
      [
        26.257114,
        67.174373
      ],
      [
        26.255796,
        67.173933
      ],
      [
        26.2384,
        67.17181
      ],
      [
        26.232503,
        67.171551
      ],
      [
        26.230772,
        67.171286
      ],
      [
        26.229123,
        67.170784
      ],
      [
        26.228161,
        67.1703
      ],
      [
        26.22408,
        67.167548
      ],
      [
        26.223595,
        67.166638
      ],
      [
        26.225104,
        67.160204
      ],
      [
        26.235882,
        67.154324
      ],
      [
        26.239947,
        67.152903
      ],
      [
        26.248076,
        67.147129
      ],
      [
        26.243607,
        67.147912
      ],
      [
        26.240796,
        67.147682
      ],
      [
        26.238097,
        67.147678
      ],
      [
        26.2368,
        67.148978
      ],
      [
        26.235761,
        67.1497
      ],
      [
        26.231633,
        67.150644
      ],
      [
        26.228945,
        67.150669
      ],
      [
        26.226228,
        67.150136
      ],
      [
        26.223452,
        67.150195
      ],
      [
        26.222741,
        67.150525
      ],
      [
        26.222074,
        67.151377
      ],
      [
        26.221642,
        67.151679
      ],
      [
        26.220686,
        67.152083
      ],
      [
        26.217705,
        67.152885
      ],
      [
        26.216257,
        67.15343
      ],
      [
        26.211654,
        67.154176
      ],
      [
        26.210338,
        67.153903
      ],
      [
        26.209916,
        67.153707
      ],
      [
        26.210099,
        67.15352
      ],
      [
        26.209906,
        67.153295
      ],
      [
        26.209155,
        67.153019
      ],
      [
        26.206472,
        67.152787
      ],
      [
        26.203597,
        67.152894
      ],
      [
        26.202116,
        67.152195
      ],
      [
        26.198018,
        67.152811
      ],
      [
        26.195358,
        67.152528
      ],
      [
        26.193276,
        67.152695
      ],
      [
        26.189693,
        67.152328
      ],
      [
        26.186624,
        67.152553
      ],
      [
        26.185122,
        67.153161
      ],
      [
        26.184521,
        67.15362
      ],
      [
        26.180573,
        67.154586
      ],
      [
        26.177397,
        67.155769
      ],
      [
        26.175401,
        67.15621
      ],
      [
        26.17111,
        67.158893
      ],
      [
        26.160703,
        67.162208
      ],
      [
        26.158837,
        67.162982
      ],
      [
        26.148954,
        67.16264
      ],
      [
        26.145995,
        67.163402
      ],
      [
        26.142872,
        67.163331
      ],
      [
        26.135425,
        67.164505
      ],
      [
        26.134812,
        67.164469
      ],
      [
        26.133096,
        67.163543
      ],
      [
        26.130924,
        67.162994
      ],
      [
        26.125748,
        67.162587
      ],
      [
        26.123721,
        67.162169
      ],
      [
        26.122068,
        67.162127
      ],
      [
        26.12016,
        67.162537
      ],
      [
        26.117777,
        67.16261
      ],
      [
        26.114499,
        67.163913
      ],
      [
        26.111919,
        67.164378
      ],
      [
        26.112098,
        67.162032
      ],
      [
        26.11195,
        67.161766
      ],
      [
        26.11108,
        67.16123
      ],
      [
        26.107274,
        67.1604
      ],
      [
        26.104852,
        67.159023
      ],
      [
        26.103467,
        67.158577
      ],
      [
        26.101089,
        67.158306
      ],
      [
        26.099034,
        67.158436
      ],
      [
        26.095448,
        67.159007
      ],
      [
        26.093661,
        67.158788
      ],
      [
        26.09138,
        67.157735
      ],
      [
        26.085839,
        67.15646
      ],
      [
        26.081473,
        67.154476
      ],
      [
        26.078667,
        67.153629
      ],
      [
        26.07248,
        67.15082
      ],
      [
        26.071552,
        67.150183
      ],
      [
        26.071293,
        67.14959
      ],
      [
        26.071446,
        67.14926
      ],
      [
        26.074473,
        67.146575
      ],
      [
        26.075292,
        67.145625
      ],
      [
        26.075481,
        67.145014
      ],
      [
        26.075665,
        67.140452
      ],
      [
        26.076145,
        67.139314
      ],
      [
        26.076753,
        67.138693
      ],
      [
        26.077756,
        67.137961
      ],
      [
        26.092736,
        67.131362
      ],
      [
        26.093904,
        67.130575
      ],
      [
        26.094289,
        67.129966
      ],
      [
        26.094337,
        67.12951
      ],
      [
        26.093798,
        67.126165
      ],
      [
        26.093146,
        67.125638
      ],
      [
        26.091746,
        67.125123
      ],
      [
        26.087859,
        67.124449
      ],
      [
        26.08726,
        67.124114
      ],
      [
        26.08713,
        67.123685
      ],
      [
        26.087513,
        67.123232
      ],
      [
        26.096435,
        67.118123
      ],
      [
        26.096675,
        67.117884
      ],
      [
        26.096733,
        67.117555
      ],
      [
        26.096567,
        67.11672
      ],
      [
        26.096698,
        67.116165
      ],
      [
        26.103774,
        67.107535
      ],
      [
        26.097999,
        67.108071
      ],
      [
        26.092988,
        67.107508
      ],
      [
        26.087041,
        67.108041
      ],
      [
        26.069515,
        67.108368
      ],
      [
        26.063673,
        67.107711
      ],
      [
        26.06116,
        67.106865
      ],
      [
        26.058957,
        67.105855
      ],
      [
        26.056217,
        67.105283
      ],
      [
        26.03446,
        67.105993
      ],
      [
        26.030855,
        67.106293
      ],
      [
        26.025277,
        67.108029
      ],
      [
        26.016265,
        67.109732
      ],
      [
        26.013003,
        67.110867
      ],
      [
        26.011371,
        67.111801
      ],
      [
        26.008453,
        67.112769
      ],
      [
        25.999613,
        67.11347
      ],
      [
        25.994806,
        67.114505
      ],
      [
        25.991974,
        67.114805
      ],
      [
        25.988713,
        67.112936
      ],
      [
        25.989142,
        67.111334
      ],
      [
        25.989228,
        67.109866
      ],
      [
        25.988609,
        67.109425
      ],
      [
        25.985258,
        67.108478
      ],
      [
        25.984596,
        67.107633
      ],
      [
        25.9764,
        67.102878
      ],
      [
        25.972992,
        67.101744
      ],
      [
        25.971298,
        67.099955
      ],
      [
        25.964935,
        67.096302
      ],
      [
        25.964431,
        67.095832
      ],
      [
        25.964413,
        67.095677
      ],
      [
        25.965792,
        67.094665
      ],
      [
        25.966164,
        67.093932
      ],
      [
        25.965842,
        67.09247
      ],
      [
        25.966717,
        67.08802
      ],
      [
        25.966403,
        67.087265
      ],
      [
        25.9657,
        67.086648
      ],
      [
        25.96116,
        67.084134
      ],
      [
        25.96074,
        67.083559
      ],
      [
        25.960086,
        67.083104
      ],
      [
        25.957489,
        67.081964
      ],
      [
        25.955382,
        67.081342
      ],
      [
        25.950987,
        67.080363
      ],
      [
        25.951019,
        67.080037
      ],
      [
        25.95073,
        67.079411
      ],
      [
        25.950135,
        67.078831
      ],
      [
        25.95035,
        67.078234
      ],
      [
        25.948766,
        67.077509
      ],
      [
        25.948895,
        67.077058
      ],
      [
        25.949517,
        67.076686
      ],
      [
        25.949581,
        67.076381
      ],
      [
        25.949034,
        67.075883
      ],
      [
        25.949063,
        67.075609
      ],
      [
        25.95059,
        67.075035
      ],
      [
        25.950852,
        67.074636
      ],
      [
        25.949395,
        67.071977
      ],
      [
        25.948559,
        67.071049
      ],
      [
        25.945527,
        67.069331
      ],
      [
        25.945118,
        67.06857
      ],
      [
        25.942948,
        67.067923
      ],
      [
        25.941199,
        67.066865
      ],
      [
        25.939031,
        67.065828
      ],
      [
        25.934003,
        67.064229
      ],
      [
        25.933452,
        67.063926
      ],
      [
        25.933295,
        67.063344
      ],
      [
        25.933693,
        67.06165
      ],
      [
        25.933591,
        67.060442
      ],
      [
        25.934,
        67.059966
      ],
      [
        25.934786,
        67.059618
      ],
      [
        25.938281,
        67.059046
      ],
      [
        25.939117,
        67.058782
      ],
      [
        25.941471,
        67.058589
      ],
      [
        25.945257,
        67.057158
      ],
      [
        25.947121,
        67.055386
      ],
      [
        25.947247,
        67.054826
      ],
      [
        25.947854,
        67.053997
      ],
      [
        25.947791,
        67.053409
      ],
      [
        25.949216,
        67.052002
      ],
      [
        25.94964,
        67.050807
      ],
      [
        25.950985,
        67.049493
      ],
      [
        25.951039,
        67.049252
      ],
      [
        25.950462,
        67.048199
      ],
      [
        25.949892,
        67.047681
      ],
      [
        25.949825,
        67.047069
      ],
      [
        25.949423,
        67.046521
      ],
      [
        25.945626,
        67.044882
      ],
      [
        25.944464,
        67.044795
      ],
      [
        25.942005,
        67.044976
      ],
      [
        25.940706,
        67.045227
      ],
      [
        25.936277,
        67.046892
      ],
      [
        25.93177,
        67.047342
      ],
      [
        25.929533,
        67.045314
      ],
      [
        25.929421,
        67.045019
      ],
      [
        25.929738,
        67.044354
      ],
      [
        25.930952,
        67.04337
      ],
      [
        25.931821,
        67.04299
      ],
      [
        25.956536,
        67.033138
      ],
      [
        25.962622,
        67.029649
      ],
      [
        25.963458,
        67.028504
      ],
      [
        25.967007,
        67.017183
      ],
      [
        25.969047,
        67.015651
      ],
      [
        25.965417,
        67.015322
      ],
      [
        25.959383,
        67.013617
      ],
      [
        25.958213,
        67.013229
      ],
      [
        25.956575,
        67.011936
      ],
      [
        25.954274,
        67.011789
      ],
      [
        25.951289,
        67.012018
      ],
      [
        25.949211,
        67.011998
      ],
      [
        25.932864,
        67.007495
      ],
      [
        25.931565,
        67.006799
      ],
      [
        25.931544,
        67.006339
      ],
      [
        25.931258,
        67.005729
      ],
      [
        25.931479,
        67.004966
      ],
      [
        25.931557,
        67.002586
      ],
      [
        25.931467,
        67.002023
      ],
      [
        25.930759,
        67.001368
      ],
      [
        25.922857,
        66.999848
      ],
      [
        25.914807,
        66.996132
      ],
      [
        25.91332,
        66.995765
      ],
      [
        25.910553,
        66.995536
      ],
      [
        25.907904,
        66.995836
      ],
      [
        25.895942,
        66.998118
      ],
      [
        25.893927,
        66.998755
      ],
      [
        25.891143,
        67.000059
      ],
      [
        25.889777,
        67.000418
      ],
      [
        25.887998,
        67.000482
      ],
      [
        25.886076,
        67.00031
      ],
      [
        25.885895,
        67.001426
      ],
      [
        25.884671,
        67.002695
      ],
      [
        25.88403,
        67.003109
      ],
      [
        25.870965,
        67.007214
      ],
      [
        25.860567,
        67.011135
      ],
      [
        25.858669,
        67.012415
      ],
      [
        25.857116,
        67.013283
      ],
      [
        25.854745,
        67.014268
      ],
      [
        25.853021,
        67.015389
      ],
      [
        25.846317,
        67.018078
      ],
      [
        25.841612,
        67.021089
      ],
      [
        25.840197,
        67.021776
      ],
      [
        25.831995,
        67.024482
      ],
      [
        25.824257,
        67.026098
      ],
      [
        25.823262,
        67.026741
      ],
      [
        25.823682,
        67.028092
      ],
      [
        25.819071,
        67.027637
      ],
      [
        25.816883,
        67.026866
      ],
      [
        25.814522,
        67.02633
      ],
      [
        25.810274,
        67.025878
      ],
      [
        25.807785,
        67.024823
      ],
      [
        25.804609,
        67.022913
      ],
      [
        25.801605,
        67.020835
      ],
      [
        25.801047,
        67.020819
      ],
      [
        25.796455,
        67.022109
      ],
      [
        25.791821,
        67.022712
      ],
      [
        25.790404,
        67.022628
      ],
      [
        25.787872,
        67.023416
      ],
      [
        25.786158,
        67.02377
      ],
      [
        25.782937,
        67.023449
      ],
      [
        25.782253,
        67.022061
      ],
      [
        25.779204,
        67.021489
      ],
      [
        25.775383,
        67.021422
      ],
      [
        25.772208,
        67.02107
      ],
      [
        25.770491,
        67.020618
      ],
      [
        25.768689,
        67.019797
      ],
      [
        25.768563,
        67.01938
      ],
      [
        25.769633,
        67.018037
      ],
      [
        25.770365,
        67.017554
      ],
      [
        25.769976,
        67.016663
      ],
      [
        25.769378,
        67.016297
      ],
      [
        25.768217,
        67.016077
      ],
      [
        25.761393,
        67.015826
      ],
      [
        25.76067,
        67.01576
      ],
      [
        25.76013,
        67.01547
      ],
      [
        25.75953,
        67.01574
      ],
      [
        25.75586,
        67.01587
      ],
      [
        25.7529,
        67.01617
      ],
      [
        25.75062,
        67.01668
      ],
      [
        25.74955,
        67.01673
      ],
      [
        25.74826,
        67.01831
      ],
      [
        25.74955,
        67.01673
      ],
      [
        25.75062,
        67.01668
      ],
      [
        25.7529,
        67.01617
      ],
      [
        25.75586,
        67.01587
      ],
      [
        25.75953,
        67.01574
      ],
      [
        25.76013,
        67.01547
      ],
      [
        25.761996,
        67.012929
      ],
      [
        25.761265,
        67.011904
      ],
      [
        25.760278,
        67.011284
      ],
      [
        25.764121,
        67.01062
      ],
      [
        25.765683,
        67.010042
      ],
      [
        25.765923,
        67.009347
      ],
      [
        25.76661,
        67.00881
      ],
      [
        25.768241,
        67.008508
      ],
      [
        25.772103,
        67.008241
      ],
      [
        25.773407,
        67.007595
      ],
      [
        25.773751,
        67.00669
      ],
      [
        25.772961,
        67.003412
      ],
      [
        25.773819,
        67.002742
      ],
      [
        25.775982,
        67.001694
      ],
      [
        25.776497,
        67.001224
      ],
      [
        25.77993,
        66.999648
      ],
      [
        25.782076,
        66.998273
      ],
      [
        25.78429,
        66.996101
      ],
      [
        25.785853,
        66.995589
      ],
      [
        25.789526,
        66.995229
      ],
      [
        25.792376,
        66.994516
      ],
      [
        25.793217,
        66.994457
      ],
      [
        25.795294,
        66.995086
      ],
      [
        25.797079,
        66.995262
      ],
      [
        25.798641,
        66.995019
      ],
      [
        25.803517,
        66.993317
      ],
      [
        25.807912,
        66.992872
      ],
      [
        25.811757,
        66.992042
      ],
      [
        25.81416,
        66.99127
      ],
      [
        25.81622,
        66.990969
      ],
      [
        25.817438,
        66.990256
      ],
      [
        25.819653,
        66.989761
      ],
      [
        25.824803,
        66.990298
      ],
      [
        25.825833,
        66.990196
      ],
      [
        25.827034,
        66.98919
      ],
      [
        25.827892,
        66.988687
      ],
      [
        25.82851,
        66.98737
      ],
      [
        25.832012,
        66.985298
      ],
      [
        25.834158,
        66.984761
      ],
      [
        25.835874,
        66.983553
      ],
      [
        25.836304,
        66.98258
      ],
      [
        25.836218,
        66.980969
      ],
      [
        25.838192,
        66.980331
      ],
      [
        25.844972,
        66.979761
      ],
      [
        25.847222,
        66.978812
      ],
      [
        25.84911,
        66.977402
      ],
      [
        25.84966,
        66.976721
      ],
      [
        25.8505,
        66.974901
      ],
      [
        25.852379,
        66.974522
      ],
      [
        25.84886,
        66.969178
      ],
      [
        25.846577,
        66.967338
      ],
      [
        25.845794,
        66.966334
      ],
      [
        25.844461,
        66.965687
      ],
      [
        25.838128,
        66.964213
      ],
      [
        25.836243,
        66.963532
      ],
      [
        25.835833,
        66.963211
      ],
      [
        25.830969,
        66.956338
      ],
      [
        25.829978,
        66.955699
      ],
      [
        25.825899,
        66.953886
      ],
      [
        25.81715,
        66.951035
      ],
      [
        25.810245,
        66.9507
      ],
      [
        25.804857,
        66.948967
      ],
      [
        25.799087,
        66.946456
      ],
      [
        25.787221,
        66.943835
      ],
      [
        25.753494,
        66.941211
      ],
      [
        25.748354,
        66.939202
      ],
      [
        25.731864,
        66.935007
      ],
      [
        25.725143,
        66.935293
      ],
      [
        25.719537,
        66.93577
      ],
      [
        25.714995,
        66.935823
      ],
      [
        25.714011,
        66.935327
      ],
      [
        25.712563,
        66.933827
      ],
      [
        25.712696,
        66.932789
      ],
      [
        25.713205,
        66.931306
      ],
      [
        25.713863,
        66.930294
      ],
      [
        25.713467,
        66.927548
      ],
      [
        25.713074,
        66.927088
      ],
      [
        25.711204,
        66.926104
      ],
      [
        25.710024,
        66.924428
      ],
      [
        25.709599,
        66.924054
      ],
      [
        25.697801,
        66.922011
      ],
      [
        25.697083,
        66.921698
      ],
      [
        25.693433,
        66.919357
      ],
      [
        25.689256,
        66.918455
      ],
      [
        25.688519,
        66.918117
      ],
      [
        25.687304,
        66.917202
      ],
      [
        25.684736,
        66.91585
      ],
      [
        25.679374,
        66.914109
      ],
      [
        25.676913,
        66.913879
      ],
      [
        25.673765,
        66.914041
      ],
      [
        25.671811,
        66.913611
      ],
      [
        25.670476,
        66.912864
      ],
      [
        25.665877,
        66.909494
      ],
      [
        25.665299,
        66.908611
      ],
      [
        25.663015,
        66.90614
      ],
      [
        25.66255,
        66.905385
      ],
      [
        25.662456,
        66.903933
      ],
      [
        25.663845,
        66.900097
      ],
      [
        25.667075,
        66.898033
      ],
      [
        25.668806,
        66.89612
      ],
      [
        25.6718,
        66.895125
      ],
      [
        25.673249,
        66.893992
      ],
      [
        25.675453,
        66.892835
      ],
      [
        25.677054,
        66.891312
      ],
      [
        25.679105,
        66.889854
      ],
      [
        25.683088,
        66.888081
      ],
      [
        25.687306,
        66.886818
      ],
      [
        25.69052,
        66.885308
      ],
      [
        25.692894,
        66.88466
      ],
      [
        25.693229,
        66.88424
      ],
      [
        25.693711,
        66.882754
      ],
      [
        25.673122,
        66.880495
      ],
      [
        25.640154,
        66.874674
      ],
      [
        25.636128,
        66.874491
      ],
      [
        25.632682,
        66.874746
      ],
      [
        25.630012,
        66.875134
      ],
      [
        25.594292,
        66.8821
      ],
      [
        25.591988,
        66.882244
      ],
      [
        25.587847,
        66.882127
      ],
      [
        25.585999,
        66.882237
      ],
      [
        25.579786,
        66.883295
      ],
      [
        25.576783,
        66.883599
      ],
      [
        25.56712,
        66.883287
      ],
      [
        25.563551,
        66.88401
      ],
      [
        25.55311,
        66.88528
      ],
      [
        25.55266,
        66.88211
      ],
      [
        25.5507,
        66.87964
      ],
      [
        25.55075,
        66.87903
      ],
      [
        25.55112,
        66.87797
      ],
      [
        25.55282,
        66.87667
      ],
      [
        25.55706,
        66.87426
      ],
      [
        25.56154,
        66.87092
      ],
      [
        25.56177,
        66.87028
      ],
      [
        25.56168,
        66.86973
      ],
      [
        25.55875,
        66.86643
      ],
      [
        25.55835,
        66.86406
      ],
      [
        25.5571,
        66.86178
      ],
      [
        25.55735,
        66.86119
      ],
      [
        25.56013,
        66.85923
      ],
      [
        25.5618,
        66.85847
      ],
      [
        25.5797,
        66.85483
      ],
      [
        25.58114,
        66.8544
      ],
      [
        25.58206,
        66.85371
      ],
      [
        25.58464,
        66.84958
      ],
      [
        25.58579,
        66.84887
      ],
      [
        25.59117,
        66.84669
      ],
      [
        25.59263,
        66.84638
      ],
      [
        25.59757,
        66.84594
      ],
      [
        25.61522,
        66.84061
      ],
      [
        25.6172,
        66.8402
      ],
      [
        25.6196,
        66.84008
      ],
      [
        25.64999,
        66.8406
      ],
      [
        25.653,
        66.8405
      ],
      [
        25.65446,
        66.84009
      ],
      [
        25.66464,
        66.83614
      ],
      [
        25.70155,
        66.82638
      ],
      [
        25.70314,
        66.82578
      ],
      [
        25.70947,
        66.82281
      ],
      [
        25.71123,
        66.8222
      ],
      [
        25.7137,
        66.82184
      ],
      [
        25.72935,
        66.821
      ],
      [
        25.73538,
        66.82048
      ],
      [
        25.7515,
        66.81578
      ],
      [
        25.75281,
        66.81516
      ],
      [
        25.75936,
        66.81681
      ],
      [
        25.76305,
        66.81827
      ],
      [
        25.76672,
        66.82087
      ],
      [
        25.76695,
        66.82147
      ],
      [
        25.76689,
        66.82174
      ],
      [
        25.76615,
        66.82251
      ],
      [
        25.76274,
        66.8229
      ],
      [
        25.75905,
        66.82392
      ],
      [
        25.75308,
        66.82499
      ],
      [
        25.75138,
        66.8257
      ],
      [
        25.75015,
        66.82718
      ],
      [
        25.74976,
        66.82737
      ],
      [
        25.73728,
        66.83048
      ],
      [
        25.73649,
        66.82963
      ],
      [
        25.73599,
        66.82934
      ],
      [
        25.73492,
        66.82936
      ],
      [
        25.73599,
        66.82934
      ],
      [
        25.73649,
        66.82963
      ],
      [
        25.73728,
        66.83048
      ],
      [
        25.74081,
        66.82968
      ],
      [
        25.74666,
        66.82804
      ],
      [
        25.74976,
        66.82737
      ],
      [
        25.75015,
        66.82718
      ],
      [
        25.75138,
        66.8257
      ],
      [
        25.75308,
        66.82499
      ],
      [
        25.75905,
        66.82392
      ],
      [
        25.76274,
        66.8229
      ],
      [
        25.76615,
        66.82251
      ],
      [
        25.76674,
        66.82201
      ],
      [
        25.76695,
        66.82147
      ],
      [
        25.76672,
        66.82087
      ],
      [
        25.76305,
        66.81827
      ],
      [
        25.75936,
        66.81681
      ],
      [
        25.75281,
        66.81516
      ],
      [
        25.75933,
        66.81053
      ],
      [
        25.76083,
        66.80964
      ],
      [
        25.76621,
        66.80707
      ],
      [
        25.76829,
        66.80559
      ],
      [
        25.77018,
        66.80381
      ],
      [
        25.77063,
        66.80295
      ],
      [
        25.77065,
        66.80209
      ],
      [
        25.76982,
        66.79976
      ],
      [
        25.77004,
        66.79925
      ],
      [
        25.77077,
        66.79868
      ],
      [
        25.77467,
        66.79727
      ],
      [
        25.77562,
        66.79663
      ],
      [
        25.77596,
        66.79615
      ],
      [
        25.77377,
        66.79278
      ],
      [
        25.77128,
        66.7913
      ],
      [
        25.7712,
        66.79054
      ],
      [
        25.76996,
        66.78897
      ],
      [
        25.76958,
        66.78802
      ],
      [
        25.76943,
        66.78626
      ],
      [
        25.76963,
        66.7853
      ],
      [
        25.77041,
        66.78394
      ],
      [
        25.7741,
        66.7812
      ],
      [
        25.77848,
        66.7802
      ],
      [
        25.78378,
        66.77929
      ],
      [
        25.78523,
        66.77866
      ],
      [
        25.78623,
        66.77802
      ],
      [
        25.78594,
        66.77586
      ],
      [
        25.78702,
        66.77407
      ],
      [
        25.78781,
        66.77126
      ],
      [
        25.78734,
        66.77063
      ],
      [
        25.78522,
        66.76916
      ],
      [
        25.78289,
        66.76622
      ],
      [
        25.7828,
        66.76588
      ],
      [
        25.78457,
        66.76073
      ],
      [
        25.78524,
        66.75959
      ],
      [
        25.7848,
        66.75837
      ],
      [
        25.78481,
        66.75793
      ],
      [
        25.79049,
        66.75348
      ],
      [
        25.79072,
        66.7531
      ],
      [
        25.79071,
        66.75191
      ],
      [
        25.79045,
        66.75136
      ],
      [
        25.78794,
        66.75044
      ],
      [
        25.78718,
        66.74992
      ],
      [
        25.78707,
        66.74756
      ],
      [
        25.78507,
        66.7453
      ],
      [
        25.78493,
        66.74419
      ],
      [
        25.78582,
        66.74313
      ],
      [
        25.78615,
        66.74189
      ],
      [
        25.78552,
        66.73903
      ],
      [
        25.79991,
        66.73878
      ],
      [
        25.80244,
        66.73925
      ],
      [
        25.80588,
        66.74069
      ],
      [
        25.80625,
        66.74069
      ],
      [
        25.80834,
        66.74025
      ],
      [
        25.81666,
        66.73927
      ],
      [
        25.81951,
        66.73873
      ],
      [
        25.82293,
        66.73861
      ],
      [
        25.82433,
        66.73907
      ],
      [
        25.82529,
        66.74032
      ],
      [
        25.82805,
        66.74036
      ],
      [
        25.83227,
        66.74073
      ],
      [
        25.83269,
        66.74165
      ],
      [
        25.8325,
        66.74257
      ],
      [
        25.83121,
        66.74349
      ],
      [
        25.83094,
        66.74427
      ],
      [
        25.83281,
        66.74592
      ],
      [
        25.83349,
        66.74631
      ],
      [
        25.8307,
        66.748685
      ],
      [
        25.83281,
        66.74592
      ],
      [
        25.83104,
        66.74445
      ],
      [
        25.83092,
        66.7441
      ],
      [
        25.83121,
        66.74349
      ],
      [
        25.8325,
        66.74257
      ],
      [
        25.83269,
        66.74165
      ],
      [
        25.83227,
        66.74073
      ],
      [
        25.82864,
        66.7404
      ],
      [
        25.82529,
        66.74032
      ],
      [
        25.82433,
        66.73907
      ],
      [
        25.82293,
        66.73861
      ],
      [
        25.81951,
        66.73873
      ],
      [
        25.81666,
        66.73927
      ],
      [
        25.80834,
        66.74025
      ],
      [
        25.80625,
        66.74069
      ],
      [
        25.80588,
        66.74069
      ],
      [
        25.80244,
        66.73925
      ],
      [
        25.79991,
        66.73878
      ],
      [
        25.78552,
        66.73903
      ],
      [
        25.78504,
        66.73831
      ],
      [
        25.78291,
        66.73669
      ],
      [
        25.78228,
        66.73573
      ],
      [
        25.78201,
        66.73467
      ],
      [
        25.78306,
        66.73218
      ],
      [
        25.78338,
        66.73056
      ],
      [
        25.78255,
        66.72654
      ],
      [
        25.78353,
        66.72045
      ],
      [
        25.78328,
        66.71927
      ],
      [
        25.78295,
        66.71854
      ],
      [
        25.78196,
        66.71728
      ],
      [
        25.77835,
        66.71428
      ],
      [
        25.77678,
        66.71322
      ],
      [
        25.75807,
        66.70336
      ],
      [
        25.75029,
        66.69682
      ],
      [
        25.72678,
        66.68168
      ],
      [
        25.72128,
        66.67947
      ],
      [
        25.7184,
        66.67858
      ],
      [
        25.70053,
        66.67459
      ],
      [
        25.69906,
        66.6741
      ],
      [
        25.69847,
        66.67367
      ],
      [
        25.69818,
        66.67303
      ],
      [
        25.69853,
        66.67211
      ],
      [
        25.70683,
        66.65601
      ],
      [
        25.70707,
        66.65505
      ],
      [
        25.70671,
        66.65427
      ],
      [
        25.70584,
        66.65358
      ],
      [
        25.69671,
        66.64975
      ],
      [
        25.69558,
        66.64906
      ],
      [
        25.69502,
        66.64834
      ],
      [
        25.69344,
        66.64476
      ],
      [
        25.69354,
        66.64419
      ],
      [
        25.69426,
        66.64339
      ],
      [
        25.69888,
        66.64093
      ],
      [
        25.7127,
        66.63631
      ],
      [
        25.7205,
        66.63461
      ],
      [
        25.7229,
        66.63342
      ],
      [
        25.72384,
        66.63262
      ],
      [
        25.72435,
        66.63186
      ],
      [
        25.7245,
        66.62672
      ],
      [
        25.72498,
        66.62556
      ],
      [
        25.72572,
        66.62479
      ],
      [
        25.73289,
        66.61969
      ],
      [
        25.74374,
        66.61481
      ],
      [
        25.74818,
        66.61247
      ],
      [
        25.76158,
        66.60915
      ],
      [
        25.77188,
        66.60421
      ],
      [
        25.78306,
        66.60084
      ],
      [
        25.78445,
        66.60015
      ],
      [
        25.78569,
        66.59925
      ],
      [
        25.78748,
        66.5964
      ],
      [
        25.78854,
        66.59542
      ],
      [
        25.79079,
        66.5948
      ],
      [
        25.79163,
        66.59475
      ],
      [
        25.79147,
        66.59376
      ],
      [
        25.79195,
        66.59297
      ],
      [
        25.79445,
        66.59129
      ],
      [
        25.79547,
        66.59026
      ],
      [
        25.79775,
        66.58442
      ],
      [
        25.79912,
        66.58033
      ],
      [
        25.79938,
        66.57932
      ],
      [
        25.79938,
        66.57829
      ],
      [
        25.79679,
        66.56735
      ],
      [
        25.79555,
        66.56294
      ],
      [
        25.79457,
        66.56134
      ],
      [
        25.78744,
        66.55139
      ],
      [
        25.79225,
        66.55077
      ],
      [
        25.79436,
        66.55082
      ],
      [
        25.79978,
        66.55043
      ],
      [
        25.80401,
        66.54958
      ],
      [
        25.80755,
        66.54924
      ],
      [
        25.82204,
        66.54893
      ],
      [
        25.83034,
        66.5494
      ],
      [
        25.83044,
        66.54923
      ],
      [
        25.8301,
        66.54872
      ],
      [
        25.83073,
        66.54715
      ],
      [
        25.83117,
        66.54388
      ],
      [
        25.831543,
        66.542703
      ],
      [
        25.83327,
        66.54267
      ],
      [
        25.83419,
        66.54286
      ],
      [
        25.83638,
        66.5429
      ],
      [
        25.84441,
        66.54372
      ],
      [
        25.8444,
        66.5436
      ],
      [
        25.84441,
        66.54372
      ],
      [
        25.83638,
        66.5429
      ],
      [
        25.83419,
        66.54286
      ],
      [
        25.83327,
        66.54267
      ],
      [
        25.83108,
        66.54268
      ],
      [
        25.82632,
        66.54204
      ],
      [
        25.82273,
        66.54222
      ],
      [
        25.82023,
        66.54196
      ],
      [
        25.817,
        66.54197
      ],
      [
        25.81739,
        66.54124
      ],
      [
        25.81761,
        66.5401
      ],
      [
        25.81846,
        66.53857
      ],
      [
        25.81911,
        66.53785
      ],
      [
        25.82034,
        66.53693
      ],
      [
        25.82444,
        66.53474
      ],
      [
        25.82585,
        66.53308
      ],
      [
        25.82595,
        66.53215
      ],
      [
        25.8264,
        66.53144
      ],
      [
        25.82562,
        66.53019
      ],
      [
        25.82392,
        66.5289
      ],
      [
        25.82399,
        66.5287
      ],
      [
        25.82317,
        66.52688
      ],
      [
        25.82301,
        66.52613
      ],
      [
        25.82298,
        66.52395
      ],
      [
        25.82359,
        66.52267
      ],
      [
        25.82338,
        66.52191
      ],
      [
        25.82268,
        66.52123
      ],
      [
        25.81889,
        66.51932
      ],
      [
        25.81467,
        66.51913
      ],
      [
        25.80254,
        66.51744
      ],
      [
        25.79333,
        66.51668
      ],
      [
        25.78833,
        66.5156
      ],
      [
        25.78436,
        66.51553
      ],
      [
        25.78437,
        66.51526
      ],
      [
        25.78494,
        66.5152
      ],
      [
        25.7855,
        66.51475
      ],
      [
        25.78537,
        66.51425
      ],
      [
        25.78064,
        66.51114
      ],
      [
        25.77875,
        66.51042
      ],
      [
        25.77411,
        66.50961
      ],
      [
        25.76571,
        66.50894
      ],
      [
        25.75862,
        66.50794
      ],
      [
        25.75077,
        66.506
      ],
      [
        25.7493,
        66.50531
      ],
      [
        25.74794,
        66.50385
      ],
      [
        25.74766,
        66.50318
      ],
      [
        25.74608,
        66.50189
      ],
      [
        25.74645,
        66.50172
      ],
      [
        25.74511,
        66.49923
      ],
      [
        25.744,
        66.4985
      ],
      [
        25.74386,
        66.49795
      ],
      [
        25.74339,
        66.49729
      ],
      [
        25.74281,
        66.49695
      ],
      [
        25.74089,
        66.49629
      ],
      [
        25.73387,
        66.49572
      ],
      [
        25.72853,
        66.49557
      ],
      [
        25.72451,
        66.49582
      ],
      [
        25.71759,
        66.49687
      ]
    ]
  }
}
